
============================================================
Vender Resale — Nightly Research — 2026-06-01 02:00
============================================================


[2026-06-01 02:00] Scraping 5 competitor sites...
[FETCH]... ↓ https://plugforinmates.com/collections/all                         
| ✓ | ⏱: 6.25s 
[SCRAPE].. ◆ https://plugforinmates.com/collections/all                         
| ✓ | ⏱: 0.04s 
[COMPLETE] ● https://plugforinmates.com/collections/all                         
| ✓ | ⏱: 6.32s 
  [plugforinmates] https://plugforinmates.com/collections/all → 0 products
[SCRAPE].. ◆ Some images failed to load within timeout 
[SCRAPE].. ◆ Some images failed to load within timeout 
[FETCH]... ↓ https://skyesthelimitcatalog.com/                                  
| ✓ | ⏱: 12.46s 
[SCRAPE].. ◆ https://skyesthelimitcatalog.com/                                  
| ✓ | ⏱: 0.63s 
[COMPLETE] ● https://skyesthelimitcatalog.com/                                  
| ✓ | ⏱: 13.27s 
  [skyesthelimit] https://skyesthelimitcatalog.com/ → 2 products
[FETCH]... ↓ https://plugforinmates.com/                                        
| ✓ | ⏱: 9.38s 
[SCRAPE].. ◆ https://plugforinmates.com/                                        
| ✓ | ⏱: 0.08s 
[COMPLETE] ● https://plugforinmates.com/                                        
| ✓ | ⏱: 9.49s 
  [plugforinmates] https://plugforinmates.com/ → 3 products
[SCRAPE].. ◆ Some images failed to load within timeout 
[FETCH]... ↓ https://cigessentials.com/                                         
| ✓ | ⏱: 17.28s 
[SCRAPE].. ◆ https://cigessentials.com/                                         
| ✓ | ⏱: 0.61s 
[COMPLETE] ● https://cigessentials.com/                                         
| ✓ | ⏱: 17.94s 
  [cigessentials] https://cigessentials.com/ → 16 products
[SCRAPE].. ◆ Some images failed to load within timeout 
[FETCH]... ↓ https://emmaspremiumservices.com/collections/all                   
| ✓ | ⏱: 23.12s 
[SCRAPE].. ◆ https://emmaspremiumservices.com/collections/all                   
| ✓ | ⏱: 0.55s 
[COMPLETE] ● https://emmaspremiumservices.com/collections/all                   
| ✓ | ⏱: 23.72s 
  [emmaspremiumservices] https://emmaspremiumservices.com/collections/all → 2 products
[FETCH]... ↓ https://cigessentials.com/collections/all                          
| ✓ | ⏱: 5.98s 
[SCRAPE].. ◆ https://cigessentials.com/collections/all                          
| ✓ | ⏱: 0.16s 
[COMPLETE] ● https://cigessentials.com/collections/all                          
| ✓ | ⏱: 6.18s 
  [cigessentials] https://cigessentials.com/collections/all → 1 products
[FETCH]... ↓ https://nysapprovedvendor.com/                                     
| ✓ | ⏱: 25.30s 
[SCRAPE].. ◆ https://nysapprovedvendor.com/                                     
| ✓ | ⏱: 1.09s 
[COMPLETE] ● https://nysapprovedvendor.com/                                     
| ✓ | ⏱: 26.45s 
  [nysapprovedvendor] https://nysapprovedvendor.com/ → 85 products
[FETCH]... ↓ https://skyesthelimitcatalog.com/shop/                             
| ✓ | ⏱: 13.08s 
[SCRAPE].. ◆ https://skyesthelimitcatalog.com/shop/                             
| ✓ | ⏱: 0.01s 
[COMPLETE] ● https://skyesthelimitcatalog.com/shop/                             
| ✓ | ⏱: 13.11s 
  [skyesthelimit] https://skyesthelimitcatalog.com/shop/ → 0 products
[SCRAPE].. ◆ Some images failed to load within timeout 
[FETCH]... ↓ https://emmaspremiumservices.com/collections/food-snacks           
| ✓ | ⏱: 7.46s 
[SCRAPE].. ◆ https://emmaspremiumservices.com/collections/food-snacks           
| ✓ | ⏱: 0.40s 
[COMPLETE] ● https://emmaspremiumservices.com/collections/food-snacks           
| ✓ | ⏱: 7.90s 
  [emmaspremiumservices] https://emmaspremiumservices.com/collections/food-snacks → 0 products
[SCRAPE].. ◆ Some images failed to load within timeout 
[SCRAPE].. ◆ Some images failed to load within timeout 
[FETCH]... ↓ https://emmaspremiumservices.com/collections/hygiene               
| ✓ | ⏱: 7.00s 
[SCRAPE].. ◆ https://emmaspremiumservices.com/collections/hygiene               
| ✓ | ⏱: 0.26s 
[COMPLETE] ● https://emmaspremiumservices.com/collections/hygiene               
| ✓ | ⏱: 7.30s 
  [emmaspremiumservices] https://emmaspremiumservices.com/collections/hygiene → 0 products
[FETCH]... ↓ https://nysapprovedvendor.com/shop/                                
| ✓ | ⏱: 13.21s 
[SCRAPE].. ◆ https://nysapprovedvendor.com/shop/                                
| ✓ | ⏱: 0.88s 
[COMPLETE] ● https://nysapprovedvendor.com/shop/                                
| ✓ | ⏱: 14.19s 
  [nysapprovedvendor] https://nysapprovedvendor.com/shop/ → 85 products
[SCRAPE].. ◆ Some images failed to load within timeout 
[FETCH]... ↓ https://emmaspremiumservices.com/collections/clothing              
| ✓ | ⏱: 10.67s 
[SCRAPE].. ◆ https://emmaspremiumservices.com/collections/clothing              
| ✓ | ⏱: 0.56s 
[COMPLETE] ● https://emmaspremiumservices.com/collections/clothing              
| ✓ | ⏱: 11.27s 
  [emmaspremiumservices] https://emmaspremiumservices.com/collections/clothing → 2 products
[SCRAPE].. ◆ Some images failed to load within timeout 
[FETCH]... ↓ https://emmaspremiumservices.com/collections/electronics           
| ✓ | ⏱: 10.21s 
[SCRAPE].. ◆ https://emmaspremiumservices.com/collections/electronics           
| ✓ | ⏱: 0.44s 
[COMPLETE] ● https://emmaspremiumservices.com/collections/electronics           
| ✓ | ⏱: 10.68s 
  [emmaspremiumservices] https://emmaspremiumservices.com/collections/electronics → 2 products

Compliance check: ['First run — baseline hash stored', 'Disapproved list baseline hash stored']
New compliant products found: 43

Report saved to: /Users/markususche/Desktop/Vender Resale/research/2026-06-01-daily-report.md
Latest report: /Users/markususche/Desktop/Vender Resale/research/latest-report.md

Done.

============================================================
Vender Resale — Nightly Research — 2026-06-02 02:00
============================================================


[2026-06-02 02:00] Scraping 5 competitor sites...
[FETCH]... ↓ https://plugforinmates.com/collections/all                         
| ✓ | ⏱: 7.75s 
[SCRAPE].. ◆ https://plugforinmates.com/collections/all                         
| ✓ | ⏱: 0.01s 
[COMPLETE] ● https://plugforinmates.com/collections/all                         
| ✓ | ⏱: 7.77s 
  [plugforinmates] https://plugforinmates.com/collections/all → 0 products
[SCRAPE].. ◆ Some images failed to load within timeout 
[FETCH]... ↓ https://plugforinmates.com/                                        
| ✓ | ⏱: 11.88s 
[SCRAPE].. ◆ https://plugforinmates.com/                                        
| ✓ | ⏱: 0.36s 
[COMPLETE] ● https://plugforinmates.com/                                        
| ✓ | ⏱: 12.31s 
  [plugforinmates] https://plugforinmates.com/ → 3 products
[FETCH]... ↓ https://skyesthelimitcatalog.com/                                  
| ✓ | ⏱: 20.55s 
[SCRAPE].. ◆ https://skyesthelimitcatalog.com/                                  
| ✓ | ⏱: 0.51s 
[COMPLETE] ● https://skyesthelimitcatalog.com/                                  
| ✓ | ⏱: 21.22s 
  [skyesthelimit] https://skyesthelimitcatalog.com/ → 2 products
[FETCH]... ↓ https://skyesthelimitcatalog.com/shop/                             
| ✓ | ⏱: 2.23s 
[SCRAPE].. ◆ https://skyesthelimitcatalog.com/shop/                             
| ✓ | ⏱: 0.00s 
[COMPLETE] ● https://skyesthelimitcatalog.com/shop/                             
| ✓ | ⏱: 2.32s 
  [skyesthelimit] https://skyesthelimitcatalog.com/shop/ → 0 products
[FETCH]... ↓ https://cigessentials.com/                                         
| ✓ | ⏱: 23.68s 
[SCRAPE].. ◆ https://cigessentials.com/                                         
| ✓ | ⏱: 1.71s 
[COMPLETE] ● https://cigessentials.com/                                         
| ✓ | ⏱: 25.56s 
  [cigessentials] https://cigessentials.com/ → 16 products
[SCRAPE].. ◆ Some images failed to load within timeout 
[FETCH]... ↓ https://emmaspremiumservices.com/collections/all                   
| ✓ | ⏱: 31.45s 
[SCRAPE].. ◆ https://emmaspremiumservices.com/collections/all                   
| ✓ | ⏱: 0.84s 
[COMPLETE] ● https://emmaspremiumservices.com/collections/all                   
| ✓ | ⏱: 32.35s 
  [emmaspremiumservices] https://emmaspremiumservices.com/collections/all → 2 products
[FETCH]... ↓ https://cigessentials.com/collections/all                          
| ✓ | ⏱: 7.89s 
[SCRAPE].. ◆ https://cigessentials.com/collections/all                          
| ✓ | ⏱: 0.63s 
[COMPLETE] ● https://cigessentials.com/collections/all                          
| ✓ | ⏱: 8.66s 
  [cigessentials] https://cigessentials.com/collections/all → 1 products
[FETCH]... ↓ https://nysapprovedvendor.com/                                     
| ✓ | ⏱: 35.62s 
[SCRAPE].. ◆ https://nysapprovedvendor.com/                                     
| ✓ | ⏱: 1.59s 
[COMPLETE] ● https://nysapprovedvendor.com/                                     
| ✓ | ⏱: 37.29s 
  [nysapprovedvendor] https://nysapprovedvendor.com/ → 85 products
[FETCH]... ↓ https://emmaspremiumservices.com/collections/food-snacks           
| ✓ | ⏱: 9.25s 
[SCRAPE].. ◆ https://emmaspremiumservices.com/collections/food-snacks           
| ✓ | ⏱: 0.82s 
[COMPLETE] ● https://emmaspremiumservices.com/collections/food-snacks           
| ✓ | ⏱: 10.16s 
  [emmaspremiumservices] https://emmaspremiumservices.com/collections/food-snacks → 0 products
[SCRAPE].. ◆ Some images failed to load within timeout 
[FETCH]... ↓ https://emmaspremiumservices.com/collections/hygiene               
| ✓ | ⏱: 9.49s 
[SCRAPE].. ◆ https://emmaspremiumservices.com/collections/hygiene               
| ✓ | ⏱: 0.43s 
[COMPLETE] ● https://emmaspremiumservices.com/collections/hygiene               
| ✓ | ⏱: 9.97s 
  [emmaspremiumservices] https://emmaspremiumservices.com/collections/hygiene → 0 products
[FETCH]... ↓ https://nysapprovedvendor.com/shop/                                
| ✓ | ⏱: 18.38s 
[SCRAPE].. ◆ https://nysapprovedvendor.com/shop/                                
| ✓ | ⏱: 2.00s 
[COMPLETE] ● https://nysapprovedvendor.com/shop/                                
| ✓ | ⏱: 20.54s 
  [nysapprovedvendor] https://nysapprovedvendor.com/shop/ → 85 products
[SCRAPE].. ◆ Some images failed to load within timeout 
[FETCH]... ↓ https://emmaspremiumservices.com/collections/clothing              
| ✓ | ⏱: 16.15s 
[SCRAPE].. ◆ https://emmaspremiumservices.com/collections/clothing              
| ✓ | ⏱: 0.57s 
[COMPLETE] ● https://emmaspremiumservices.com/collections/clothing              
| ✓ | ⏱: 16.76s 
  [emmaspremiumservices] https://emmaspremiumservices.com/collections/clothing → 2 products
[SCRAPE].. ◆ Some images failed to load within timeout 
[FETCH]... ↓ https://emmaspremiumservices.com/collections/electronics           
| ✓ | ⏱: 10.50s 
[SCRAPE].. ◆ https://emmaspremiumservices.com/collections/electronics           
| ✓ | ⏱: 0.67s 
[COMPLETE] ● https://emmaspremiumservices.com/collections/electronics           
| ✓ | ⏱: 11.23s 
  [emmaspremiumservices] https://emmaspremiumservices.com/collections/electronics → 2 products

Compliance check: ['No changes on DOCCS mail/packages page', 'Disapproved vendor list — no changes detected']
New compliant products found: 0

Report saved to: /Users/markususche/Desktop/Vender Resale/research/2026-06-02-daily-report.md
Latest report: /Users/markususche/Desktop/Vender Resale/research/latest-report.md

Done.

============================================================
Vender Resale — Nightly Research — 2026-06-03 02:00
============================================================


[2026-06-03 02:00] Scraping 5 competitor sites...
[FETCH]... ↓ https://plugforinmates.com/collections/all                         
| ✓ | ⏱: 7.50s 
[SCRAPE].. ◆ https://plugforinmates.com/collections/all                         
| ✓ | ⏱: 0.04s 
[COMPLETE] ● https://plugforinmates.com/collections/all                         
| ✓ | ⏱: 7.56s 
  [plugforinmates] https://plugforinmates.com/collections/all → 0 products
[SCRAPE].. ◆ Some images failed to load within timeout 
[FETCH]... ↓ https://skyesthelimitcatalog.com/                                  
| ✓ | ⏱: 16.55s 
[SCRAPE].. ◆ https://skyesthelimitcatalog.com/                                  
| ✓ | ⏱: 0.19s 
[COMPLETE] ● https://skyesthelimitcatalog.com/                                  
| ✓ | ⏱: 16.84s 
  [skyesthelimit] https://skyesthelimitcatalog.com/ → 2 products
[FETCH]... ↓ https://plugforinmates.com/                                        
| ✓ | ⏱: 10.47s 
[SCRAPE].. ◆ https://plugforinmates.com/                                        
| ✓ | ⏱: 0.17s 
[COMPLETE] ● https://plugforinmates.com/                                        
| ✓ | ⏱: 10.67s 
  [plugforinmates] https://plugforinmates.com/ → 3 products
[FETCH]... ↓ https://cigessentials.com/                                         
| ✓ | ⏱: 19.38s 
[SCRAPE].. ◆ https://cigessentials.com/                                         
| ✓ | ⏱: 0.51s 
[COMPLETE] ● https://cigessentials.com/                                         
| ✓ | ⏱: 19.92s 
  [cigessentials] https://cigessentials.com/ → 16 products
[SCRAPE].. ◆ Some images failed to load within timeout 
[FETCH]... ↓ https://skyesthelimitcatalog.com/shop/                             
| ✓ | ⏱: 5.53s 
[SCRAPE].. ◆ https://skyesthelimitcatalog.com/shop/                             
| ✓ | ⏱: 0.01s 
[COMPLETE] ● https://skyesthelimitcatalog.com/shop/                             
| ✓ | ⏱: 5.57s 
  [skyesthelimit] https://skyesthelimitcatalog.com/shop/ → 0 products
[FETCH]... ↓ https://emmaspremiumservices.com/collections/all                   
| ✓ | ⏱: 24.00s 
[SCRAPE].. ◆ https://emmaspremiumservices.com/collections/all                   
| ✓ | ⏱: 0.96s 
[COMPLETE] ● https://emmaspremiumservices.com/collections/all                   
| ✓ | ⏱: 25.08s 
  [emmaspremiumservices] https://emmaspremiumservices.com/collections/all → 2 products
[FETCH]... ↓ https://nysapprovedvendor.com/                                     
| ✓ | ⏱: 28.23s 
[SCRAPE].. ◆ https://nysapprovedvendor.com/                                     
| ✓ | ⏱: 1.07s 
[COMPLETE] ● https://nysapprovedvendor.com/                                     
| ✓ | ⏱: 29.36s 
  [nysapprovedvendor] https://nysapprovedvendor.com/ → 85 products
[FETCH]... ↓ https://cigessentials.com/collections/all                          
| ✓ | ⏱: 9.85s 
[SCRAPE].. ◆ https://cigessentials.com/collections/all                          
| ✓ | ⏱: 0.15s 
[COMPLETE] ● https://cigessentials.com/collections/all                          
| ✓ | ⏱: 10.05s 
  [cigessentials] https://cigessentials.com/collections/all → 1 products
[SCRAPE].. ◆ Some images failed to load within timeout 
[FETCH]... ↓ https://emmaspremiumservices.com/collections/food-snacks           
| ✓ | ⏱: 8.31s 
[SCRAPE].. ◆ https://emmaspremiumservices.com/collections/food-snacks           
| ✓ | ⏱: 0.26s 
[COMPLETE] ● https://emmaspremiumservices.com/collections/food-snacks           
| ✓ | ⏱: 8.61s 
  [emmaspremiumservices] https://emmaspremiumservices.com/collections/food-snacks → 0 products
[SCRAPE].. ◆ Some images failed to load within timeout 
[SCRAPE].. ◆ Some images failed to load within timeout 
[FETCH]... ↓ https://nysapprovedvendor.com/shop/                                
| ✓ | ⏱: 11.24s 
[SCRAPE].. ◆ https://nysapprovedvendor.com/shop/                                
| ✓ | ⏱: 0.59s 
[COMPLETE] ● https://nysapprovedvendor.com/shop/                                
| ✓ | ⏱: 11.87s 
  [nysapprovedvendor] https://nysapprovedvendor.com/shop/ → 85 products
[FETCH]... ↓ https://emmaspremiumservices.com/collections/hygiene               
| ✓ | ⏱: 7.71s 
[SCRAPE].. ◆ https://emmaspremiumservices.com/collections/hygiene               
| ✓ | ⏱: 0.21s 
[COMPLETE] ● https://emmaspremiumservices.com/collections/hygiene               
| ✓ | ⏱: 7.97s 
  [emmaspremiumservices] https://emmaspremiumservices.com/collections/hygiene → 0 products
[FETCH]... ↓ https://emmaspremiumservices.com/collections/clothing              
| ✓ | ⏱: 8.96s 
[SCRAPE].. ◆ https://emmaspremiumservices.com/collections/clothing              
| ✓ | ⏱: 0.48s 
[COMPLETE] ● https://emmaspremiumservices.com/collections/clothing              
| ✓ | ⏱: 9.48s 
  [emmaspremiumservices] https://emmaspremiumservices.com/collections/clothing → 2 products
[FETCH]... ↓ https://emmaspremiumservices.com/collections/electronics           
| ✓ | ⏱: 8.88s 
[SCRAPE].. ◆ https://emmaspremiumservices.com/collections/electronics           
| ✓ | ⏱: 0.42s 
[COMPLETE] ● https://emmaspremiumservices.com/collections/electronics           
| ✓ | ⏱: 9.34s 
  [emmaspremiumservices] https://emmaspremiumservices.com/collections/electronics → 2 products

Compliance check: ['DOCCS mail/packages page content changed — review immediately', 'Disapproved vendor list — no changes detected']
New compliant products found: 0

Report saved to: /Users/markususche/Desktop/Vender Resale/research/2026-06-03-daily-report.md
Latest report: /Users/markususche/Desktop/Vender Resale/research/latest-report.md

*** COMPLIANCE CHANGES DETECTED — CHECK IMMEDIATELY ***

============================================================
Vender Resale — Nightly Research — 2026-06-04 02:00
============================================================


[2026-06-04 02:00] Scraping 5 competitor sites...
[FETCH]... ↓ https://plugforinmates.com/collections/all                         
| ✓ | ⏱: 6.04s 
[SCRAPE].. ◆ https://plugforinmates.com/collections/all                         
| ✓ | ⏱: 0.02s 
[COMPLETE] ● https://plugforinmates.com/collections/all                         
| ✓ | ⏱: 6.08s 
  [plugforinmates] https://plugforinmates.com/collections/all → 0 products
[SCRAPE].. ◆ Some images failed to load within timeout 
[SCRAPE].. ◆ Some images failed to load within timeout 
[FETCH]... ↓ https://skyesthelimitcatalog.com/                                  
| ✓ | ⏱: 12.70s 
[SCRAPE].. ◆ https://skyesthelimitcatalog.com/                                  
| ✓ | ⏱: 0.14s 
[COMPLETE] ● https://skyesthelimitcatalog.com/                                  
| ✓ | ⏱: 12.87s 
  [skyesthelimit] https://skyesthelimitcatalog.com/ → 2 products
[SCRAPE].. ◆ Some images failed to load within timeout 
[SCRAPE].. ◆ Some images failed to load within timeout 
[FETCH]... ↓ https://cigessentials.com/                                         
| ✓ | ⏱: 14.09s 
[SCRAPE].. ◆ https://cigessentials.com/                                         
| ✓ | ⏱: 0.40s 
[COMPLETE] ● https://cigessentials.com/                                         
| ✓ | ⏱: 14.53s 
  [cigessentials] https://cigessentials.com/ → 16 products
[FETCH]... ↓ https://plugforinmates.com/                                        
| ✓ | ⏱: 8.91s 
[SCRAPE].. ◆ https://plugforinmates.com/                                        
| ✓ | ⏱: 0.18s 
[COMPLETE] ● https://plugforinmates.com/                                        
| ✓ | ⏱: 9.11s 
  [plugforinmates] https://plugforinmates.com/ → 3 products
[FETCH]... ↓ https://skyesthelimitcatalog.com/shop/                             
| ✓ | ⏱: 4.52s 
[SCRAPE].. ◆ https://skyesthelimitcatalog.com/shop/                             
| ✓ | ⏱: 0.00s 
[COMPLETE] ● https://skyesthelimitcatalog.com/shop/                             
| ✓ | ⏱: 4.56s 
  [skyesthelimit] https://skyesthelimitcatalog.com/shop/ → 0 products
[FETCH]... ↓ https://emmaspremiumservices.com/collections/all                   
| ✓ | ⏱: 19.26s 
[SCRAPE].. ◆ https://emmaspremiumservices.com/collections/all                   
| ✓ | ⏱: 0.44s 
[COMPLETE] ● https://emmaspremiumservices.com/collections/all                   
| ✓ | ⏱: 19.74s 
  [emmaspremiumservices] https://emmaspremiumservices.com/collections/all → 2 products
[FETCH]... ↓ https://cigessentials.com/collections/all                          
| ✓ | ⏱: 6.20s 
[SCRAPE].. ◆ https://cigessentials.com/collections/all                          
| ✓ | ⏱: 0.26s 
[COMPLETE] ● https://cigessentials.com/collections/all                          
| ✓ | ⏱: 6.50s 
  [cigessentials] https://cigessentials.com/collections/all → 1 products
[FETCH]... ↓ https://nysapprovedvendor.com/                                     
| ✓ | ⏱: 21.18s 
[SCRAPE].. ◆ https://nysapprovedvendor.com/                                     
| ✓ | ⏱: 0.83s 
[COMPLETE] ● https://nysapprovedvendor.com/                                     
| ✓ | ⏱: 22.05s 
  [nysapprovedvendor] https://nysapprovedvendor.com/ → 85 products
[SCRAPE].. ◆ Some images failed to load within timeout 
[SCRAPE].. ◆ Some images failed to load within timeout 
[FETCH]... ↓ https://emmaspremiumservices.com/collections/food-snacks           
| ✓ | ⏱: 6.73s 
[SCRAPE].. ◆ https://emmaspremiumservices.com/collections/food-snacks           
| ✓ | ⏱: 0.17s 
[COMPLETE] ● https://emmaspremiumservices.com/collections/food-snacks           
| ✓ | ⏱: 6.94s 
  [emmaspremiumservices] https://emmaspremiumservices.com/collections/food-snacks → 0 products
[SCRAPE].. ◆ Some images failed to load within timeout 
[FETCH]... ↓ https://nysapprovedvendor.com/shop/                                
| ✓ | ⏱: 10.39s 
[SCRAPE].. ◆ https://nysapprovedvendor.com/shop/                                
| ✓ | ⏱: 0.55s 
[COMPLETE] ● https://nysapprovedvendor.com/shop/                                
| ✓ | ⏱: 10.97s 
  [nysapprovedvendor] https://nysapprovedvendor.com/shop/ → 85 products
[FETCH]... ↓ https://emmaspremiumservices.com/collections/hygiene               
| ✓ | ⏱: 6.46s 
[SCRAPE].. ◆ https://emmaspremiumservices.com/collections/hygiene               
| ✓ | ⏱: 0.24s 
[COMPLETE] ● https://emmaspremiumservices.com/collections/hygiene               
| ✓ | ⏱: 6.73s 
  [emmaspremiumservices] https://emmaspremiumservices.com/collections/hygiene → 0 products
[SCRAPE].. ◆ Some images failed to load within timeout 
[FETCH]... ↓ https://emmaspremiumservices.com/collections/clothing              
| ✓ | ⏱: 9.66s 
[SCRAPE].. ◆ https://emmaspremiumservices.com/collections/clothing              
| ✓ | ⏱: 0.42s 
[COMPLETE] ● https://emmaspremiumservices.com/collections/clothing              
| ✓ | ⏱: 10.12s 
  [emmaspremiumservices] https://emmaspremiumservices.com/collections/clothing → 2 products
[SCRAPE].. ◆ Some images failed to load within timeout 
[FETCH]... ↓ https://emmaspremiumservices.com/collections/electronics           
| ✓ | ⏱: 9.39s 
[SCRAPE].. ◆ https://emmaspremiumservices.com/collections/electronics           
| ✓ | ⏱: 0.37s 
[COMPLETE] ● https://emmaspremiumservices.com/collections/electronics           
| ✓ | ⏱: 9.80s 
  [emmaspremiumservices] https://emmaspremiumservices.com/collections/electronics → 2 products

Compliance check: ['No changes on DOCCS mail/packages page', 'Disapproved vendor list — no changes detected']
New compliant products found: 0

Report saved to: /Users/markususche/Desktop/Vender Resale/research/2026-06-04-daily-report.md
Latest report: /Users/markususche/Desktop/Vender Resale/research/latest-report.md

Done.

============================================================
Vender Resale — Nightly Research — 2026-06-05 02:00
============================================================


[2026-06-05 02:00] Scraping 5 competitor sites...
[FETCH]... ↓ https://plugforinmates.com/collections/all                         
| ✓ | ⏱: 5.89s 
[SCRAPE].. ◆ https://plugforinmates.com/collections/all                         
| ✓ | ⏱: 0.04s 
[COMPLETE] ● https://plugforinmates.com/collections/all                         
| ✓ | ⏱: 5.95s 
  [plugforinmates] https://plugforinmates.com/collections/all → 0 products
[SCRAPE].. ◆ Some images failed to load within timeout 
[SCRAPE].. ◆ Some images failed to load within timeout 
[FETCH]... ↓ https://skyesthelimitcatalog.com/                                  
| ✓ | ⏱: 12.25s 
[SCRAPE].. ◆ https://skyesthelimitcatalog.com/                                  
| ✓ | ⏱: 0.24s 
[COMPLETE] ● https://skyesthelimitcatalog.com/                                  
| ✓ | ⏱: 12.55s 
  [skyesthelimit] https://skyesthelimitcatalog.com/ → 2 products
[FETCH]... ↓ https://plugforinmates.com/                                        
| ✓ | ⏱: 8.98s 
[SCRAPE].. ◆ https://plugforinmates.com/                                        
| ✓ | ⏱: 0.13s 
[COMPLETE] ● https://plugforinmates.com/                                        
| ✓ | ⏱: 9.16s 
  [plugforinmates] https://plugforinmates.com/ → 3 products
[FETCH]... ↓ https://cigessentials.com/                                         
| ✓ | ⏱: 15.85s 
[SCRAPE].. ◆ https://cigessentials.com/                                         
| ✓ | ⏱: 0.53s 
[COMPLETE] ● https://cigessentials.com/                                         
| ✓ | ⏱: 16.41s 
  [cigessentials] https://cigessentials.com/ → 16 products
[SCRAPE].. ◆ Some images failed to load within timeout 
[FETCH]... ↓ https://skyesthelimitcatalog.com/shop/                             
| ✓ | ⏱: 5.72s 
[SCRAPE].. ◆ https://skyesthelimitcatalog.com/shop/                             
| ✓ | ⏱: 0.00s 
[COMPLETE] ● https://skyesthelimitcatalog.com/shop/                             
| ✓ | ⏱: 5.74s 
  [skyesthelimit] https://skyesthelimitcatalog.com/shop/ → 0 products
[FETCH]... ↓ https://emmaspremiumservices.com/collections/all                   
| ✓ | ⏱: 20.54s 
[SCRAPE].. ◆ https://emmaspremiumservices.com/collections/all                   
| ✓ | ⏱: 0.44s 
[COMPLETE] ● https://emmaspremiumservices.com/collections/all                   
| ✓ | ⏱: 21.02s 
  [emmaspremiumservices] https://emmaspremiumservices.com/collections/all → 2 products
[FETCH]... ↓ https://cigessentials.com/collections/all                          
| ✓ | ⏱: 5.82s 
[SCRAPE].. ◆ https://cigessentials.com/collections/all                          
| ✓ | ⏱: 0.16s 
[COMPLETE] ● https://cigessentials.com/collections/all                          
| ✓ | ⏱: 6.04s 
  [cigessentials] https://cigessentials.com/collections/all → 1 products
[FETCH]... ↓ https://nysapprovedvendor.com/                                     
| ✓ | ⏱: 23.60s 
[SCRAPE].. ◆ https://nysapprovedvendor.com/                                     
| ✓ | ⏱: 0.76s 
[COMPLETE] ● https://nysapprovedvendor.com/                                     
| ✓ | ⏱: 24.42s 
  [nysapprovedvendor] https://nysapprovedvendor.com/ → 85 products
[FETCH]... ↓ https://emmaspremiumservices.com/collections/food-snacks           
| ✓ | ⏱: 6.34s 
[SCRAPE].. ◆ https://emmaspremiumservices.com/collections/food-snacks           
| ✓ | ⏱: 0.28s 
[COMPLETE] ● https://emmaspremiumservices.com/collections/food-snacks           
| ✓ | ⏱: 6.65s 
  [emmaspremiumservices] https://emmaspremiumservices.com/collections/food-snacks → 0 products
[SCRAPE].. ◆ Some images failed to load within timeout 
[SCRAPE].. ◆ Some images failed to load within timeout 
[FETCH]... ↓ https://emmaspremiumservices.com/collections/hygiene               
| ✓ | ⏱: 6.12s 
[SCRAPE].. ◆ https://emmaspremiumservices.com/collections/hygiene               
| ✓ | ⏱: 0.22s 
[COMPLETE] ● https://emmaspremiumservices.com/collections/hygiene               
| ✓ | ⏱: 6.37s 
  [emmaspremiumservices] https://emmaspremiumservices.com/collections/hygiene → 0 products
[FETCH]... ↓ https://nysapprovedvendor.com/shop/                                
| ✓ | ⏱: 12.65s 
[SCRAPE].. ◆ https://nysapprovedvendor.com/shop/                                
| ✓ | ⏱: 0.80s 
[COMPLETE] ● https://nysapprovedvendor.com/shop/                                
| ✓ | ⏱: 13.51s 
  [nysapprovedvendor] https://nysapprovedvendor.com/shop/ → 85 products
[SCRAPE].. ◆ Some images failed to load within timeout 
[FETCH]... ↓ https://emmaspremiumservices.com/collections/clothing              
| ✓ | ⏱: 11.58s 
[SCRAPE].. ◆ https://emmaspremiumservices.com/collections/clothing              
| ✓ | ⏱: 0.49s 
[COMPLETE] ● https://emmaspremiumservices.com/collections/clothing              
| ✓ | ⏱: 12.11s 
  [emmaspremiumservices] https://emmaspremiumservices.com/collections/clothing → 2 products
[FETCH]... ↓ https://emmaspremiumservices.com/collections/electronics           
| ✓ | ⏱: 8.89s 
[SCRAPE].. ◆ https://emmaspremiumservices.com/collections/electronics           
| ✓ | ⏱: 0.41s 
[COMPLETE] ● https://emmaspremiumservices.com/collections/electronics           
| ✓ | ⏱: 9.34s 
  [emmaspremiumservices] https://emmaspremiumservices.com/collections/electronics → 2 products

Compliance check: ['No changes on DOCCS mail/packages page', 'Disapproved vendor list — no changes detected']
New compliant products found: 0

Report saved to: /Users/markususche/Desktop/Vender Resale/research/2026-06-05-daily-report.md
Latest report: /Users/markususche/Desktop/Vender Resale/research/latest-report.md

Done.

============================================================
Vender Resale — Nightly Research — 2026-06-06 02:00
============================================================


[2026-06-06 02:00] Scraping 5 competitor sites...
[FETCH]... ↓ https://plugforinmates.com/collections/all                         
| ✓ | ⏱: 5.44s 
[SCRAPE].. ◆ https://plugforinmates.com/collections/all                         
| ✓ | ⏱: 0.02s 
[COMPLETE] ● https://plugforinmates.com/collections/all                         
| ✓ | ⏱: 5.51s 
  [plugforinmates] https://plugforinmates.com/collections/all → 0 products
[SCRAPE].. ◆ Some images failed to load within timeout 
[SCRAPE].. ◆ Some images failed to load within timeout 
[FETCH]... ↓ https://skyesthelimitcatalog.com/                                  
| ✓ | ⏱: 11.98s 
[SCRAPE].. ◆ https://skyesthelimitcatalog.com/                                  
| ✓ | ⏱: 0.14s 
[COMPLETE] ● https://skyesthelimitcatalog.com/                                  
| ✓ | ⏱: 12.15s 
  [skyesthelimit] https://skyesthelimitcatalog.com/ → 2 products
[SCRAPE].. ◆ Some images failed to load within timeout 
[SCRAPE].. ◆ Some images failed to load within timeout 
[FETCH]... ↓ https://plugforinmates.com/                                        
| ✓ | ⏱: 8.64s 
[SCRAPE].. ◆ https://plugforinmates.com/                                        
| ✓ | ⏱: 0.09s 
[COMPLETE] ● https://plugforinmates.com/                                        
| ✓ | ⏱: 8.76s 
  [plugforinmates] https://plugforinmates.com/ → 3 products
[FETCH]... ↓ https://cigessentials.com/                                         
| ✓ | ⏱: 14.41s 
[SCRAPE].. ◆ https://cigessentials.com/                                         
| ✓ | ⏱: 0.54s 
[COMPLETE] ● https://cigessentials.com/                                         
| ✓ | ⏱: 15.03s 
  [cigessentials] https://cigessentials.com/ → 16 products
[FETCH]... ↓ https://skyesthelimitcatalog.com/shop/                             
| ✓ | ⏱: 4.06s 
[SCRAPE].. ◆ https://skyesthelimitcatalog.com/shop/                             
| ✓ | ⏱: 0.00s 
[COMPLETE] ● https://skyesthelimitcatalog.com/shop/                             
| ✓ | ⏱: 4.09s 
  [skyesthelimit] https://skyesthelimitcatalog.com/shop/ → 0 products
[FETCH]... ↓ https://emmaspremiumservices.com/collections/all                   
| ✓ | ⏱: 18.79s 
[SCRAPE].. ◆ https://emmaspremiumservices.com/collections/all                   
| ✓ | ⏱: 0.44s 
[COMPLETE] ● https://emmaspremiumservices.com/collections/all                   
| ✓ | ⏱: 19.27s 
  [emmaspremiumservices] https://emmaspremiumservices.com/collections/all → 2 products
[FETCH]... ↓ https://nysapprovedvendor.com/                                     
| ✓ | ⏱: 19.88s 
[SCRAPE].. ◆ https://nysapprovedvendor.com/                                     
| ✓ | ⏱: 0.71s 
[COMPLETE] ● https://nysapprovedvendor.com/                                     
| ✓ | ⏱: 20.65s 
  [nysapprovedvendor] https://nysapprovedvendor.com/ → 85 products
[FETCH]... ↓ https://cigessentials.com/collections/all                          
| ✓ | ⏱: 5.94s 
[SCRAPE].. ◆ https://cigessentials.com/collections/all                          
| ✓ | ⏱: 0.13s 
[COMPLETE] ● https://cigessentials.com/collections/all                          
| ✓ | ⏱: 6.10s 
  [cigessentials] https://cigessentials.com/collections/all → 1 products
[SCRAPE].. ◆ Some images failed to load within timeout 
[SCRAPE].. ◆ Some images failed to load within timeout 
[FETCH]... ↓ https://emmaspremiumservices.com/collections/food-snacks           
| ✓ | ⏱: 6.20s 
[SCRAPE].. ◆ https://emmaspremiumservices.com/collections/food-snacks           
| ✓ | ⏱: 0.20s 
[COMPLETE] ● https://emmaspremiumservices.com/collections/food-snacks           
| ✓ | ⏱: 6.43s 
  [emmaspremiumservices] https://emmaspremiumservices.com/collections/food-snacks → 0 products
[SCRAPE].. ◆ Some images failed to load within timeout 
[FETCH]... ↓ https://nysapprovedvendor.com/shop/                                
| ✓ | ⏱: 10.46s 
[SCRAPE].. ◆ https://nysapprovedvendor.com/shop/                                
| ✓ | ⏱: 0.51s 
[COMPLETE] ● https://nysapprovedvendor.com/shop/                                
| ✓ | ⏱: 11.01s 
  [nysapprovedvendor] https://nysapprovedvendor.com/shop/ → 85 products
[FETCH]... ↓ https://emmaspremiumservices.com/collections/hygiene               
| ✓ | ⏱: 6.37s 
[SCRAPE].. ◆ https://emmaspremiumservices.com/collections/hygiene               
| ✓ | ⏱: 0.17s 
[COMPLETE] ● https://emmaspremiumservices.com/collections/hygiene               
| ✓ | ⏱: 6.57s 
  [emmaspremiumservices] https://emmaspremiumservices.com/collections/hygiene → 0 products
[SCRAPE].. ◆ Some images failed to load within timeout 
[FETCH]... ↓ https://emmaspremiumservices.com/collections/clothing              
| ✓ | ⏱: 9.31s 
[SCRAPE].. ◆ https://emmaspremiumservices.com/collections/clothing              
| ✓ | ⏱: 0.47s 
[COMPLETE] ● https://emmaspremiumservices.com/collections/clothing              
| ✓ | ⏱: 9.82s 
  [emmaspremiumservices] https://emmaspremiumservices.com/collections/clothing → 2 products
[SCRAPE].. ◆ Some images failed to load within timeout 
[FETCH]... ↓ https://emmaspremiumservices.com/collections/electronics           
| ✓ | ⏱: 9.43s 
[SCRAPE].. ◆ https://emmaspremiumservices.com/collections/electronics           
| ✓ | ⏱: 0.36s 
[COMPLETE] ● https://emmaspremiumservices.com/collections/electronics           
| ✓ | ⏱: 9.82s 
  [emmaspremiumservices] https://emmaspremiumservices.com/collections/electronics → 2 products

Compliance check: ['No changes on DOCCS mail/packages page', 'Disapproved vendor list — no changes detected']
New compliant products found: 0

Report saved to: /Users/markususche/Desktop/Vender Resale/research/2026-06-06-daily-report.md
Latest report: /Users/markususche/Desktop/Vender Resale/research/latest-report.md

Done.

============================================================
Vender Resale — Nightly Research — 2026-06-07 02:00
============================================================


[2026-06-07 02:00] Scraping 5 competitor sites...
[FETCH]... ↓ https://plugforinmates.com/collections/all                         
| ✓ | ⏱: 5.99s 
[SCRAPE].. ◆ https://plugforinmates.com/collections/all                         
| ✓ | ⏱: 0.03s 
[COMPLETE] ● https://plugforinmates.com/collections/all                         
| ✓ | ⏱: 6.04s 
  [plugforinmates] https://plugforinmates.com/collections/all → 0 products
[SCRAPE].. ◆ Some images failed to load within timeout 
[FETCH]... ↓ https://skyesthelimitcatalog.com/                                  
| ✓ | ⏱: 13.00s 
[SCRAPE].. ◆ https://skyesthelimitcatalog.com/                                  
| ✓ | ⏱: 0.32s 
[COMPLETE] ● https://skyesthelimitcatalog.com/                                  
| ✓ | ⏱: 13.38s 
  [skyesthelimit] https://skyesthelimitcatalog.com/ → 2 products
[FETCH]... ↓ https://cigessentials.com/                                         
| ✓ | ⏱: 15.15s 
[SCRAPE].. ◆ https://cigessentials.com/                                         
| ✓ | ⏱: 0.59s 
[COMPLETE] ● https://cigessentials.com/                                         
| ✓ | ⏱: 15.79s 
  [cigessentials] https://cigessentials.com/ → 16 products
[SCRAPE].. ◆ Some images failed to load within timeout 
[FETCH]... ↓ https://plugforinmates.com/                                        
| ✓ | ⏱: 10.26s 
[SCRAPE].. ◆ https://plugforinmates.com/                                        
| ✓ | ⏱: 0.15s 
[COMPLETE] ● https://plugforinmates.com/                                        
| ✓ | ⏱: 10.47s 
  [plugforinmates] https://plugforinmates.com/ → 9 products
[FETCH]... ↓ https://skyesthelimitcatalog.com/shop/                             
| ✓ | ⏱: 5.73s 
[SCRAPE].. ◆ https://skyesthelimitcatalog.com/shop/                             
| ✓ | ⏱: 0.00s 
[COMPLETE] ● https://skyesthelimitcatalog.com/shop/                             
| ✓ | ⏱: 5.75s 
  [skyesthelimit] https://skyesthelimitcatalog.com/shop/ → 0 products
[FETCH]... ↓ https://emmaspremiumservices.com/collections/all                   
| ✓ | ⏱: 21.32s 
[SCRAPE].. ◆ https://emmaspremiumservices.com/collections/all                   
| ✓ | ⏱: 0.45s 
[COMPLETE] ● https://emmaspremiumservices.com/collections/all                   
| ✓ | ⏱: 21.81s 
  [emmaspremiumservices] https://emmaspremiumservices.com/collections/all → 2 products
[FETCH]... ↓ https://cigessentials.com/collections/all                          
| ✓ | ⏱: 6.08s 
[SCRAPE].. ◆ https://cigessentials.com/collections/all                          
| ✓ | ⏱: 0.27s 
[COMPLETE] ● https://cigessentials.com/collections/all                          
| ✓ | ⏱: 6.38s 
  [cigessentials] https://cigessentials.com/collections/all → 1 products
[FETCH]... ↓ https://nysapprovedvendor.com/                                     
| ✓ | ⏱: 22.86s 
[SCRAPE].. ◆ https://nysapprovedvendor.com/                                     
| ✓ | ⏱: 0.89s 
[COMPLETE] ● https://nysapprovedvendor.com/                                     
| ✓ | ⏱: 23.81s 
  [nysapprovedvendor] https://nysapprovedvendor.com/ → 85 products
[SCRAPE].. ◆ Some images failed to load within timeout 
[SCRAPE].. ◆ Some images failed to load within timeout 
[FETCH]... ↓ https://emmaspremiumservices.com/collections/food-snacks           
| ✓ | ⏱: 6.77s 
[SCRAPE].. ◆ https://emmaspremiumservices.com/collections/food-snacks           
| ✓ | ⏱: 0.22s 
[COMPLETE] ● https://emmaspremiumservices.com/collections/food-snacks           
| ✓ | ⏱: 7.03s 
  [emmaspremiumservices] https://emmaspremiumservices.com/collections/food-snacks → 0 products
[SCRAPE].. ◆ Some images failed to load within timeout 
[FETCH]... ↓ https://nysapprovedvendor.com/shop/                                
| ✓ | ⏱: 10.88s 
[SCRAPE].. ◆ https://nysapprovedvendor.com/shop/                                
| ✓ | ⏱: 0.56s 
[COMPLETE] ● https://nysapprovedvendor.com/shop/                                
| ✓ | ⏱: 11.48s 
  [nysapprovedvendor] https://nysapprovedvendor.com/shop/ → 85 products
[FETCH]... ↓ https://emmaspremiumservices.com/collections/hygiene               
| ✓ | ⏱: 7.05s 
[SCRAPE].. ◆ https://emmaspremiumservices.com/collections/hygiene               
| ✓ | ⏱: 0.18s 
[COMPLETE] ● https://emmaspremiumservices.com/collections/hygiene               
| ✓ | ⏱: 7.26s 
  [emmaspremiumservices] https://emmaspremiumservices.com/collections/hygiene → 0 products
[SCRAPE].. ◆ Some images failed to load within timeout 
[FETCH]... ↓ https://emmaspremiumservices.com/collections/clothing              
| ✓ | ⏱: 10.01s 
[SCRAPE].. ◆ https://emmaspremiumservices.com/collections/clothing              
| ✓ | ⏱: 0.49s 
[COMPLETE] ● https://emmaspremiumservices.com/collections/clothing              
| ✓ | ⏱: 10.54s 
  [emmaspremiumservices] https://emmaspremiumservices.com/collections/clothing → 2 products
[SCRAPE].. ◆ Some images failed to load within timeout 
[FETCH]... ↓ https://emmaspremiumservices.com/collections/electronics           
| ✓ | ⏱: 10.05s 
[SCRAPE].. ◆ https://emmaspremiumservices.com/collections/electronics           
| ✓ | ⏱: 0.40s 
[COMPLETE] ● https://emmaspremiumservices.com/collections/electronics           
| ✓ | ⏱: 10.50s 
  [emmaspremiumservices] https://emmaspremiumservices.com/collections/electronics → 2 products

Compliance check: ['No changes on DOCCS mail/packages page', 'Disapproved vendor list — no changes detected']
New compliant products found: 6

Report saved to: /Users/markususche/Desktop/Vender Resale/research/2026-06-07-daily-report.md
Latest report: /Users/markususche/Desktop/Vender Resale/research/latest-report.md

Done.

============================================================
Vender Resale — Nightly Research — 2026-06-08 02:00
============================================================


[2026-06-08 02:00] Scraping 5 competitor sites...
[FETCH]... ↓ https://plugforinmates.com/collections/all                         
| ✓ | ⏱: 5.53s 
[SCRAPE].. ◆ https://plugforinmates.com/collections/all                         
| ✓ | ⏱: 0.03s 
[COMPLETE] ● https://plugforinmates.com/collections/all                         
| ✓ | ⏱: 5.58s 
  [plugforinmates] https://plugforinmates.com/collections/all → 0 products
[SCRAPE].. ◆ Some images failed to load within timeout 
[SCRAPE].. ◆ Some images failed to load within timeout 
[FETCH]... ↓ https://skyesthelimitcatalog.com/                                  
| ✓ | ⏱: 12.01s 
[SCRAPE].. ◆ https://skyesthelimitcatalog.com/                                  
| ✓ | ⏱: 0.32s 
[COMPLETE] ● https://skyesthelimitcatalog.com/                                  
| ✓ | ⏱: 12.45s 
  [skyesthelimit] https://skyesthelimitcatalog.com/ → 2 products
[SCRAPE].. ◆ Some images failed to load within timeout 
[FETCH]... ↓ https://plugforinmates.com/                                        
| ✓ | ⏱: 9.13s 
[SCRAPE].. ◆ https://plugforinmates.com/                                        
| ✓ | ⏱: 0.17s 
[COMPLETE] ● https://plugforinmates.com/                                        
| ✓ | ⏱: 9.32s 
  [plugforinmates] https://plugforinmates.com/ → 9 products
[FETCH]... ↓ https://cigessentials.com/                                         
| ✓ | ⏱: 15.36s 
[SCRAPE].. ◆ https://cigessentials.com/                                         
| ✓ | ⏱: 0.54s 
[COMPLETE] ● https://cigessentials.com/                                         
| ✓ | ⏱: 15.94s 
  [cigessentials] https://cigessentials.com/ → 16 products
[FETCH]... ↓ https://emmaspremiumservices.com/collections/all                   
| ✓ | ⏱: 19.58s 
[SCRAPE].. ◆ https://emmaspremiumservices.com/collections/all                   
| ✓ | ⏱: 0.82s 
[COMPLETE] ● https://emmaspremiumservices.com/collections/all                   
| ✓ | ⏱: 20.46s 
  [emmaspremiumservices] https://emmaspremiumservices.com/collections/all → 2 products
[FETCH]... ↓ https://skyesthelimitcatalog.com/shop/                             
| ✓ | ⏱: 8.87s 
[SCRAPE].. ◆ https://skyesthelimitcatalog.com/shop/                             
| ✓ | ⏱: 0.00s 
[COMPLETE] ● https://skyesthelimitcatalog.com/shop/                             
| ✓ | ⏱: 8.89s 
  [skyesthelimit] https://skyesthelimitcatalog.com/shop/ → 0 products
[FETCH]... ↓ https://cigessentials.com/collections/all                          
| ✓ | ⏱: 6.09s 
[SCRAPE].. ◆ https://cigessentials.com/collections/all                          
| ✓ | ⏱: 0.29s 
[COMPLETE] ● https://cigessentials.com/collections/all                          
| ✓ | ⏱: 6.45s 
  [cigessentials] https://cigessentials.com/collections/all → 1 products
[FETCH]... ↓ https://nysapprovedvendor.com/                                     
| ✓ | ⏱: 22.50s 
[SCRAPE].. ◆ https://nysapprovedvendor.com/                                     
| ✓ | ⏱: 0.73s 
[COMPLETE] ● https://nysapprovedvendor.com/                                     
| ✓ | ⏱: 23.29s 
  [nysapprovedvendor] https://nysapprovedvendor.com/ → 85 products
[SCRAPE].. ◆ Some images failed to load within timeout 
[FETCH]... ↓ https://emmaspremiumservices.com/collections/food-snacks           
| ✓ | ⏱: 7.17s 
[SCRAPE].. ◆ https://emmaspremiumservices.com/collections/food-snacks           
| ✓ | ⏱: 0.20s 
[COMPLETE] ● https://emmaspremiumservices.com/collections/food-snacks           
| ✓ | ⏱: 7.39s 
  [emmaspremiumservices] https://emmaspremiumservices.com/collections/food-snacks → 0 products
[SCRAPE].. ◆ Some images failed to load within timeout 
[SCRAPE].. ◆ Some images failed to load within timeout 
[FETCH]... ↓ https://emmaspremiumservices.com/collections/hygiene               
| ✓ | ⏱: 6.33s 
[SCRAPE].. ◆ https://emmaspremiumservices.com/collections/hygiene               
| ✓ | ⏱: 0.26s 
[COMPLETE] ● https://emmaspremiumservices.com/collections/hygiene               
| ✓ | ⏱: 6.62s 
  [emmaspremiumservices] https://emmaspremiumservices.com/collections/hygiene → 0 products
[FETCH]... ↓ https://nysapprovedvendor.com/shop/                                
| ✓ | ⏱: 11.26s 
[SCRAPE].. ◆ https://nysapprovedvendor.com/shop/                                
| ✓ | ⏱: 0.53s 
[COMPLETE] ● https://nysapprovedvendor.com/shop/                                
| ✓ | ⏱: 11.83s 
  [nysapprovedvendor] https://nysapprovedvendor.com/shop/ → 85 products
[SCRAPE].. ◆ Some images failed to load within timeout 
[FETCH]... ↓ https://emmaspremiumservices.com/collections/clothing              
| ✓ | ⏱: 9.97s 
[SCRAPE].. ◆ https://emmaspremiumservices.com/collections/clothing              
| ✓ | ⏱: 0.44s 
[COMPLETE] ● https://emmaspremiumservices.com/collections/clothing              
| ✓ | ⏱: 10.44s 
  [emmaspremiumservices] https://emmaspremiumservices.com/collections/clothing → 2 products
[SCRAPE].. ◆ Some images failed to load within timeout 
[FETCH]... ↓ https://emmaspremiumservices.com/collections/electronics           
| ✓ | ⏱: 9.63s 
[SCRAPE].. ◆ https://emmaspremiumservices.com/collections/electronics           
| ✓ | ⏱: 0.39s 
[COMPLETE] ● https://emmaspremiumservices.com/collections/electronics           
| ✓ | ⏱: 10.06s 
  [emmaspremiumservices] https://emmaspremiumservices.com/collections/electronics → 2 products

Compliance check: ['No changes on DOCCS mail/packages page', 'Disapproved vendor list — no changes detected']
New compliant products found: 0

Report saved to: /Users/markususche/Desktop/Vender Resale/research/2026-06-08-daily-report.md
Latest report: /Users/markususche/Desktop/Vender Resale/research/latest-report.md

Done.

============================================================
Vender Resale — Nightly Research — 2026-06-09 02:00
============================================================


[2026-06-09 02:00] Scraping 5 competitor sites...
[FETCH]... ↓ https://plugforinmates.com/collections/all                         
| ✓ | ⏱: 5.51s 
[SCRAPE].. ◆ https://plugforinmates.com/collections/all                         
| ✓ | ⏱: 0.03s 
[COMPLETE] ● https://plugforinmates.com/collections/all                         
| ✓ | ⏱: 5.57s 
  [plugforinmates] https://plugforinmates.com/collections/all → 0 products
[SCRAPE].. ◆ Some images failed to load within timeout 
[SCRAPE].. ◆ Some images failed to load within timeout 
[FETCH]... ↓ https://skyesthelimitcatalog.com/                                  
| ✓ | ⏱: 11.43s 
[SCRAPE].. ◆ https://skyesthelimitcatalog.com/                                  
| ✓ | ⏱: 0.34s 
[COMPLETE] ● https://skyesthelimitcatalog.com/                                  
| ✓ | ⏱: 11.81s 
  [skyesthelimit] https://skyesthelimitcatalog.com/ → 2 products
[SCRAPE].. ◆ Some images failed to load within timeout 
[FETCH]... ↓ https://plugforinmates.com/                                        
| ✓ | ⏱: 9.21s 
[SCRAPE].. ◆ https://plugforinmates.com/                                        
| ✓ | ⏱: 0.08s 
[COMPLETE] ● https://plugforinmates.com/                                        
| ✓ | ⏱: 9.31s 
  [plugforinmates] https://plugforinmates.com/ → 9 products
[FETCH]... ↓ https://skyesthelimitcatalog.com/shop/                             
| ✓ | ⏱: 3.19s 
[SCRAPE].. ◆ https://skyesthelimitcatalog.com/shop/                             
| ✓ | ⏱: 0.00s 
[COMPLETE] ● https://skyesthelimitcatalog.com/shop/                             
| ✓ | ⏱: 3.21s 
  [skyesthelimit] https://skyesthelimitcatalog.com/shop/ → 0 products
[FETCH]... ↓ https://cigessentials.com/                                         
| ✓ | ⏱: 15.66s 
[SCRAPE].. ◆ https://cigessentials.com/                                         
| ✓ | ⏱: 0.42s 
[COMPLETE] ● https://cigessentials.com/                                         
| ✓ | ⏱: 16.12s 
  [cigessentials] https://cigessentials.com/ → 16 products
[FETCH]... ↓ https://emmaspremiumservices.com/collections/all                   
| ✓ | ⏱: 19.31s 
[SCRAPE].. ◆ https://emmaspremiumservices.com/collections/all                   
| ✓ | ⏱: 0.40s 
[COMPLETE] ● https://emmaspremiumservices.com/collections/all                   
| ✓ | ⏱: 19.74s 
  [emmaspremiumservices] https://emmaspremiumservices.com/collections/all → 2 products
[FETCH]... ↓ https://cigessentials.com/collections/all                          
| ✓ | ⏱: 5.00s 
[SCRAPE].. ◆ https://cigessentials.com/collections/all                          
| ✓ | ⏱: 0.16s 
[COMPLETE] ● https://cigessentials.com/collections/all                          
| ✓ | ⏱: 5.19s 
  [cigessentials] https://cigessentials.com/collections/all → 1 products
[FETCH]... ↓ https://nysapprovedvendor.com/                                     
| ✓ | ⏱: 21.33s 
[SCRAPE].. ◆ https://nysapprovedvendor.com/                                     
| ✓ | ⏱: 0.92s 
[COMPLETE] ● https://nysapprovedvendor.com/                                     
| ✓ | ⏱: 22.30s 
  [nysapprovedvendor] https://nysapprovedvendor.com/ → 85 products
[SCRAPE].. ◆ Some images failed to load within timeout 
[SCRAPE].. ◆ Some images failed to load within timeout 
[FETCH]... ↓ https://emmaspremiumservices.com/collections/food-snacks           
| ✓ | ⏱: 7.12s 
[SCRAPE].. ◆ https://emmaspremiumservices.com/collections/food-snacks           
| ✓ | ⏱: 0.19s 
[COMPLETE] ● https://emmaspremiumservices.com/collections/food-snacks           
| ✓ | ⏱: 7.34s 
  [emmaspremiumservices] https://emmaspremiumservices.com/collections/food-snacks → 0 products
[SCRAPE].. ◆ Some images failed to load within timeout 
[FETCH]... ↓ https://nysapprovedvendor.com/shop/                                
| ✓ | ⏱: 9.83s 
[SCRAPE].. ◆ https://nysapprovedvendor.com/shop/                                
| ✓ | ⏱: 0.46s 
[COMPLETE] ● https://nysapprovedvendor.com/shop/                                
| ✓ | ⏱: 10.32s 
  [nysapprovedvendor] https://nysapprovedvendor.com/shop/ → 85 products
[FETCH]... ↓ https://emmaspremiumservices.com/collections/hygiene               
| ✓ | ⏱: 6.69s 
[SCRAPE].. ◆ https://emmaspremiumservices.com/collections/hygiene               
| ✓ | ⏱: 0.16s 
[COMPLETE] ● https://emmaspremiumservices.com/collections/hygiene               
| ✓ | ⏱: 6.87s 
  [emmaspremiumservices] https://emmaspremiumservices.com/collections/hygiene → 0 products
[SCRAPE].. ◆ Some images failed to load within timeout 
[FETCH]... ↓ https://emmaspremiumservices.com/collections/clothing              
| ✓ | ⏱: 9.40s 
[SCRAPE].. ◆ https://emmaspremiumservices.com/collections/clothing              
| ✓ | ⏱: 0.44s 
[COMPLETE] ● https://emmaspremiumservices.com/collections/clothing              
| ✓ | ⏱: 9.88s 
  [emmaspremiumservices] https://emmaspremiumservices.com/collections/clothing → 2 products
[SCRAPE].. ◆ Some images failed to load within timeout 
[FETCH]... ↓ https://emmaspremiumservices.com/collections/electronics           
| ✓ | ⏱: 9.11s 
[SCRAPE].. ◆ https://emmaspremiumservices.com/collections/electronics           
| ✓ | ⏱: 0.35s 
[COMPLETE] ● https://emmaspremiumservices.com/collections/electronics           
| ✓ | ⏱: 9.50s 
  [emmaspremiumservices] https://emmaspremiumservices.com/collections/electronics → 2 products

Compliance check: ['No changes on DOCCS mail/packages page', 'Disapproved vendor list — no changes detected']
New compliant products found: 0

Report saved to: /Users/markususche/Desktop/Vender Resale/research/2026-06-09-daily-report.md
Latest report: /Users/markususche/Desktop/Vender Resale/research/latest-report.md

Done.

============================================================
Vender Resale — Nightly Research — 2026-06-10 02:00
============================================================


[2026-06-10 02:00] Scraping 5 competitor sites...
[SCRAPE].. ◆ Some images failed to load within timeout 
[FETCH]... ↓ https://plugforinmates.com/collections/all                         
| ✓ | ⏱: 7.89s 
[SCRAPE].. ◆ https://plugforinmates.com/collections/all                         
| ✓ | ⏱: 0.03s 
[COMPLETE] ● https://plugforinmates.com/collections/all                         
| ✓ | ⏱: 7.93s 
  [plugforinmates] https://plugforinmates.com/collections/all → 0 products
[SCRAPE].. ◆ Some images failed to load within timeout 
[FETCH]... ↓ https://skyesthelimitcatalog.com/                                  
| ✓ | ⏱: 11.13s 
[SCRAPE].. ◆ https://skyesthelimitcatalog.com/                                  
| ✓ | ⏱: 0.15s 
[COMPLETE] ● https://skyesthelimitcatalog.com/                                  
| ✓ | ⏱: 11.32s 
  [skyesthelimit] https://skyesthelimitcatalog.com/ → 2 products
[SCRAPE].. ◆ Some images failed to load within timeout 
[FETCH]... ↓ https://skyesthelimitcatalog.com/shop/                             
| ✓ | ⏱: 1.91s 
[SCRAPE].. ◆ https://skyesthelimitcatalog.com/shop/                             
| ✓ | ⏱: 0.00s 
[COMPLETE] ● https://skyesthelimitcatalog.com/shop/                             
| ✓ | ⏱: 1.93s 
  [skyesthelimit] https://skyesthelimitcatalog.com/shop/ → 0 products
[FETCH]... ↓ https://cigessentials.com/                                         
| ✓ | ⏱: 13.54s 
[SCRAPE].. ◆ https://cigessentials.com/                                         
| ✓ | ⏱: 0.51s 
[COMPLETE] ● https://cigessentials.com/                                         
| ✓ | ⏱: 14.09s 
  [cigessentials] https://cigessentials.com/ → 16 products
[FETCH]... ↓ https://plugforinmates.com/                                        
| ✓ | ⏱: 8.76s 
[SCRAPE].. ◆ https://plugforinmates.com/                                        
| ✓ | ⏱: 0.10s 
[COMPLETE] ● https://plugforinmates.com/                                        
| ✓ | ⏱: 8.92s 
  [plugforinmates] https://plugforinmates.com/ → 9 products
[FETCH]... ↓ https://emmaspremiumservices.com/collections/all                   
| ✓ | ⏱: 17.01s 
[SCRAPE].. ◆ https://emmaspremiumservices.com/collections/all                   
| ✓ | ⏱: 0.57s 
[COMPLETE] ● https://emmaspremiumservices.com/collections/all                   
| ✓ | ⏱: 17.63s 
  [emmaspremiumservices] https://emmaspremiumservices.com/collections/all → 2 products
[FETCH]... ↓ https://nysapprovedvendor.com/                                     
| ✓ | ⏱: 18.65s 
[SCRAPE].. ◆ https://nysapprovedvendor.com/                                     
| ✓ | ⏱: 0.63s 
[COMPLETE] ● https://nysapprovedvendor.com/                                     
| ✓ | ⏱: 19.32s 
  [nysapprovedvendor] https://nysapprovedvendor.com/ → 85 products
[FETCH]... ↓ https://cigessentials.com/collections/all                          
| ✓ | ⏱: 5.79s 
[SCRAPE].. ◆ https://cigessentials.com/collections/all                          
| ✓ | ⏱: 0.13s 
[COMPLETE] ● https://cigessentials.com/collections/all                          
| ✓ | ⏱: 5.94s 
  [cigessentials] https://cigessentials.com/collections/all → 1 products
[SCRAPE].. ◆ Some images failed to load within timeout 
[SCRAPE].. ◆ Some images failed to load within timeout 
[FETCH]... ↓ https://emmaspremiumservices.com/collections/food-snacks           
| ✓ | ⏱: 6.06s 
[SCRAPE].. ◆ https://emmaspremiumservices.com/collections/food-snacks           
| ✓ | ⏱: 0.17s 
[COMPLETE] ● https://emmaspremiumservices.com/collections/food-snacks           
| ✓ | ⏱: 6.26s 
  [emmaspremiumservices] https://emmaspremiumservices.com/collections/food-snacks → 0 products
[SCRAPE].. ◆ Some images failed to load within timeout 
[FETCH]... ↓ https://emmaspremiumservices.com/collections/hygiene               
| ✓ | ⏱: 5.48s 
[SCRAPE].. ◆ https://emmaspremiumservices.com/collections/hygiene               
| ✓ | ⏱: 0.17s 
[COMPLETE] ● https://emmaspremiumservices.com/collections/hygiene               
| ✓ | ⏱: 5.68s 
  [emmaspremiumservices] https://emmaspremiumservices.com/collections/hygiene → 0 products
[FETCH]... ↓ https://nysapprovedvendor.com/shop/                                
| ✓ | ⏱: 10.24s 
[SCRAPE].. ◆ https://nysapprovedvendor.com/shop/                                
| ✓ | ⏱: 0.49s 
[COMPLETE] ● https://nysapprovedvendor.com/shop/                                
| ✓ | ⏱: 10.76s 
  [nysapprovedvendor] https://nysapprovedvendor.com/shop/ → 85 products
[SCRAPE].. ◆ Some images failed to load within timeout 
[FETCH]... ↓ https://emmaspremiumservices.com/collections/clothing              
| ✓ | ⏱: 9.42s 
[SCRAPE].. ◆ https://emmaspremiumservices.com/collections/clothing              
| ✓ | ⏱: 0.41s 
[COMPLETE] ● https://emmaspremiumservices.com/collections/clothing              
| ✓ | ⏱: 9.87s 
  [emmaspremiumservices] https://emmaspremiumservices.com/collections/clothing → 2 products
[SCRAPE].. ◆ Some images failed to load within timeout 
[FETCH]... ↓ https://emmaspremiumservices.com/collections/electronics           
| ✓ | ⏱: 9.15s 
[SCRAPE].. ◆ https://emmaspremiumservices.com/collections/electronics           
| ✓ | ⏱: 0.36s 
[COMPLETE] ● https://emmaspremiumservices.com/collections/electronics           
| ✓ | ⏱: 9.55s 
  [emmaspremiumservices] https://emmaspremiumservices.com/collections/electronics → 2 products

Compliance check: ['No changes on DOCCS mail/packages page', 'Disapproved vendor list — no changes detected']
New compliant products found: 0

Report saved to: /Users/markususche/Desktop/Vender Resale/research/2026-06-10-daily-report.md
Latest report: /Users/markususche/Desktop/Vender Resale/research/latest-report.md

Done.

============================================================
Vender Resale — Nightly Research — 2026-06-11 02:00
============================================================


[2026-06-11 02:00] Scraping 5 competitor sites...
[FETCH]... ↓ https://plugforinmates.com/collections/all                         
| ✓ | ⏱: 5.10s 
[SCRAPE].. ◆ https://plugforinmates.com/collections/all                         
| ✓ | ⏱: 0.03s 
[COMPLETE] ● https://plugforinmates.com/collections/all                         
| ✓ | ⏱: 5.16s 
  [plugforinmates] https://plugforinmates.com/collections/all → 0 products
[SCRAPE].. ◆ Some images failed to load within timeout 
[SCRAPE].. ◆ Some images failed to load within timeout 
[FETCH]... ↓ https://skyesthelimitcatalog.com/                                  
| ✓ | ⏱: 13.48s 
[SCRAPE].. ◆ https://skyesthelimitcatalog.com/                                  
| ✓ | ⏱: 0.14s 
[COMPLETE] ● https://skyesthelimitcatalog.com/                                  
| ✓ | ⏱: 13.69s 
  [skyesthelimit] https://skyesthelimitcatalog.com/ → 2 products
[SCRAPE].. ◆ Some images failed to load within timeout 
[SCRAPE].. ◆ Some images failed to load within timeout 
[FETCH]... ↓ https://plugforinmates.com/                                        
| ✓ | ⏱: 9.56s 
[SCRAPE].. ◆ https://plugforinmates.com/                                        
| ✓ | ⏱: 0.08s 
[COMPLETE] ● https://plugforinmates.com/                                        
| ✓ | ⏱: 9.66s 
  [plugforinmates] https://plugforinmates.com/ → 9 products
[FETCH]... ↓ https://skyesthelimitcatalog.com/shop/                             
| ✓ | ⏱: 2.17s 
[SCRAPE].. ◆ https://skyesthelimitcatalog.com/shop/                             
| ✓ | ⏱: 0.00s 
[COMPLETE] ● https://skyesthelimitcatalog.com/shop/                             
| ✓ | ⏱: 2.20s 
  [skyesthelimit] https://skyesthelimitcatalog.com/shop/ → 0 products
[FETCH]... ↓ https://cigessentials.com/                                         
| ✓ | ⏱: 16.18s 
[SCRAPE].. ◆ https://cigessentials.com/                                         
| ✓ | ⏱: 0.62s 
[COMPLETE] ● https://cigessentials.com/                                         
| ✓ | ⏱: 16.84s 
  [cigessentials] https://cigessentials.com/ → 16 products
[FETCH]... ↓ https://emmaspremiumservices.com/collections/all                   
| ✓ | ⏱: 20.39s 
[SCRAPE].. ◆ https://emmaspremiumservices.com/collections/all                   
| ✓ | ⏱: 0.41s 
[COMPLETE] ● https://emmaspremiumservices.com/collections/all                   
| ✓ | ⏱: 20.83s 
  [emmaspremiumservices] https://emmaspremiumservices.com/collections/all → 2 products
[FETCH]... ↓ https://nysapprovedvendor.com/                                     
| ✓ | ⏱: 21.03s 
[SCRAPE].. ◆ https://nysapprovedvendor.com/                                     
| ✓ | ⏱: 0.75s 
[COMPLETE] ● https://nysapprovedvendor.com/                                     
| ✓ | ⏱: 21.82s 
  [nysapprovedvendor] https://nysapprovedvendor.com/ → 85 products
[FETCH]... ↓ https://cigessentials.com/collections/all                          
| ✓ | ⏱: 6.46s 
[SCRAPE].. ◆ https://cigessentials.com/collections/all                          
| ✓ | ⏱: 0.16s 
[COMPLETE] ● https://cigessentials.com/collections/all                          
| ✓ | ⏱: 6.66s 
  [cigessentials] https://cigessentials.com/collections/all → 1 products
[SCRAPE].. ◆ Some images failed to load within timeout 
[SCRAPE].. ◆ Some images failed to load within timeout 
[FETCH]... ↓ https://emmaspremiumservices.com/collections/food-snacks           
| ✓ | ⏱: 5.85s 
[SCRAPE].. ◆ https://emmaspremiumservices.com/collections/food-snacks           
| ✓ | ⏱: 0.17s 
[COMPLETE] ● https://emmaspremiumservices.com/collections/food-snacks           
| ✓ | ⏱: 6.05s 
  [emmaspremiumservices] https://emmaspremiumservices.com/collections/food-snacks → 0 products
[SCRAPE].. ◆ Some images failed to load within timeout 
[FETCH]... ↓ https://nysapprovedvendor.com/shop/                                
| ✓ | ⏱: 10.51s 
[SCRAPE].. ◆ https://nysapprovedvendor.com/shop/                                
| ✓ | ⏱: 0.48s 
[COMPLETE] ● https://nysapprovedvendor.com/shop/                                
| ✓ | ⏱: 11.02s 
  [nysapprovedvendor] https://nysapprovedvendor.com/shop/ → 85 products
[FETCH]... ↓ https://emmaspremiumservices.com/collections/hygiene               
| ✓ | ⏱: 5.96s 
[SCRAPE].. ◆ https://emmaspremiumservices.com/collections/hygiene               
| ✓ | ⏱: 0.18s 
[COMPLETE] ● https://emmaspremiumservices.com/collections/hygiene               
| ✓ | ⏱: 6.17s 
  [emmaspremiumservices] https://emmaspremiumservices.com/collections/hygiene → 0 products
[SCRAPE].. ◆ Some images failed to load within timeout 
[FETCH]... ↓ https://emmaspremiumservices.com/collections/clothing              
| ✓ | ⏱: 9.65s 
[SCRAPE].. ◆ https://emmaspremiumservices.com/collections/clothing              
| ✓ | ⏱: 0.54s 
[COMPLETE] ● https://emmaspremiumservices.com/collections/clothing              
| ✓ | ⏱: 10.23s 
  [emmaspremiumservices] https://emmaspremiumservices.com/collections/clothing → 2 products
[FETCH]... ↓ https://emmaspremiumservices.com/collections/electronics           
| ✓ | ⏱: 8.61s 
[SCRAPE].. ◆ https://emmaspremiumservices.com/collections/electronics           
| ✓ | ⏱: 0.38s 
[COMPLETE] ● https://emmaspremiumservices.com/collections/electronics           
| ✓ | ⏱: 9.02s 
  [emmaspremiumservices] https://emmaspremiumservices.com/collections/electronics → 2 products

Compliance check: ['No changes on DOCCS mail/packages page', 'Disapproved vendor list — no changes detected']
New compliant products found: 0

Report saved to: /Users/markususche/Desktop/Vender Resale/research/2026-06-11-daily-report.md
Latest report: /Users/markususche/Desktop/Vender Resale/research/latest-report.md

Done.

============================================================
Vender Resale — Nightly Research — 2026-06-12 02:00
============================================================


[2026-06-12 02:00] Scraping 5 competitor sites...
[FETCH]... ↓ https://plugforinmates.com/collections/all                         
| ✓ | ⏱: 6.01s 
[SCRAPE].. ◆ https://plugforinmates.com/collections/all                         
| ✓ | ⏱: 0.06s 
[COMPLETE] ● https://plugforinmates.com/collections/all                         
| ✓ | ⏱: 6.13s 
  [plugforinmates] https://plugforinmates.com/collections/all → 0 products
[SCRAPE].. ◆ Some images failed to load within timeout 
[SCRAPE].. ◆ Some images failed to load within timeout 
[FETCH]... ↓ https://skyesthelimitcatalog.com/                                  
| ✓ | ⏱: 12.43s 
[SCRAPE].. ◆ https://skyesthelimitcatalog.com/                                  
| ✓ | ⏱: 0.34s 
[COMPLETE] ● https://skyesthelimitcatalog.com/                                  
| ✓ | ⏱: 12.93s 
  [skyesthelimit] https://skyesthelimitcatalog.com/ → 2 products
[FETCH]... ↓ https://plugforinmates.com/                                        
| ✓ | ⏱: 9.43s 
[SCRAPE].. ◆ https://plugforinmates.com/                                        
| ✓ | ⏱: 0.09s 
[COMPLETE] ● https://plugforinmates.com/                                        
| ✓ | ⏱: 9.55s 
  [plugforinmates] https://plugforinmates.com/ → 9 products
[FETCH]... ↓ https://cigessentials.com/                                         
| ✓ | ⏱: 15.76s 
[SCRAPE].. ◆ https://cigessentials.com/                                         
| ✓ | ⏱: 0.75s 
[COMPLETE] ● https://cigessentials.com/                                         
| ✓ | ⏱: 16.58s 
  [cigessentials] https://cigessentials.com/ → 16 products
[SCRAPE].. ◆ Some images failed to load within timeout 
[FETCH]... ↓ https://skyesthelimitcatalog.com/shop/                             
| ✓ | ⏱: 7.80s 
[SCRAPE].. ◆ https://skyesthelimitcatalog.com/shop/                             
| ✓ | ⏱: 0.01s 
[COMPLETE] ● https://skyesthelimitcatalog.com/shop/                             
| ✓ | ⏱: 7.82s 
  [skyesthelimit] https://skyesthelimitcatalog.com/shop/ → 0 products
[FETCH]... ↓ https://emmaspremiumservices.com/collections/all                   
| ✓ | ⏱: 21.70s 
[SCRAPE].. ◆ https://emmaspremiumservices.com/collections/all                   
| ✓ | ⏱: 0.62s 
[COMPLETE] ● https://emmaspremiumservices.com/collections/all                   
| ✓ | ⏱: 22.36s 
  [emmaspremiumservices] https://emmaspremiumservices.com/collections/all → 2 products
[FETCH]... ↓ https://cigessentials.com/collections/all                          
| ✓ | ⏱: 7.41s 
[SCRAPE].. ◆ https://cigessentials.com/collections/all                          
| ✓ | ⏱: 0.24s 
[COMPLETE] ● https://cigessentials.com/collections/all                          
| ✓ | ⏱: 7.70s 
  [cigessentials] https://cigessentials.com/collections/all → 1 products
[FETCH]... ↓ https://nysapprovedvendor.com/                                     
| ✓ | ⏱: 24.76s 
[SCRAPE].. ◆ https://nysapprovedvendor.com/                                     
| ✓ | ⏱: 0.76s 
[COMPLETE] ● https://nysapprovedvendor.com/                                     
| ✓ | ⏱: 25.57s 
  [nysapprovedvendor] https://nysapprovedvendor.com/ → 85 products
[FETCH]... ↓ https://emmaspremiumservices.com/collections/food-snacks           
| ✓ | ⏱: 6.33s 
[SCRAPE].. ◆ https://emmaspremiumservices.com/collections/food-snacks           
| ✓ | ⏱: 0.22s 
[COMPLETE] ● https://emmaspremiumservices.com/collections/food-snacks           
| ✓ | ⏱: 6.59s 
  [emmaspremiumservices] https://emmaspremiumservices.com/collections/food-snacks → 0 products
[SCRAPE].. ◆ Some images failed to load within timeout 
[SCRAPE].. ◆ Some images failed to load within timeout 
[FETCH]... ↓ https://emmaspremiumservices.com/collections/hygiene               
| ✓ | ⏱: 6.48s 
[SCRAPE].. ◆ https://emmaspremiumservices.com/collections/hygiene               
| ✓ | ⏱: 0.20s 
[COMPLETE] ● https://emmaspremiumservices.com/collections/hygiene               
| ✓ | ⏱: 6.71s 
  [emmaspremiumservices] https://emmaspremiumservices.com/collections/hygiene → 0 products
[FETCH]... ↓ https://nysapprovedvendor.com/shop/                                
| ✓ | ⏱: 12.49s 
[SCRAPE].. ◆ https://nysapprovedvendor.com/shop/                                
| ✓ | ⏱: 0.56s 
[COMPLETE] ● https://nysapprovedvendor.com/shop/                                
| ✓ | ⏱: 13.09s 
  [nysapprovedvendor] https://nysapprovedvendor.com/shop/ → 85 products
[SCRAPE].. ◆ Some images failed to load within timeout 
[FETCH]... ↓ https://emmaspremiumservices.com/collections/clothing              
| ✓ | ⏱: 10.38s 
[SCRAPE].. ◆ https://emmaspremiumservices.com/collections/clothing              
| ✓ | ⏱: 0.48s 
[COMPLETE] ● https://emmaspremiumservices.com/collections/clothing              
| ✓ | ⏱: 10.90s 
  [emmaspremiumservices] https://emmaspremiumservices.com/collections/clothing → 2 products
[SCRAPE].. ◆ Some images failed to load within timeout 
[FETCH]... ↓ https://emmaspremiumservices.com/collections/electronics           
| ✓ | ⏱: 9.28s 
[SCRAPE].. ◆ https://emmaspremiumservices.com/collections/electronics           
| ✓ | ⏱: 0.38s 
[COMPLETE] ● https://emmaspremiumservices.com/collections/electronics           
| ✓ | ⏱: 9.70s 
  [emmaspremiumservices] https://emmaspremiumservices.com/collections/electronics → 2 products

Compliance check: ['DOCCS mail/packages page content changed — review immediately', 'Disapproved vendor list — no changes detected']
New compliant products found: 0

Report saved to: /Users/markususche/Desktop/Vender Resale/research/2026-06-12-daily-report.md
Latest report: /Users/markususche/Desktop/Vender Resale/research/latest-report.md

*** COMPLIANCE CHANGES DETECTED — CHECK IMMEDIATELY ***

============================================================
Vender Resale — Nightly Research — 2026-06-13 02:00
============================================================


[2026-06-13 02:00] Scraping 5 competitor sites...
[FETCH]... ↓ https://plugforinmates.com/collections/all                         
| ✓ | ⏱: 5.34s 
[SCRAPE].. ◆ https://plugforinmates.com/collections/all                         
| ✓ | ⏱: 0.02s 
[COMPLETE] ● https://plugforinmates.com/collections/all                         
| ✓ | ⏱: 5.39s 
  [plugforinmates] https://plugforinmates.com/collections/all → 0 products
[SCRAPE].. ◆ Some images failed to load within timeout 
[FETCH]... ↓ https://skyesthelimitcatalog.com/                                  
| ✓ | ⏱: 12.61s 
[SCRAPE].. ◆ https://skyesthelimitcatalog.com/                                  
| ✓ | ⏱: 0.15s 
[COMPLETE] ● https://skyesthelimitcatalog.com/                                  
| ✓ | ⏱: 12.79s 
  [skyesthelimit] https://skyesthelimitcatalog.com/ → 2 products
[SCRAPE].. ◆ Some images failed to load within timeout 
[FETCH]... ↓ https://plugforinmates.com/                                        
| ✓ | ⏱: 9.42s 
[SCRAPE].. ◆ https://plugforinmates.com/                                        
| ✓ | ⏱: 0.06s 
[COMPLETE] ● https://plugforinmates.com/                                        
| ✓ | ⏱: 9.50s 
  [plugforinmates] https://plugforinmates.com/ → 9 products
[FETCH]... ↓ https://cigessentials.com/                                         
| ✓ | ⏱: 15.01s 
[SCRAPE].. ◆ https://cigessentials.com/                                         
| ✓ | ⏱: 0.44s 
[COMPLETE] ● https://cigessentials.com/                                         
| ✓ | ⏱: 15.48s 
  [cigessentials] https://cigessentials.com/ → 16 products
[FETCH]... ↓ https://skyesthelimitcatalog.com/shop/                             
| ✓ | ⏱: 3.21s 
[SCRAPE].. ◆ https://skyesthelimitcatalog.com/shop/                             
| ✓ | ⏱: 0.00s 
[COMPLETE] ● https://skyesthelimitcatalog.com/shop/                             
| ✓ | ⏱: 3.23s 
  [skyesthelimit] https://skyesthelimitcatalog.com/shop/ → 0 products
[FETCH]... ↓ https://emmaspremiumservices.com/collections/all                   
| ✓ | ⏱: 17.71s 
[SCRAPE].. ◆ https://emmaspremiumservices.com/collections/all                   
| ✓ | ⏱: 0.53s 
[COMPLETE] ● https://emmaspremiumservices.com/collections/all                   
| ✓ | ⏱: 18.27s 
  [emmaspremiumservices] https://emmaspremiumservices.com/collections/all → 2 products
[FETCH]... ↓ https://nysapprovedvendor.com/                                     
| ✓ | ⏱: 19.96s 
[SCRAPE].. ◆ https://nysapprovedvendor.com/                                     
| ✓ | ⏱: 0.74s 
[COMPLETE] ● https://nysapprovedvendor.com/                                     
| ✓ | ⏱: 20.76s 
  [nysapprovedvendor] https://nysapprovedvendor.com/ → 85 products
[SCRAPE].. ◆ Some images failed to load within timeout 
[FETCH]... ↓ https://cigessentials.com/collections/all                          
| ✓ | ⏱: 6.24s 
[SCRAPE].. ◆ https://cigessentials.com/collections/all                          
| ✓ | ⏱: 0.12s 
[COMPLETE] ● https://cigessentials.com/collections/all                          
| ✓ | ⏱: 6.39s 
  [cigessentials] https://cigessentials.com/collections/all → 1 products
[FETCH]... ↓ https://emmaspremiumservices.com/collections/food-snacks           
| ✓ | ⏱: 5.72s 
[SCRAPE].. ◆ https://emmaspremiumservices.com/collections/food-snacks           
| ✓ | ⏱: 0.20s 
[COMPLETE] ● https://emmaspremiumservices.com/collections/food-snacks           
| ✓ | ⏱: 5.96s 
  [emmaspremiumservices] https://emmaspremiumservices.com/collections/food-snacks → 0 products
[SCRAPE].. ◆ Some images failed to load within timeout 
[FETCH]... ↓ https://emmaspremiumservices.com/collections/hygiene               
| ✓ | ⏱: 7.13s 
[SCRAPE].. ◆ https://emmaspremiumservices.com/collections/hygiene               
| ✓ | ⏱: 0.17s 
[COMPLETE] ● https://emmaspremiumservices.com/collections/hygiene               
| ✓ | ⏱: 7.33s 
  [emmaspremiumservices] https://emmaspremiumservices.com/collections/hygiene → 0 products
[FETCH]... ↓ https://nysapprovedvendor.com/shop/                                
| ✓ | ⏱: 11.38s 
[SCRAPE].. ◆ https://nysapprovedvendor.com/shop/                                
| ✓ | ⏱: 0.59s 
[COMPLETE] ● https://nysapprovedvendor.com/shop/                                
| ✓ | ⏱: 12.01s 
  [nysapprovedvendor] https://nysapprovedvendor.com/shop/ → 85 products
[SCRAPE].. ◆ Some images failed to load within timeout 
[FETCH]... ↓ https://emmaspremiumservices.com/collections/clothing              
| ✓ | ⏱: 11.35s 
[SCRAPE].. ◆ https://emmaspremiumservices.com/collections/clothing              
| ✓ | ⏱: 0.57s 
[COMPLETE] ● https://emmaspremiumservices.com/collections/clothing              
| ✓ | ⏱: 11.96s 
  [emmaspremiumservices] https://emmaspremiumservices.com/collections/clothing → 2 products
[SCRAPE].. ◆ Some images failed to load within timeout 
[FETCH]... ↓ https://emmaspremiumservices.com/collections/electronics           
| ✓ | ⏱: 9.24s 
[SCRAPE].. ◆ https://emmaspremiumservices.com/collections/electronics           
| ✓ | ⏱: 0.38s 
[COMPLETE] ● https://emmaspremiumservices.com/collections/electronics           
| ✓ | ⏱: 9.65s 
  [emmaspremiumservices] https://emmaspremiumservices.com/collections/electronics → 2 products

Compliance check: ['No changes on DOCCS mail/packages page', 'Disapproved vendor list — no changes detected']
New compliant products found: 3

Report saved to: /Users/markususche/Desktop/Vender Resale/research/2026-06-13-daily-report.md
Latest report: /Users/markususche/Desktop/Vender Resale/research/latest-report.md

Done.

============================================================
Vender Resale — Nightly Research — 2026-06-15 02:00
============================================================


[2026-06-15 02:00] Scraping 5 competitor sites...
[FETCH]... ↓ https://plugforinmates.com/collections/all                         
| ✓ | ⏱: 5.99s 
[SCRAPE].. ◆ https://plugforinmates.com/collections/all                         
| ✓ | ⏱: 0.03s 
[COMPLETE] ● https://plugforinmates.com/collections/all                         
| ✓ | ⏱: 6.05s 
  [plugforinmates] https://plugforinmates.com/collections/all → 0 products
[SCRAPE].. ◆ Some images failed to load within timeout 
[FETCH]... ↓ https://skyesthelimitcatalog.com/                                  
| ✓ | ⏱: 12.19s 
[SCRAPE].. ◆ https://skyesthelimitcatalog.com/                                  
| ✓ | ⏱: 0.19s 
[COMPLETE] ● https://skyesthelimitcatalog.com/                                  
| ✓ | ⏱: 12.45s 
  [skyesthelimit] https://skyesthelimitcatalog.com/ → 2 products
[SCRAPE].. ◆ Some images failed to load within timeout 
[FETCH]... ↓ https://skyesthelimitcatalog.com/shop/                             
| ✓ | ⏱: 1.96s 
[SCRAPE].. ◆ https://skyesthelimitcatalog.com/shop/                             
| ✓ | ⏱: 0.00s 
[COMPLETE] ● https://skyesthelimitcatalog.com/shop/                             
| ✓ | ⏱: 1.98s 
  [skyesthelimit] https://skyesthelimitcatalog.com/shop/ → 0 products
[FETCH]... ↓ https://cigessentials.com/                                         
| ✓ | ⏱: 14.76s 
[SCRAPE].. ◆ https://cigessentials.com/                                         
| ✓ | ⏱: 0.43s 
[COMPLETE] ● https://cigessentials.com/                                         
| ✓ | ⏱: 15.23s 
  [cigessentials] https://cigessentials.com/ → 16 products
[FETCH]... ↓ https://plugforinmates.com/                                        
| ✓ | ⏱: 9.55s 
[SCRAPE].. ◆ https://plugforinmates.com/                                        
| ✓ | ⏱: 0.06s 
[COMPLETE] ● https://plugforinmates.com/                                        
| ✓ | ⏱: 9.63s 
  [plugforinmates] https://plugforinmates.com/ → 9 products
[FETCH]... ↓ https://emmaspremiumservices.com/collections/all                   
| ✓ | ⏱: 18.88s 
[SCRAPE].. ◆ https://emmaspremiumservices.com/collections/all                   
| ✓ | ⏱: 0.46s 
[COMPLETE] ● https://emmaspremiumservices.com/collections/all                   
| ✓ | ⏱: 19.38s 
  [emmaspremiumservices] https://emmaspremiumservices.com/collections/all → 2 products
[FETCH]... ↓ https://nysapprovedvendor.com/                                     
| ✓ | ⏱: 21.27s 
[SCRAPE].. ◆ https://nysapprovedvendor.com/                                     
| ✓ | ⏱: 0.72s 
[COMPLETE] ● https://nysapprovedvendor.com/                                     
| ✓ | ⏱: 22.03s 
  [nysapprovedvendor] https://nysapprovedvendor.com/ → 85 products
[FETCH]... ↓ https://cigessentials.com/collections/all                          
| ✓ | ⏱: 7.16s 
[SCRAPE].. ◆ https://cigessentials.com/collections/all                          
| ✓ | ⏱: 0.12s 
[COMPLETE] ● https://cigessentials.com/collections/all                          
| ✓ | ⏱: 7.31s 
  [cigessentials] https://cigessentials.com/collections/all → 1 products
[SCRAPE].. ◆ Some images failed to load within timeout 
[FETCH]... ↓ https://emmaspremiumservices.com/collections/food-snacks           
| ✓ | ⏱: 6.82s 
[SCRAPE].. ◆ https://emmaspremiumservices.com/collections/food-snacks           
| ✓ | ⏱: 0.24s 
[COMPLETE] ● https://emmaspremiumservices.com/collections/food-snacks           
| ✓ | ⏱: 7.09s 
  [emmaspremiumservices] https://emmaspremiumservices.com/collections/food-snacks → 0 products
[SCRAPE].. ◆ Some images failed to load within timeout 
[SCRAPE].. ◆ Some images failed to load within timeout 
[FETCH]... ↓ https://emmaspremiumservices.com/collections/hygiene               
| ✓ | ⏱: 6.06s 
[SCRAPE].. ◆ https://emmaspremiumservices.com/collections/hygiene               
| ✓ | ⏱: 0.20s 
[COMPLETE] ● https://emmaspremiumservices.com/collections/hygiene               
| ✓ | ⏱: 6.29s 
  [emmaspremiumservices] https://emmaspremiumservices.com/collections/hygiene → 0 products
[FETCH]... ↓ https://nysapprovedvendor.com/shop/                                
| ✓ | ⏱: 11.35s 
[SCRAPE].. ◆ https://nysapprovedvendor.com/shop/                                
| ✓ | ⏱: 0.69s 
[COMPLETE] ● https://nysapprovedvendor.com/shop/                                
| ✓ | ⏱: 12.16s 
  [nysapprovedvendor] https://nysapprovedvendor.com/shop/ → 85 products
[SCRAPE].. ◆ Some images failed to load within timeout 
[FETCH]... ↓ https://emmaspremiumservices.com/collections/clothing              
| ✓ | ⏱: 9.87s 
[SCRAPE].. ◆ https://emmaspremiumservices.com/collections/clothing              
| ✓ | ⏱: 0.55s 
[COMPLETE] ● https://emmaspremiumservices.com/collections/clothing              
| ✓ | ⏱: 10.46s 
  [emmaspremiumservices] https://emmaspremiumservices.com/collections/clothing → 2 products
[SCRAPE].. ◆ Some images failed to load within timeout 
[FETCH]... ↓ https://emmaspremiumservices.com/collections/electronics           
| ✓ | ⏱: 9.35s 
[SCRAPE].. ◆ https://emmaspremiumservices.com/collections/electronics           
| ✓ | ⏱: 0.37s 
[COMPLETE] ● https://emmaspremiumservices.com/collections/electronics           
| ✓ | ⏱: 9.75s 
  [emmaspremiumservices] https://emmaspremiumservices.com/collections/electronics → 2 products

Compliance check: ['No changes on DOCCS mail/packages page', 'Disapproved vendor list — no changes detected']
New compliant products found: 0

Report saved to: /Users/markususche/Desktop/Vender Resale/research/2026-06-15-daily-report.md
Latest report: /Users/markususche/Desktop/Vender Resale/research/latest-report.md

Done.

============================================================
Vender Resale — Nightly Research — 2026-06-16 02:00
============================================================


[2026-06-16 02:00] Scraping 5 competitor sites...
[FETCH]... ↓ https://plugforinmates.com/collections/all                         
| ✓ | ⏱: 7.09s 
[SCRAPE].. ◆ https://plugforinmates.com/collections/all                         
| ✓ | ⏱: 0.02s 
[COMPLETE] ● https://plugforinmates.com/collections/all                         
| ✓ | ⏱: 7.30s 
  [plugforinmates] https://plugforinmates.com/collections/all → 0 products
[SCRAPE].. ◆ Some images failed to load within timeout 
[SCRAPE].. ◆ Some images failed to load within timeout 
[FETCH]... ↓ https://plugforinmates.com/                                        
| ✓ | ⏱: 10.77s 
[SCRAPE].. ◆ https://plugforinmates.com/                                        
| ✓ | ⏱: 0.47s 
[COMPLETE] ● https://plugforinmates.com/                                        
| ✓ | ⏱: 11.41s 
  [plugforinmates] https://plugforinmates.com/ → 9 products
[FETCH]... ↓ https://skyesthelimitcatalog.com/                                  
| ✓ | ⏱: 18.89s 
[SCRAPE].. ◆ https://skyesthelimitcatalog.com/                                  
| ✓ | ⏱: 0.40s 
[COMPLETE] ● https://skyesthelimitcatalog.com/                                  
| ✓ | ⏱: 19.45s 
  [skyesthelimit] https://skyesthelimitcatalog.com/ → 2 products
[FETCH]... ↓ https://cigessentials.com/                                         
| ✓ | ⏱: 20.47s 
[SCRAPE].. ◆ https://cigessentials.com/                                         
| ✓ | ⏱: 1.59s 
[COMPLETE] ● https://cigessentials.com/                                         
| ✓ | ⏱: 22.74s 
  [cigessentials] https://cigessentials.com/ → 16 products
[SCRAPE].. ◆ Some images failed to load within timeout 
[SCRAPE].. ◆ Some images failed to load within timeout 
[FETCH]... ↓ https://emmaspremiumservices.com/collections/all                   
| ✓ | ⏱: 30.92s 
[SCRAPE].. ◆ https://emmaspremiumservices.com/collections/all                   
| ✓ | ⏱: 0.76s 
[COMPLETE] ● https://emmaspremiumservices.com/collections/all                   
| ✓ | ⏱: 31.73s 
  [emmaspremiumservices] https://emmaspremiumservices.com/collections/all → 2 products
[FETCH]... ↓ https://cigessentials.com/collections/all                          
| ✓ | ⏱: 9.02s 
[SCRAPE].. ◆ https://cigessentials.com/collections/all                          
| ✓ | ⏱: 0.19s 
[COMPLETE] ● https://cigessentials.com/collections/all                          
| ✓ | ⏱: 9.50s 
  [cigessentials] https://cigessentials.com/collections/all → 1 products
[FETCH]... ↓ https://skyesthelimitcatalog.com/shop/                             
| ✓ | ⏱: 13.23s 
[SCRAPE].. ◆ https://skyesthelimitcatalog.com/shop/                             
| ✓ | ⏱: 0.00s 
[COMPLETE] ● https://skyesthelimitcatalog.com/shop/                             
| ✓ | ⏱: 13.27s 
  [skyesthelimit] https://skyesthelimitcatalog.com/shop/ → 0 products
[FETCH]... ↓ https://nysapprovedvendor.com/                                     
| ✓ | ⏱: 33.61s 
[SCRAPE].. ◆ https://nysapprovedvendor.com/                                     
| ✓ | ⏱: 1.80s 
[COMPLETE] ● https://nysapprovedvendor.com/                                     
| ✓ | ⏱: 35.48s 
  [nysapprovedvendor] https://nysapprovedvendor.com/ → 85 products
[SCRAPE].. ◆ Some images failed to load within timeout 
[FETCH]... ↓ https://emmaspremiumservices.com/collections/food-snacks           
| ✓ | ⏱: 10.85s 
[SCRAPE].. ◆ https://emmaspremiumservices.com/collections/food-snacks           
| ✓ | ⏱: 0.54s 
[COMPLETE] ● https://emmaspremiumservices.com/collections/food-snacks           
| ✓ | ⏱: 11.54s 
  [emmaspremiumservices] https://emmaspremiumservices.com/collections/food-snacks → 0 products
[SCRAPE].. ◆ Some images failed to load within timeout 
[SCRAPE].. ◆ Some images failed to load within timeout 
[FETCH]... ↓ https://emmaspremiumservices.com/collections/hygiene               
| ✓ | ⏱: 8.45s 
[SCRAPE].. ◆ https://emmaspremiumservices.com/collections/hygiene               
| ✓ | ⏱: 0.41s 
[COMPLETE] ● https://emmaspremiumservices.com/collections/hygiene               
| ✓ | ⏱: 8.92s 
  [emmaspremiumservices] https://emmaspremiumservices.com/collections/hygiene → 0 products
[FETCH]... ↓ https://nysapprovedvendor.com/shop/                                
| ✓ | ⏱: 19.44s 
[SCRAPE].. ◆ https://nysapprovedvendor.com/shop/                                
| ✓ | ⏱: 0.70s 
[COMPLETE] ● https://nysapprovedvendor.com/shop/                                
| ✓ | ⏱: 20.20s 
  [nysapprovedvendor] https://nysapprovedvendor.com/shop/ → 85 products
[SCRAPE].. ◆ Some images failed to load within timeout 
[FETCH]... ↓ https://emmaspremiumservices.com/collections/clothing              
| ✓ | ⏱: 11.05s 
[SCRAPE].. ◆ https://emmaspremiumservices.com/collections/clothing              
| ✓ | ⏱: 0.62s 
[COMPLETE] ● https://emmaspremiumservices.com/collections/clothing              
| ✓ | ⏱: 11.71s 
  [emmaspremiumservices] https://emmaspremiumservices.com/collections/clothing → 2 products
[SCRAPE].. ◆ Some images failed to load within timeout 
[FETCH]... ↓ https://emmaspremiumservices.com/collections/electronics           
| ✓ | ⏱: 10.23s 
[SCRAPE].. ◆ https://emmaspremiumservices.com/collections/electronics           
| ✓ | ⏱: 0.47s 
[COMPLETE] ● https://emmaspremiumservices.com/collections/electronics           
| ✓ | ⏱: 10.74s 
  [emmaspremiumservices] https://emmaspremiumservices.com/collections/electronics → 2 products

Compliance check: ['No changes on DOCCS mail/packages page', 'Disapproved vendor list — no changes detected']
New compliant products found: 0

Report saved to: /Users/markususche/Desktop/Vender Resale/research/2026-06-16-daily-report.md
Latest report: /Users/markususche/Desktop/Vender Resale/research/latest-report.md

Done.

============================================================
Vender Resale — Nightly Research — 2026-06-17 02:00
============================================================


[2026-06-17 02:00] Scraping 5 competitor sites...
[SCRAPE].. ◆ Some images failed to load within timeout 
[FETCH]... ↓ https://plugforinmates.com/collections/all                         
| ✓ | ⏱: 6.34s 
[SCRAPE].. ◆ https://plugforinmates.com/collections/all                         
| ✓ | ⏱: 0.03s 
[COMPLETE] ● https://plugforinmates.com/collections/all                         
| ✓ | ⏱: 6.38s 
  [plugforinmates] https://plugforinmates.com/collections/all → 0 products
[SCRAPE].. ◆ Some images failed to load within timeout 
[FETCH]... ↓ https://skyesthelimitcatalog.com/                                  
| ✓ | ⏱: 11.05s 
[SCRAPE].. ◆ https://skyesthelimitcatalog.com/                                  
| ✓ | ⏱: 0.27s 
[COMPLETE] ● https://skyesthelimitcatalog.com/                                  
| ✓ | ⏱: 11.43s 
  [skyesthelimit] https://skyesthelimitcatalog.com/ → 2 products
[SCRAPE].. ◆ Some images failed to load within timeout 
[FETCH]... ↓ https://plugforinmates.com/                                        
| ✓ | ⏱: 8.98s 
[SCRAPE].. ◆ https://plugforinmates.com/                                        
| ✓ | ⏱: 0.07s 
[COMPLETE] ● https://plugforinmates.com/                                        
| ✓ | ⏱: 9.07s 
  [plugforinmates] https://plugforinmates.com/ → 9 products
[FETCH]... ↓ https://cigessentials.com/                                         
| ✓ | ⏱: 15.60s 
[SCRAPE].. ◆ https://cigessentials.com/                                         
| ✓ | ⏱: 0.64s 
[COMPLETE] ● https://cigessentials.com/                                         
| ✓ | ⏱: 16.28s 
  [cigessentials] https://cigessentials.com/ → 16 products
[FETCH]... ↓ https://skyesthelimitcatalog.com/shop/                             
| ✓ | ⏱: 5.90s 
[SCRAPE].. ◆ https://skyesthelimitcatalog.com/shop/                             
| ✓ | ⏱: 0.00s 
[COMPLETE] ● https://skyesthelimitcatalog.com/shop/                             
| ✓ | ⏱: 5.92s 
  [skyesthelimit] https://skyesthelimitcatalog.com/shop/ → 0 products
[FETCH]... ↓ https://emmaspremiumservices.com/collections/all                   
| ✓ | ⏱: 18.87s 
[SCRAPE].. ◆ https://emmaspremiumservices.com/collections/all                   
| ✓ | ⏱: 0.45s 
[COMPLETE] ● https://emmaspremiumservices.com/collections/all                   
| ✓ | ⏱: 19.36s 
  [emmaspremiumservices] https://emmaspremiumservices.com/collections/all → 2 products
[FETCH]... ↓ https://nysapprovedvendor.com/                                     
| ✓ | ⏱: 22.06s 
[SCRAPE].. ◆ https://nysapprovedvendor.com/                                     
| ✓ | ⏱: 0.57s 
[COMPLETE] ● https://nysapprovedvendor.com/                                     
| ✓ | ⏱: 22.67s 
  [nysapprovedvendor] https://nysapprovedvendor.com/ → 85 products
[SCRAPE].. ◆ Some images failed to load within timeout 
[FETCH]... ↓ https://cigessentials.com/collections/all                          
| ✓ | ⏱: 6.79s 
[SCRAPE].. ◆ https://cigessentials.com/collections/all                          
| ✓ | ⏱: 0.11s 
[COMPLETE] ● https://cigessentials.com/collections/all                          
| ✓ | ⏱: 6.92s 
  [cigessentials] https://cigessentials.com/collections/all → 1 products
[FETCH]... ↓ https://emmaspremiumservices.com/collections/food-snacks           
| ✓ | ⏱: 6.36s 
[SCRAPE].. ◆ https://emmaspremiumservices.com/collections/food-snacks           
| ✓ | ⏱: 0.21s 
[COMPLETE] ● https://emmaspremiumservices.com/collections/food-snacks           
| ✓ | ⏱: 6.60s 
  [emmaspremiumservices] https://emmaspremiumservices.com/collections/food-snacks → 0 products
[SCRAPE].. ◆ Some images failed to load within timeout 
[SCRAPE].. ◆ Some images failed to load within timeout 
[FETCH]... ↓ https://emmaspremiumservices.com/collections/hygiene               
| ✓ | ⏱: 5.79s 
[SCRAPE].. ◆ https://emmaspremiumservices.com/collections/hygiene               
| ✓ | ⏱: 0.20s 
[COMPLETE] ● https://emmaspremiumservices.com/collections/hygiene               
| ✓ | ⏱: 6.04s 
  [emmaspremiumservices] https://emmaspremiumservices.com/collections/hygiene → 0 products
[FETCH]... ↓ https://nysapprovedvendor.com/shop/                                
| ✓ | ⏱: 12.10s 
[SCRAPE].. ◆ https://nysapprovedvendor.com/shop/                                
| ✓ | ⏱: 0.63s 
[COMPLETE] ● https://nysapprovedvendor.com/shop/                                
| ✓ | ⏱: 12.77s 
  [nysapprovedvendor] https://nysapprovedvendor.com/shop/ → 85 products
[SCRAPE].. ◆ Some images failed to load within timeout 
[FETCH]... ↓ https://emmaspremiumservices.com/collections/clothing              
| ✓ | ⏱: 10.84s 
[SCRAPE].. ◆ https://emmaspremiumservices.com/collections/clothing              
| ✓ | ⏱: 0.48s 
[COMPLETE] ● https://emmaspremiumservices.com/collections/clothing              
| ✓ | ⏱: 11.36s 
  [emmaspremiumservices] https://emmaspremiumservices.com/collections/clothing → 2 products
[SCRAPE].. ◆ Some images failed to load within timeout 
[FETCH]... ↓ https://emmaspremiumservices.com/collections/electronics           
| ✓ | ⏱: 9.33s 
[SCRAPE].. ◆ https://emmaspremiumservices.com/collections/electronics           
| ✓ | ⏱: 0.45s 
[COMPLETE] ● https://emmaspremiumservices.com/collections/electronics           
| ✓ | ⏱: 9.82s 
  [emmaspremiumservices] https://emmaspremiumservices.com/collections/electronics → 2 products

Compliance check: ['No changes on DOCCS mail/packages page', 'Disapproved vendor list — no changes detected']
New compliant products found: 0

Report saved to: /Users/markususche/Desktop/Vender Resale/research/2026-06-17-daily-report.md
Latest report: /Users/markususche/Desktop/Vender Resale/research/latest-report.md

Done.

============================================================
Vender Resale — Nightly Research — 2026-06-18 02:00
============================================================


[2026-06-18 02:00] Scraping 5 competitor sites...
[FETCH]... ↓ https://plugforinmates.com/collections/all                         
| ✓ | ⏱: 7.78s 
[SCRAPE].. ◆ https://plugforinmates.com/collections/all                         
| ✓ | ⏱: 0.03s 
[COMPLETE] ● https://plugforinmates.com/collections/all                         
| ✓ | ⏱: 8.02s 
  [plugforinmates] https://plugforinmates.com/collections/all → 0 products
[SCRAPE].. ◆ Some images failed to load within timeout 
[SCRAPE].. ◆ Some images failed to load within timeout 
[FETCH]... ↓ https://skyesthelimitcatalog.com/                                  
| ✓ | ⏱: 17.03s 
[SCRAPE].. ◆ https://skyesthelimitcatalog.com/                                  
| ✓ | ⏱: 0.39s 
[COMPLETE] ● https://skyesthelimitcatalog.com/                                  
| ✓ | ⏱: 17.50s 
  [skyesthelimit] https://skyesthelimitcatalog.com/ → 2 products
[FETCH]... ↓ https://plugforinmates.com/                                        
| ✓ | ⏱: 11.69s 
[SCRAPE].. ◆ https://plugforinmates.com/                                        
| ✓ | ⏱: 0.12s 
[COMPLETE] ● https://plugforinmates.com/                                        
| ✓ | ⏱: 11.84s 
  [plugforinmates] https://plugforinmates.com/ → 9 products
[SCRAPE].. ◆ Some images failed to load within timeout 
[FETCH]... ↓ https://cigessentials.com/                                         
| ✓ | ⏱: 22.56s 
[SCRAPE].. ◆ https://cigessentials.com/                                         
| ✓ | ⏱: 0.57s 
[COMPLETE] ● https://cigessentials.com/                                         
| ✓ | ⏱: 23.17s 
  [cigessentials] https://cigessentials.com/ → 16 products
[FETCH]... ↓ https://emmaspremiumservices.com/collections/all                   
| ✓ | ⏱: 26.51s 
[SCRAPE].. ◆ https://emmaspremiumservices.com/collections/all                   
| ✓ | ⏱: 0.65s 
[COMPLETE] ● https://emmaspremiumservices.com/collections/all                   
| ✓ | ⏱: 27.21s 
  [emmaspremiumservices] https://emmaspremiumservices.com/collections/all → 2 products
[FETCH]... ↓ https://cigessentials.com/collections/all                          
| ✓ | ⏱: 6.76s 
[SCRAPE].. ◆ https://cigessentials.com/collections/all                          
| ✓ | ⏱: 0.24s 
[COMPLETE] ● https://cigessentials.com/collections/all                          
| ✓ | ⏱: 7.09s 
  [cigessentials] https://cigessentials.com/collections/all → 1 products
[FETCH]... ↓ https://nysapprovedvendor.com/                                     
| ✓ | ⏱: 30.53s 
[SCRAPE].. ◆ https://nysapprovedvendor.com/                                     
| ✓ | ⏱: 1.09s 
[COMPLETE] ● https://nysapprovedvendor.com/                                     
| ✓ | ⏱: 31.67s 
  [nysapprovedvendor] https://nysapprovedvendor.com/ → 85 products
[FETCH]... ↓ https://emmaspremiumservices.com/collections/food-snacks           
| ✓ | ⏱: 7.50s 
[SCRAPE].. ◆ https://emmaspremiumservices.com/collections/food-snacks           
| ✓ | ⏱: 0.28s 
[COMPLETE] ● https://emmaspremiumservices.com/collections/food-snacks           
| ✓ | ⏱: 7.83s 
  [emmaspremiumservices] https://emmaspremiumservices.com/collections/food-snacks → 0 products
[SCRAPE].. ◆ Some images failed to load within timeout 
[SCRAPE].. ◆ Some images failed to load within timeout 
[FETCH]... ↓ https://emmaspremiumservices.com/collections/hygiene               
| ✓ | ⏱: 6.05s 
[SCRAPE].. ◆ https://emmaspremiumservices.com/collections/hygiene               
| ✓ | ⏱: 0.32s 
[COMPLETE] ● https://emmaspremiumservices.com/collections/hygiene               
| ✓ | ⏱: 6.43s 
  [emmaspremiumservices] https://emmaspremiumservices.com/collections/hygiene → 0 products
[FETCH]... ↓ https://nysapprovedvendor.com/shop/                                
| ✓ | ⏱: 12.73s 
[SCRAPE].. ◆ https://nysapprovedvendor.com/shop/                                
| ✓ | ⏱: 1.09s 
[COMPLETE] ● https://nysapprovedvendor.com/shop/                                
| ✓ | ⏱: 13.90s 
  [nysapprovedvendor] https://nysapprovedvendor.com/shop/ → 85 products
[ANTIBOT]. ℹ https://skyesthelimitcatalog.com/shop/             | Error: Proxy 
direct failed: Failed on navigating ACS-GOTO:
Page.goto: Timeout 30000ms exceeded.
Call log:
  - navigating to "https://skyesthelimitcatalog.com/shop/", waiting until 
"domcontentloaded"
 
[ERROR]... × https://skyesthelimitcatalog.com/shop/             | Error: 
Unexpected error in _crawl_web at line 778 in _crawl_web 
(Library/Python/3.14/lib/python/site-packages/crawl4ai/async_crawler_strategy.py
):
Error: Failed on navigating ACS-GOTO:
Page.goto: Timeout 30000ms exceeded.
Call log:
  - navigating to "https://skyesthelimitcatalog.com/shop/", waiting until 
"domcontentloaded"


Code context:
 773                                   tag="GOTO",
 774                                   params={"url": url},
 775                               )
 776                               response = None
 777                           else:
 778 →                             raise RuntimeError(f"Failed on navigating 
ACS-GOTO:\n{str(e)}")
 779   
 780                       # 
──────────────────────────────────────────────────────────────
 781                       # Walk the redirect chain.  Playwright returns only 
the last
 782                       # hop, so we trace the `request.redirected_from` 
links until the
 783                       # first response that differs from the final one and 
surface its 
  [skyesthelimit] FAIL https://skyesthelimitcatalog.com/shop/: Unexpected error in _crawl_web at line 778 in _crawl_web (Library/Python/3.14/lib/python/site-packages/crawl4ai/async_crawler_strategy.py):
Error: Failed on navigating ACS-GOTO:
Page.goto: Timeout 30000ms exceeded.
Call log:
  - navigating to "https://skyesthelimitcatalog.com/shop/", waiting until "domcontentloaded"


Code context:
 773                                   tag="GOTO",
 774                                   params={"url": url},
 775                               )
 776                               response = None
 777                           else:
 778 →                             raise RuntimeError(f"Failed on navigating ACS-GOTO:\n{str(e)}")
 779   
 780                       # ──────────────────────────────────────────────────────────────
 781                       # Walk the redirect chain.  Playwright returns only the last
 782                       # hop, so we trace the `request.redirected_from` links until the
 783                       # first response that differs from the final one and surface its
[FETCH]... ↓ https://emmaspremiumservices.com/collections/clothing              
| ✓ | ⏱: 11.37s 
[SCRAPE].. ◆ https://emmaspremiumservices.com/collections/clothing              
| ✓ | ⏱: 0.47s 
[COMPLETE] ● https://emmaspremiumservices.com/collections/clothing              
| ✓ | ⏱: 11.88s 
  [emmaspremiumservices] https://emmaspremiumservices.com/collections/clothing → 2 products
[SCRAPE].. ◆ Some images failed to load within timeout 
[FETCH]... ↓ https://emmaspremiumservices.com/collections/electronics           
| ✓ | ⏱: 9.65s 
[SCRAPE].. ◆ https://emmaspremiumservices.com/collections/electronics           
| ✓ | ⏱: 0.43s 
[COMPLETE] ● https://emmaspremiumservices.com/collections/electronics           
| ✓ | ⏱: 10.12s 
  [emmaspremiumservices] https://emmaspremiumservices.com/collections/electronics → 2 products

Compliance check: ['DOCCS mail/packages page content changed — review immediately', 'Disapproved vendor list — no changes detected']
New compliant products found: 0

Report saved to: /Users/markususche/Desktop/Vender Resale/research/2026-06-18-daily-report.md
Latest report: /Users/markususche/Desktop/Vender Resale/research/latest-report.md

*** COMPLIANCE CHANGES DETECTED — CHECK IMMEDIATELY ***

============================================================
Vender Resale — Nightly Research — 2026-06-19 02:00
============================================================


[2026-06-19 02:00] Scraping 5 competitor sites...
[FETCH]... ↓ https://plugforinmates.com/collections/all                         
| ✓ | ⏱: 7.73s 
[SCRAPE].. ◆ https://plugforinmates.com/collections/all                         
| ✓ | ⏱: 0.04s 
[COMPLETE] ● https://plugforinmates.com/collections/all                         
| ✓ | ⏱: 7.96s 
  [plugforinmates] https://plugforinmates.com/collections/all → 0 products
[SCRAPE].. ◆ Some images failed to load within timeout 
[SCRAPE].. ◆ Some images failed to load within timeout 
[FETCH]... ↓ https://skyesthelimitcatalog.com/                                  
| ✓ | ⏱: 13.87s 
[SCRAPE].. ◆ https://skyesthelimitcatalog.com/                                  
| ✓ | ⏱: 0.66s 
[COMPLETE] ● https://skyesthelimitcatalog.com/                                  
| ✓ | ⏱: 14.58s 
  [skyesthelimit] https://skyesthelimitcatalog.com/ → 2 products
[FETCH]... ↓ https://cigessentials.com/                                         
| ✓ | ⏱: 19.82s 
[SCRAPE].. ◆ https://cigessentials.com/                                         
| ✓ | ⏱: 0.97s 
[COMPLETE] ● https://cigessentials.com/                                         
| ✓ | ⏱: 20.83s 
  [cigessentials] https://cigessentials.com/ → 16 products
[FETCH]... ↓ https://plugforinmates.com/                                        
| ✓ | ⏱: 13.35s 
[SCRAPE].. ◆ https://plugforinmates.com/                                        
| ✓ | ⏱: 0.31s 
[COMPLETE] ● https://plugforinmates.com/                                        
| ✓ | ⏱: 13.70s 
  [plugforinmates] https://plugforinmates.com/ → 9 products
[SCRAPE].. ◆ Some images failed to load within timeout 
[FETCH]... ↓ https://emmaspremiumservices.com/collections/all                   
| ✓ | ⏱: 26.38s 
[SCRAPE].. ◆ https://emmaspremiumservices.com/collections/all                   
| ✓ | ⏱: 0.62s 
[COMPLETE] ● https://emmaspremiumservices.com/collections/all                   
| ✓ | ⏱: 27.15s 
  [emmaspremiumservices] https://emmaspremiumservices.com/collections/all → 2 products
[FETCH]... ↓ https://cigessentials.com/collections/all                          
| ✓ | ⏱: 7.02s 
[SCRAPE].. ◆ https://cigessentials.com/collections/all                          
| ✓ | ⏱: 0.14s 
[COMPLETE] ● https://cigessentials.com/collections/all                          
| ✓ | ⏱: 7.23s 
  [cigessentials] https://cigessentials.com/collections/all → 1 products
[FETCH]... ↓ https://nysapprovedvendor.com/                                     
| ✓ | ⏱: 29.44s 
[SCRAPE].. ◆ https://nysapprovedvendor.com/                                     
| ✓ | ⏱: 0.85s 
[COMPLETE] ● https://nysapprovedvendor.com/                                     
| ✓ | ⏱: 30.35s 
  [nysapprovedvendor] https://nysapprovedvendor.com/ → 79 products
[FETCH]... ↓ https://skyesthelimitcatalog.com/shop/                             
| ✓ | ⏱: 16.12s 
[SCRAPE].. ◆ https://skyesthelimitcatalog.com/shop/                             
| ✓ | ⏱: 0.00s 
[COMPLETE] ● https://skyesthelimitcatalog.com/shop/                             
| ✓ | ⏱: 16.14s 
  [skyesthelimit] https://skyesthelimitcatalog.com/shop/ → 0 products
[SCRAPE].. ◆ Some images failed to load within timeout 
[FETCH]... ↓ https://emmaspremiumservices.com/collections/food-snacks           
| ✓ | ⏱: 8.40s 
[SCRAPE].. ◆ https://emmaspremiumservices.com/collections/food-snacks           
| ✓ | ⏱: 0.35s 
[COMPLETE] ● https://emmaspremiumservices.com/collections/food-snacks           
| ✓ | ⏱: 8.77s 
  [emmaspremiumservices] https://emmaspremiumservices.com/collections/food-snacks → 0 products
[SCRAPE].. ◆ Some images failed to load within timeout 
[SCRAPE].. ◆ Some images failed to load within timeout 
[FETCH]... ↓ https://emmaspremiumservices.com/collections/hygiene               
| ✓ | ⏱: 6.14s 
[SCRAPE].. ◆ https://emmaspremiumservices.com/collections/hygiene               
| ✓ | ⏱: 0.27s 
[COMPLETE] ● https://emmaspremiumservices.com/collections/hygiene               
| ✓ | ⏱: 6.43s 
  [emmaspremiumservices] https://emmaspremiumservices.com/collections/hygiene → 0 products
[FETCH]... ↓ https://nysapprovedvendor.com/shop/                                
| ✓ | ⏱: 12.61s 
[SCRAPE].. ◆ https://nysapprovedvendor.com/shop/                                
| ✓ | ⏱: 0.42s 
[COMPLETE] ● https://nysapprovedvendor.com/shop/                                
| ✓ | ⏱: 13.07s 
  [nysapprovedvendor] https://nysapprovedvendor.com/shop/ → 79 products
[SCRAPE].. ◆ Some images failed to load within timeout 
[FETCH]... ↓ https://emmaspremiumservices.com/collections/clothing              
| ✓ | ⏱: 10.49s 
[SCRAPE].. ◆ https://emmaspremiumservices.com/collections/clothing              
| ✓ | ⏱: 0.52s 
[COMPLETE] ● https://emmaspremiumservices.com/collections/clothing              
| ✓ | ⏱: 11.05s 
  [emmaspremiumservices] https://emmaspremiumservices.com/collections/clothing → 2 products
[SCRAPE].. ◆ Some images failed to load within timeout 
[FETCH]... ↓ https://emmaspremiumservices.com/collections/electronics           
| ✓ | ⏱: 9.98s 
[SCRAPE].. ◆ https://emmaspremiumservices.com/collections/electronics           
| ✓ | ⏱: 0.42s 
[COMPLETE] ● https://emmaspremiumservices.com/collections/electronics           
| ✓ | ⏱: 10.44s 
  [emmaspremiumservices] https://emmaspremiumservices.com/collections/electronics → 2 products

Compliance check: ['No changes on DOCCS mail/packages page', 'Disapproved vendor list — no changes detected']
New compliant products found: 0

Report saved to: /Users/markususche/Desktop/Vender Resale/research/2026-06-19-daily-report.md
Latest report: /Users/markususche/Desktop/Vender Resale/research/latest-report.md

Done.

============================================================
Vender Resale — Nightly Research — 2026-06-20 02:00
============================================================


[2026-06-20 02:00] Scraping 5 competitor sites...
[FETCH]... ↓ https://plugforinmates.com/collections/all                         
| ✓ | ⏱: 9.03s 
[SCRAPE].. ◆ https://plugforinmates.com/collections/all                         
| ✓ | ⏱: 0.03s 
[COMPLETE] ● https://plugforinmates.com/collections/all                         
| ✓ | ⏱: 9.38s 
  [plugforinmates] https://plugforinmates.com/collections/all → 0 products
[SCRAPE].. ◆ Some images failed to load within timeout 
[SCRAPE].. ◆ Some images failed to load within timeout 
[FETCH]... ↓ https://skyesthelimitcatalog.com/                                  
| ✓ | ⏱: 18.23s 
[SCRAPE].. ◆ https://skyesthelimitcatalog.com/                                  
| ✓ | ⏱: 0.29s 
[COMPLETE] ● https://skyesthelimitcatalog.com/                                  
| ✓ | ⏱: 18.69s 
  [skyesthelimit] https://skyesthelimitcatalog.com/ → 2 products
[FETCH]... ↓ https://plugforinmates.com/                                        
| ✓ | ⏱: 11.64s 
[SCRAPE].. ◆ https://plugforinmates.com/                                        
| ✓ | ⏱: 0.15s 
[COMPLETE] ● https://plugforinmates.com/                                        
| ✓ | ⏱: 11.91s 
  [plugforinmates] https://plugforinmates.com/ → 9 products
[SCRAPE].. ◆ Some images failed to load within timeout 
[FETCH]... ↓ https://cigessentials.com/                                         
| ✓ | ⏱: 21.71s 
[SCRAPE].. ◆ https://cigessentials.com/                                         
| ✓ | ⏱: 0.82s 
[COMPLETE] ● https://cigessentials.com/                                         
| ✓ | ⏱: 22.65s 
  [cigessentials] https://cigessentials.com/ → 16 products
[SCRAPE].. ◆ Some images failed to load within timeout 
[FETCH]... ↓ https://skyesthelimitcatalog.com/shop/                             
| ✓ | ⏱: 9.35s 
[SCRAPE].. ◆ https://skyesthelimitcatalog.com/shop/                             
| ✓ | ⏱: 0.01s 
[COMPLETE] ● https://skyesthelimitcatalog.com/shop/                             
| ✓ | ⏱: 9.37s 
  [skyesthelimit] https://skyesthelimitcatalog.com/shop/ → 0 products
[FETCH]... ↓ https://nysapprovedvendor.com/                                     
| ✓ | ⏱: 28.44s 
[SCRAPE].. ◆ https://nysapprovedvendor.com/                                     
| ✓ | ⏱: 0.60s 
[COMPLETE] ● https://nysapprovedvendor.com/                                     
| ✓ | ⏱: 29.08s 
  [nysapprovedvendor] https://nysapprovedvendor.com/ → 79 products
[FETCH]... ↓ https://cigessentials.com/collections/all                          
| ✓ | ⏱: 6.64s 
[SCRAPE].. ◆ https://cigessentials.com/collections/all                          
| ✓ | ⏱: 0.19s 
[COMPLETE] ● https://cigessentials.com/collections/all                          
| ✓ | ⏱: 6.87s 
  [cigessentials] https://cigessentials.com/collections/all → 1 products
[FETCH]... ↓ https://emmaspremiumservices.com/collections/all                   
| ✓ | ⏱: 30.86s 
[SCRAPE].. ◆ https://emmaspremiumservices.com/collections/all                   
| ✓ | ⏱: 0.75s 
[COMPLETE] ● https://emmaspremiumservices.com/collections/all                   
| ✓ | ⏱: 31.71s 
  [emmaspremiumservices] https://emmaspremiumservices.com/collections/all → 2 products
[SCRAPE].. ◆ Some images failed to load within timeout 
[SCRAPE].. ◆ Some images failed to load within timeout 
[FETCH]... ↓ https://emmaspremiumservices.com/collections/food-snacks           
| ✓ | ⏱: 6.74s 
[SCRAPE].. ◆ https://emmaspremiumservices.com/collections/food-snacks           
| ✓ | ⏱: 0.29s 
[COMPLETE] ● https://emmaspremiumservices.com/collections/food-snacks           
| ✓ | ⏱: 7.07s 
  [emmaspremiumservices] https://emmaspremiumservices.com/collections/food-snacks → 0 products
[FETCH]... ↓ https://nysapprovedvendor.com/shop/                                
| ✓ | ⏱: 13.15s 
[SCRAPE].. ◆ https://nysapprovedvendor.com/shop/                                
| ✓ | ⏱: 0.80s 
[COMPLETE] ● https://nysapprovedvendor.com/shop/                                
| ✓ | ⏱: 14.01s 
  [nysapprovedvendor] https://nysapprovedvendor.com/shop/ → 79 products
[SCRAPE].. ◆ Some images failed to load within timeout 
[FETCH]... ↓ https://emmaspremiumservices.com/collections/hygiene               
| ✓ | ⏱: 7.62s 
[SCRAPE].. ◆ https://emmaspremiumservices.com/collections/hygiene               
| ✓ | ⏱: 0.24s 
[COMPLETE] ● https://emmaspremiumservices.com/collections/hygiene               
| ✓ | ⏱: 7.90s 
  [emmaspremiumservices] https://emmaspremiumservices.com/collections/hygiene → 0 products
[SCRAPE].. ◆ Some images failed to load within timeout 
[FETCH]... ↓ https://emmaspremiumservices.com/collections/clothing              
| ✓ | ⏱: 10.42s 
[SCRAPE].. ◆ https://emmaspremiumservices.com/collections/clothing              
| ✓ | ⏱: 0.66s 
[COMPLETE] ● https://emmaspremiumservices.com/collections/clothing              
| ✓ | ⏱: 11.13s 
  [emmaspremiumservices] https://emmaspremiumservices.com/collections/clothing → 2 products
[SCRAPE].. ◆ Some images failed to load within timeout 
[FETCH]... ↓ https://emmaspremiumservices.com/collections/electronics           
| ✓ | ⏱: 10.44s 
[SCRAPE].. ◆ https://emmaspremiumservices.com/collections/electronics           
| ✓ | ⏱: 0.45s 
[COMPLETE] ● https://emmaspremiumservices.com/collections/electronics           
| ✓ | ⏱: 10.93s 
  [emmaspremiumservices] https://emmaspremiumservices.com/collections/electronics → 2 products

Compliance check: ['No changes on DOCCS mail/packages page', 'Disapproved vendor list — no changes detected']
New compliant products found: 0

Report saved to: /Users/markususche/Desktop/Vender Resale/research/2026-06-20-daily-report.md
Latest report: /Users/markususche/Desktop/Vender Resale/research/latest-report.md

Done.

============================================================
Vender Resale — Nightly Research — 2026-06-21 02:00
============================================================


[2026-06-21 02:00] Scraping 5 competitor sites...
[FETCH]... ↓ https://plugforinmates.com/collections/all                         
| ✓ | ⏱: 6.69s 
[SCRAPE].. ◆ https://plugforinmates.com/collections/all                         
| ✓ | ⏱: 0.03s 
[COMPLETE] ● https://plugforinmates.com/collections/all                         
| ✓ | ⏱: 6.74s 
  [plugforinmates] https://plugforinmates.com/collections/all → 0 products
[SCRAPE].. ◆ Some images failed to load within timeout 
[SCRAPE].. ◆ Some images failed to load within timeout 
[FETCH]... ↓ https://skyesthelimitcatalog.com/                                  
| ✓ | ⏱: 13.05s 
[SCRAPE].. ◆ https://skyesthelimitcatalog.com/                                  
| ✓ | ⏱: 0.21s 
[COMPLETE] ● https://skyesthelimitcatalog.com/                                  
| ✓ | ⏱: 13.32s 
  [skyesthelimit] https://skyesthelimitcatalog.com/ → 2 products
[SCRAPE].. ◆ Some images failed to load within timeout 
[FETCH]... ↓ https://plugforinmates.com/                                        
| ✓ | ⏱: 9.75s 
[SCRAPE].. ◆ https://plugforinmates.com/                                        
| ✓ | ⏱: 0.10s 
[COMPLETE] ● https://plugforinmates.com/                                        
| ✓ | ⏱: 9.88s 
  [plugforinmates] https://plugforinmates.com/ → 9 products
[FETCH]... ↓ https://cigessentials.com/                                         
| ✓ | ⏱: 16.72s 
[SCRAPE].. ◆ https://cigessentials.com/                                         
| ✓ | ⏱: 0.46s 
[COMPLETE] ● https://cigessentials.com/                                         
| ✓ | ⏱: 17.23s 
  [cigessentials] https://cigessentials.com/ → 16 products
[FETCH]... ↓ https://emmaspremiumservices.com/collections/all                   
| ✓ | ⏱: 19.59s 
[SCRAPE].. ◆ https://emmaspremiumservices.com/collections/all                   
| ✓ | ⏱: 0.58s 
[COMPLETE] ● https://emmaspremiumservices.com/collections/all                   
| ✓ | ⏱: 20.21s 
  [emmaspremiumservices] https://emmaspremiumservices.com/collections/all → 2 products
[FETCH]... ↓ https://nysapprovedvendor.com/                                     
| ✓ | ⏱: 22.92s 
[SCRAPE].. ◆ https://nysapprovedvendor.com/                                     
| ✓ | ⏱: 0.44s 
[COMPLETE] ● https://nysapprovedvendor.com/                                     
| ✓ | ⏱: 23.42s 
  [nysapprovedvendor] https://nysapprovedvendor.com/ → 79 products
[SCRAPE].. ◆ Some images failed to load within timeout 
[FETCH]... ↓ https://cigessentials.com/collections/all                          
| ✓ | ⏱: 6.42s 
[SCRAPE].. ◆ https://cigessentials.com/collections/all                          
| ✓ | ⏱: 0.11s 
[COMPLETE] ● https://cigessentials.com/collections/all                          
| ✓ | ⏱: 6.56s 
  [cigessentials] https://cigessentials.com/collections/all → 1 products
[FETCH]... ↓ https://emmaspremiumservices.com/collections/food-snacks           
| ✓ | ⏱: 6.54s 
[SCRAPE].. ◆ https://emmaspremiumservices.com/collections/food-snacks           
| ✓ | ⏱: 0.18s 
[COMPLETE] ● https://emmaspremiumservices.com/collections/food-snacks           
| ✓ | ⏱: 6.75s 
  [emmaspremiumservices] https://emmaspremiumservices.com/collections/food-snacks → 0 products
[SCRAPE].. ◆ Some images failed to load within timeout 
[SCRAPE].. ◆ Some images failed to load within timeout 
[FETCH]... ↓ https://emmaspremiumservices.com/collections/hygiene               
| ✓ | ⏱: 6.36s 
[SCRAPE].. ◆ https://emmaspremiumservices.com/collections/hygiene               
| ✓ | ⏱: 0.21s 
[COMPLETE] ● https://emmaspremiumservices.com/collections/hygiene               
| ✓ | ⏱: 6.60s 
  [emmaspremiumservices] https://emmaspremiumservices.com/collections/hygiene → 0 products
[FETCH]... ↓ https://nysapprovedvendor.com/shop/                                
| ✓ | ⏱: 11.27s 
[SCRAPE].. ◆ https://nysapprovedvendor.com/shop/                                
| ✓ | ⏱: 0.55s 
[COMPLETE] ● https://nysapprovedvendor.com/shop/                                
| ✓ | ⏱: 11.86s 
  [nysapprovedvendor] https://nysapprovedvendor.com/shop/ → 79 products
[SCRAPE].. ◆ Some images failed to load within timeout 
[ANTIBOT]. ℹ https://skyesthelimitcatalog.com/shop/             | Error: Proxy 
direct failed: Failed on navigating ACS-GOTO:
Page.goto: Timeout 30000ms exceeded.
Call log:
  - navigating to "https://skyesthelimitcatalog.com/shop/", waiting until 
"domcontentloaded"
 
[ERROR]... × https://skyesthelimitcatalog.com/shop/             | Error: 
Unexpected error in _crawl_web at line 778 in _crawl_web 
(Library/Python/3.14/lib/python/site-packages/crawl4ai/async_crawler_strategy.py
):
Error: Failed on navigating ACS-GOTO:
Page.goto: Timeout 30000ms exceeded.
Call log:
  - navigating to "https://skyesthelimitcatalog.com/shop/", waiting until 
"domcontentloaded"


Code context:
 773                                   tag="GOTO",
 774                                   params={"url": url},
 775                               )
 776                               response = None
 777                           else:
 778 →                             raise RuntimeError(f"Failed on navigating 
ACS-GOTO:\n{str(e)}")
 779   
 780                       # 
──────────────────────────────────────────────────────────────
 781                       # Walk the redirect chain.  Playwright returns only 
the last
 782                       # hop, so we trace the `request.redirected_from` 
links until the
 783                       # first response that differs from the final one and 
surface its 
  [skyesthelimit] FAIL https://skyesthelimitcatalog.com/shop/: Unexpected error in _crawl_web at line 778 in _crawl_web (Library/Python/3.14/lib/python/site-packages/crawl4ai/async_crawler_strategy.py):
Error: Failed on navigating ACS-GOTO:
Page.goto: Timeout 30000ms exceeded.
Call log:
  - navigating to "https://skyesthelimitcatalog.com/shop/", waiting until "domcontentloaded"


Code context:
 773                                   tag="GOTO",
 774                                   params={"url": url},
 775                               )
 776                               response = None
 777                           else:
 778 →                             raise RuntimeError(f"Failed on navigating ACS-GOTO:\n{str(e)}")
 779   
 780                       # ──────────────────────────────────────────────────────────────
 781                       # Walk the redirect chain.  Playwright returns only the last
 782                       # hop, so we trace the `request.redirected_from` links until the
 783                       # first response that differs from the final one and surface its
[FETCH]... ↓ https://emmaspremiumservices.com/collections/clothing              
| ✓ | ⏱: 10.22s 
[SCRAPE].. ◆ https://emmaspremiumservices.com/collections/clothing              
| ✓ | ⏱: 0.65s 
[COMPLETE] ● https://emmaspremiumservices.com/collections/clothing              
| ✓ | ⏱: 10.91s 
  [emmaspremiumservices] https://emmaspremiumservices.com/collections/clothing → 2 products
[FETCH]... ↓ https://emmaspremiumservices.com/collections/electronics           
| ✓ | ⏱: 8.76s 
[SCRAPE].. ◆ https://emmaspremiumservices.com/collections/electronics           
| ✓ | ⏱: 0.41s 
[COMPLETE] ● https://emmaspremiumservices.com/collections/electronics           
| ✓ | ⏱: 9.20s 
  [emmaspremiumservices] https://emmaspremiumservices.com/collections/electronics → 2 products

Compliance check: ['No changes on DOCCS mail/packages page', 'Disapproved vendor list — no changes detected']
New compliant products found: 0

Report saved to: /Users/markususche/Desktop/Vender Resale/research/2026-06-21-daily-report.md
Latest report: /Users/markususche/Desktop/Vender Resale/research/latest-report.md

Done.

============================================================
Vender Resale — Nightly Research — 2026-06-22 02:00
============================================================


[2026-06-22 02:00] Scraping 5 competitor sites...
[SCRAPE].. ◆ Some images failed to load within timeout 
[FETCH]... ↓ https://plugforinmates.com/collections/all                         
| ✓ | ⏱: 5.57s 
[SCRAPE].. ◆ https://plugforinmates.com/collections/all                         
| ✓ | ⏱: 0.01s 
[COMPLETE] ● https://plugforinmates.com/collections/all                         
| ✓ | ⏱: 5.59s 
  [plugforinmates] https://plugforinmates.com/collections/all → 0 products
[SCRAPE].. ◆ Some images failed to load within timeout 
[FETCH]... ↓ https://skyesthelimitcatalog.com/                                  
| ✓ | ⏱: 10.24s 
[SCRAPE].. ◆ https://skyesthelimitcatalog.com/                                  
| ✓ | ⏱: 0.14s 
[COMPLETE] ● https://skyesthelimitcatalog.com/                                  
| ✓ | ⏱: 10.42s 
  [skyesthelimit] https://skyesthelimitcatalog.com/ → 2 products
[FETCH]... ↓ https://skyesthelimitcatalog.com/shop/                             
| ✓ | ⏱: 1.35s 
[SCRAPE].. ◆ https://skyesthelimitcatalog.com/shop/                             
| ✓ | ⏱: 0.00s 
[COMPLETE] ● https://skyesthelimitcatalog.com/shop/                             
| ✓ | ⏱: 1.36s 
  [skyesthelimit] https://skyesthelimitcatalog.com/shop/ → 0 products
[SCRAPE].. ◆ Some images failed to load within timeout 
[FETCH]... ↓ https://cigessentials.com/                                         
| ✓ | ⏱: 13.34s 
[SCRAPE].. ◆ https://cigessentials.com/                                         
| ✓ | ⏱: 0.39s 
[COMPLETE] ● https://cigessentials.com/                                         
| ✓ | ⏱: 13.77s 
  [cigessentials] https://cigessentials.com/ → 16 products
[FETCH]... ↓ https://plugforinmates.com/                                        
| ✓ | ⏱: 8.67s 
[SCRAPE].. ◆ https://plugforinmates.com/                                        
| ✓ | ⏱: 0.10s 
[COMPLETE] ● https://plugforinmates.com/                                        
| ✓ | ⏱: 8.79s 
  [plugforinmates] https://plugforinmates.com/ → 9 products
[FETCH]... ↓ https://emmaspremiumservices.com/collections/all                   
| ✓ | ⏱: 16.06s 
[SCRAPE].. ◆ https://emmaspremiumservices.com/collections/all                   
| ✓ | ⏱: 0.67s 
[COMPLETE] ● https://emmaspremiumservices.com/collections/all                   
| ✓ | ⏱: 16.82s 
  [emmaspremiumservices] https://emmaspremiumservices.com/collections/all → 2 products
[FETCH]... ↓ https://nysapprovedvendor.com/                                     
| ✓ | ⏱: 19.04s 
[SCRAPE].. ◆ https://nysapprovedvendor.com/                                     
| ✓ | ⏱: 0.59s 
[COMPLETE] ● https://nysapprovedvendor.com/                                     
| ✓ | ⏱: 19.67s 
  [nysapprovedvendor] https://nysapprovedvendor.com/ → 79 products
[SCRAPE].. ◆ Some images failed to load within timeout 
[FETCH]... ↓ https://cigessentials.com/collections/all                          
| ✓ | ⏱: 6.21s 
[SCRAPE].. ◆ https://cigessentials.com/collections/all                          
| ✓ | ⏱: 0.12s 
[COMPLETE] ● https://cigessentials.com/collections/all                          
| ✓ | ⏱: 6.38s 
  [cigessentials] https://cigessentials.com/collections/all → 1 products
[FETCH]... ↓ https://emmaspremiumservices.com/collections/food-snacks           
| ✓ | ⏱: 6.29s 
[SCRAPE].. ◆ https://emmaspremiumservices.com/collections/food-snacks           
| ✓ | ⏱: 0.21s 
[COMPLETE] ● https://emmaspremiumservices.com/collections/food-snacks           
| ✓ | ⏱: 6.54s 
  [emmaspremiumservices] https://emmaspremiumservices.com/collections/food-snacks → 0 products
[SCRAPE].. ◆ Some images failed to load within timeout 
[SCRAPE].. ◆ Some images failed to load within timeout 
[FETCH]... ↓ https://emmaspremiumservices.com/collections/hygiene               
| ✓ | ⏱: 5.87s 
[SCRAPE].. ◆ https://emmaspremiumservices.com/collections/hygiene               
| ✓ | ⏱: 0.19s 
[COMPLETE] ● https://emmaspremiumservices.com/collections/hygiene               
| ✓ | ⏱: 6.08s 
  [emmaspremiumservices] https://emmaspremiumservices.com/collections/hygiene → 0 products
[FETCH]... ↓ https://nysapprovedvendor.com/shop/                                
| ✓ | ⏱: 10.39s 
[SCRAPE].. ◆ https://nysapprovedvendor.com/shop/                                
| ✓ | ⏱: 0.37s 
[COMPLETE] ● https://nysapprovedvendor.com/shop/                                
| ✓ | ⏱: 10.80s 
  [nysapprovedvendor] https://nysapprovedvendor.com/shop/ → 79 products
[SCRAPE].. ◆ Some images failed to load within timeout 
[FETCH]... ↓ https://emmaspremiumservices.com/collections/clothing              
| ✓ | ⏱: 9.72s 
[SCRAPE].. ◆ https://emmaspremiumservices.com/collections/clothing              
| ✓ | ⏱: 0.46s 
[COMPLETE] ● https://emmaspremiumservices.com/collections/clothing              
| ✓ | ⏱: 10.21s 
  [emmaspremiumservices] https://emmaspremiumservices.com/collections/clothing → 2 products
[SCRAPE].. ◆ Some images failed to load within timeout 
[FETCH]... ↓ https://emmaspremiumservices.com/collections/electronics           
| ✓ | ⏱: 9.57s 
[SCRAPE].. ◆ https://emmaspremiumservices.com/collections/electronics           
| ✓ | ⏱: 0.42s 
[COMPLETE] ● https://emmaspremiumservices.com/collections/electronics           
| ✓ | ⏱: 10.02s 
  [emmaspremiumservices] https://emmaspremiumservices.com/collections/electronics → 2 products

Compliance check: ['No changes on DOCCS mail/packages page', 'Disapproved vendor list — no changes detected']
New compliant products found: 0

Report saved to: /Users/markususche/Desktop/Vender Resale/research/2026-06-22-daily-report.md
Latest report: /Users/markususche/Desktop/Vender Resale/research/latest-report.md

Done.

============================================================
Vender Resale — Nightly Research — 2026-06-23 02:00
============================================================


[2026-06-23 02:00] Scraping 5 competitor sites...
[SCRAPE].. ◆ Some images failed to load within timeout 
[FETCH]... ↓ https://plugforinmates.com/collections/all                         
| ✓ | ⏱: 5.31s 
[SCRAPE].. ◆ https://plugforinmates.com/collections/all                         
| ✓ | ⏱: 0.03s 
[COMPLETE] ● https://plugforinmates.com/collections/all                         
| ✓ | ⏱: 5.35s 
  [plugforinmates] https://plugforinmates.com/collections/all → 0 products
[SCRAPE].. ◆ Some images failed to load within timeout 
[FETCH]... ↓ https://skyesthelimitcatalog.com/                                  
| ✓ | ⏱: 10.70s 
[SCRAPE].. ◆ https://skyesthelimitcatalog.com/                                  
| ✓ | ⏱: 0.13s 
[COMPLETE] ● https://skyesthelimitcatalog.com/                                  
| ✓ | ⏱: 10.87s 
  [skyesthelimit] https://skyesthelimitcatalog.com/ → 2 products
[SCRAPE].. ◆ Some images failed to load within timeout 
[FETCH]... ↓ https://skyesthelimitcatalog.com/shop/                             
| ✓ | ⏱: 2.35s 
[SCRAPE].. ◆ https://skyesthelimitcatalog.com/shop/                             
| ✓ | ⏱: 0.00s 
[COMPLETE] ● https://skyesthelimitcatalog.com/shop/                             
| ✓ | ⏱: 2.36s 
  [skyesthelimit] https://skyesthelimitcatalog.com/shop/ → 0 products
[FETCH]... ↓ https://cigessentials.com/                                         
| ✓ | ⏱: 13.40s 
[SCRAPE].. ◆ https://cigessentials.com/                                         
| ✓ | ⏱: 0.37s 
[COMPLETE] ● https://cigessentials.com/                                         
| ✓ | ⏱: 13.80s 
  [cigessentials] https://cigessentials.com/ → 16 products
[FETCH]... ↓ https://plugforinmates.com/                                        
| ✓ | ⏱: 8.91s 
[SCRAPE].. ◆ https://plugforinmates.com/                                        
| ✓ | ⏱: 0.08s 
[COMPLETE] ● https://plugforinmates.com/                                        
| ✓ | ⏱: 9.02s 
  [plugforinmates] https://plugforinmates.com/ → 9 products
[FETCH]... ↓ https://emmaspremiumservices.com/collections/all                   
| ✓ | ⏱: 16.89s 
[SCRAPE].. ◆ https://emmaspremiumservices.com/collections/all                   
| ✓ | ⏱: 0.38s 
[COMPLETE] ● https://emmaspremiumservices.com/collections/all                   
| ✓ | ⏱: 17.30s 
  [emmaspremiumservices] https://emmaspremiumservices.com/collections/all → 2 products
[FETCH]... ↓ https://cigessentials.com/collections/all                          
| ✓ | ⏱: 4.93s 
[SCRAPE].. ◆ https://cigessentials.com/collections/all                          
| ✓ | ⏱: 0.15s 
[COMPLETE] ● https://cigessentials.com/collections/all                          
| ✓ | ⏱: 5.10s 
  [cigessentials] https://cigessentials.com/collections/all → 1 products
[FETCH]... ↓ https://nysapprovedvendor.com/                                     
| ✓ | ⏱: 19.10s 
[SCRAPE].. ◆ https://nysapprovedvendor.com/                                     
| ✓ | ⏱: 0.37s 
[COMPLETE] ● https://nysapprovedvendor.com/                                     
| ✓ | ⏱: 19.50s 
  [nysapprovedvendor] https://nysapprovedvendor.com/ → 79 products
[SCRAPE].. ◆ Some images failed to load within timeout 
[FETCH]... ↓ https://emmaspremiumservices.com/collections/food-snacks           
| ✓ | ⏱: 5.45s 
[SCRAPE].. ◆ https://emmaspremiumservices.com/collections/food-snacks           
| ✓ | ⏱: 0.16s 
[COMPLETE] ● https://emmaspremiumservices.com/collections/food-snacks           
| ✓ | ⏱: 5.63s 
  [emmaspremiumservices] https://emmaspremiumservices.com/collections/food-snacks → 0 products
[SCRAPE].. ◆ Some images failed to load within timeout 
[SCRAPE].. ◆ Some images failed to load within timeout 
[FETCH]... ↓ https://emmaspremiumservices.com/collections/hygiene               
| ✓ | ⏱: 5.43s 
[SCRAPE].. ◆ https://emmaspremiumservices.com/collections/hygiene               
| ✓ | ⏱: 0.20s 
[COMPLETE] ● https://emmaspremiumservices.com/collections/hygiene               
| ✓ | ⏱: 5.65s 
  [emmaspremiumservices] https://emmaspremiumservices.com/collections/hygiene → 0 products
[FETCH]... ↓ https://nysapprovedvendor.com/shop/                                
| ✓ | ⏱: 9.69s 
[SCRAPE].. ◆ https://nysapprovedvendor.com/shop/                                
| ✓ | ⏱: 0.38s 
[COMPLETE] ● https://nysapprovedvendor.com/shop/                                
| ✓ | ⏱: 10.11s 
  [nysapprovedvendor] https://nysapprovedvendor.com/shop/ → 79 products
[SCRAPE].. ◆ Some images failed to load within timeout 
[FETCH]... ↓ https://emmaspremiumservices.com/collections/clothing              
| ✓ | ⏱: 9.34s 
[SCRAPE].. ◆ https://emmaspremiumservices.com/collections/clothing              
| ✓ | ⏱: 0.38s 
[COMPLETE] ● https://emmaspremiumservices.com/collections/clothing              
| ✓ | ⏱: 9.75s 
  [emmaspremiumservices] https://emmaspremiumservices.com/collections/clothing → 2 products
[SCRAPE].. ◆ Some images failed to load within timeout 
[FETCH]... ↓ https://emmaspremiumservices.com/collections/electronics           
| ✓ | ⏱: 9.16s 
[SCRAPE].. ◆ https://emmaspremiumservices.com/collections/electronics           
| ✓ | ⏱: 0.36s 
[COMPLETE] ● https://emmaspremiumservices.com/collections/electronics           
| ✓ | ⏱: 9.55s 
  [emmaspremiumservices] https://emmaspremiumservices.com/collections/electronics → 2 products

Compliance check: ['No changes on DOCCS mail/packages page', 'Disapproved vendor list — no changes detected']
New compliant products found: 0

Report saved to: /Users/markususche/Desktop/Vender Resale/research/2026-06-23-daily-report.md
Latest report: /Users/markususche/Desktop/Vender Resale/research/latest-report.md

Done.

============================================================
Vender Resale — Nightly Research — 2026-06-24 02:00
============================================================


[2026-06-24 02:00] Scraping 5 competitor sites...
[SCRAPE].. ◆ Some images failed to load within timeout 
[FETCH]... ↓ https://plugforinmates.com/collections/all                         
| ✓ | ⏱: 5.21s 
[SCRAPE].. ◆ https://plugforinmates.com/collections/all                         
| ✓ | ⏱: 0.03s 
[COMPLETE] ● https://plugforinmates.com/collections/all                         
| ✓ | ⏱: 5.28s 
  [plugforinmates] https://plugforinmates.com/collections/all → 0 products
[SCRAPE].. ◆ Some images failed to load within timeout 
[FETCH]... ↓ https://skyesthelimitcatalog.com/                                  
| ✓ | ⏱: 10.65s 
[SCRAPE].. ◆ https://skyesthelimitcatalog.com/                                  
| ✓ | ⏱: 0.15s 
[COMPLETE] ● https://skyesthelimitcatalog.com/                                  
| ✓ | ⏱: 10.86s 
  [skyesthelimit] https://skyesthelimitcatalog.com/ → 2 products
[SCRAPE].. ◆ Some images failed to load within timeout 
[FETCH]... ↓ https://cigessentials.com/                                         
| ✓ | ⏱: 13.44s 
[SCRAPE].. ◆ https://cigessentials.com/                                         
| ✓ | ⏱: 0.36s 
[COMPLETE] ● https://cigessentials.com/                                         
| ✓ | ⏱: 13.84s 
  [cigessentials] https://cigessentials.com/ → 16 products
[FETCH]... ↓ https://plugforinmates.com/                                        
| ✓ | ⏱: 8.98s 
[SCRAPE].. ◆ https://plugforinmates.com/                                        
| ✓ | ⏱: 0.17s 
[COMPLETE] ● https://plugforinmates.com/                                        
| ✓ | ⏱: 9.18s 
  [plugforinmates] https://plugforinmates.com/ → 9 products
[FETCH]... ↓ https://skyesthelimitcatalog.com/shop/                             
| ✓ | ⏱: 5.87s 
[SCRAPE].. ◆ https://skyesthelimitcatalog.com/shop/                             
| ✓ | ⏱: 0.00s 
[COMPLETE] ● https://skyesthelimitcatalog.com/shop/                             
| ✓ | ⏱: 5.88s 
  [skyesthelimit] https://skyesthelimitcatalog.com/shop/ → 0 products
[FETCH]... ↓ https://emmaspremiumservices.com/collections/all                   
| ✓ | ⏱: 17.67s 
[SCRAPE].. ◆ https://emmaspremiumservices.com/collections/all                   
| ✓ | ⏱: 0.41s 
[COMPLETE] ● https://emmaspremiumservices.com/collections/all                   
| ✓ | ⏱: 18.11s 
  [emmaspremiumservices] https://emmaspremiumservices.com/collections/all → 2 products
[FETCH]... ↓ https://cigessentials.com/collections/all                          
| ✓ | ⏱: 5.20s 
[SCRAPE].. ◆ https://cigessentials.com/collections/all                          
| ✓ | ⏱: 0.12s 
[COMPLETE] ● https://cigessentials.com/collections/all                          
| ✓ | ⏱: 5.35s 
  [cigessentials] https://cigessentials.com/collections/all → 1 products
[FETCH]... ↓ https://nysapprovedvendor.com/                                     
| ✓ | ⏱: 20.31s 
[SCRAPE].. ◆ https://nysapprovedvendor.com/                                     
| ✓ | ⏱: 0.45s 
[COMPLETE] ● https://nysapprovedvendor.com/                                     
| ✓ | ⏱: 20.80s 
  [nysapprovedvendor] https://nysapprovedvendor.com/ → 79 products
[SCRAPE].. ◆ Some images failed to load within timeout 
[SCRAPE].. ◆ Some images failed to load within timeout 
[FETCH]... ↓ https://emmaspremiumservices.com/collections/food-snacks           
| ✓ | ⏱: 5.94s 
[SCRAPE].. ◆ https://emmaspremiumservices.com/collections/food-snacks           
| ✓ | ⏱: 0.17s 
[COMPLETE] ● https://emmaspremiumservices.com/collections/food-snacks           
| ✓ | ⏱: 6.13s 
  [emmaspremiumservices] https://emmaspremiumservices.com/collections/food-snacks → 0 products
[SCRAPE].. ◆ Some images failed to load within timeout 
[FETCH]... ↓ https://emmaspremiumservices.com/collections/hygiene               
| ✓ | ⏱: 5.79s 
[SCRAPE].. ◆ https://emmaspremiumservices.com/collections/hygiene               
| ✓ | ⏱: 0.20s 
[COMPLETE] ● https://emmaspremiumservices.com/collections/hygiene               
| ✓ | ⏱: 6.01s 
  [emmaspremiumservices] https://emmaspremiumservices.com/collections/hygiene → 0 products
[FETCH]... ↓ https://nysapprovedvendor.com/shop/                                
| ✓ | ⏱: 9.72s 
[SCRAPE].. ◆ https://nysapprovedvendor.com/shop/                                
| ✓ | ⏱: 0.33s 
[COMPLETE] ● https://nysapprovedvendor.com/shop/                                
| ✓ | ⏱: 10.08s 
  [nysapprovedvendor] https://nysapprovedvendor.com/shop/ → 79 products
[SCRAPE].. ◆ Some images failed to load within timeout 
[FETCH]... ↓ https://emmaspremiumservices.com/collections/clothing              
| ✓ | ⏱: 9.57s 
[SCRAPE].. ◆ https://emmaspremiumservices.com/collections/clothing              
| ✓ | ⏱: 0.41s 
[COMPLETE] ● https://emmaspremiumservices.com/collections/clothing              
| ✓ | ⏱: 10.01s 
  [emmaspremiumservices] https://emmaspremiumservices.com/collections/clothing → 2 products
[FETCH]... ↓ https://emmaspremiumservices.com/collections/electronics           
| ✓ | ⏱: 8.14s 
[SCRAPE].. ◆ https://emmaspremiumservices.com/collections/electronics           
| ✓ | ⏱: 0.36s 
[COMPLETE] ● https://emmaspremiumservices.com/collections/electronics           
| ✓ | ⏱: 8.53s 
  [emmaspremiumservices] https://emmaspremiumservices.com/collections/electronics → 2 products

Compliance check: ['No changes on DOCCS mail/packages page', 'Disapproved vendor list — no changes detected']
New compliant products found: 0

Report saved to: /Users/markususche/Desktop/Vender Resale/research/2026-06-24-daily-report.md
Latest report: /Users/markususche/Desktop/Vender Resale/research/latest-report.md

Done.

============================================================
Vender Resale — Nightly Research — 2026-06-25 02:00
============================================================


[2026-06-25 02:00] Scraping 5 competitor sites...
[FETCH]... ↓ https://plugforinmates.com/collections/all                         
| ✓ | ⏱: 5.70s 
[SCRAPE].. ◆ https://plugforinmates.com/collections/all                         
| ✓ | ⏱: 0.02s 
[COMPLETE] ● https://plugforinmates.com/collections/all                         
| ✓ | ⏱: 5.75s 
  [plugforinmates] https://plugforinmates.com/collections/all → 0 products
[SCRAPE].. ◆ Some images failed to load within timeout 
[SCRAPE].. ◆ Some images failed to load within timeout 
[FETCH]... ↓ https://skyesthelimitcatalog.com/                                  
| ✓ | ⏱: 11.46s 
[SCRAPE].. ◆ https://skyesthelimitcatalog.com/                                  
| ✓ | ⏱: 0.29s 
[COMPLETE] ● https://skyesthelimitcatalog.com/                                  
| ✓ | ⏱: 11.83s 
  [skyesthelimit] https://skyesthelimitcatalog.com/ → 2 products
[SCRAPE].. ◆ Some images failed to load within timeout 
[FETCH]... ↓ https://plugforinmates.com/                                        
| ✓ | ⏱: 9.39s 
[SCRAPE].. ◆ https://plugforinmates.com/                                        
| ✓ | ⏱: 0.08s 
[COMPLETE] ● https://plugforinmates.com/                                        
| ✓ | ⏱: 9.50s 
  [plugforinmates] https://plugforinmates.com/ → 9 products
[FETCH]... ↓ https://cigessentials.com/                                         
| ✓ | ⏱: 15.38s 
[SCRAPE].. ◆ https://cigessentials.com/                                         
| ✓ | ⏱: 0.81s 
[COMPLETE] ● https://cigessentials.com/                                         
| ✓ | ⏱: 16.23s 
  [cigessentials] https://cigessentials.com/ → 16 products
[FETCH]... ↓ https://skyesthelimitcatalog.com/shop/                             
| ✓ | ⏱: 4.50s 
[SCRAPE].. ◆ https://skyesthelimitcatalog.com/shop/                             
| ✓ | ⏱: 0.00s 
[COMPLETE] ● https://skyesthelimitcatalog.com/shop/                             
| ✓ | ⏱: 4.52s 
  [skyesthelimit] https://skyesthelimitcatalog.com/shop/ → 0 products
[FETCH]... ↓ https://emmaspremiumservices.com/collections/all                   
| ✓ | ⏱: 19.46s 
[SCRAPE].. ◆ https://emmaspremiumservices.com/collections/all                   
| ✓ | ⏱: 0.44s 
[COMPLETE] ● https://emmaspremiumservices.com/collections/all                   
| ✓ | ⏱: 19.94s 
  [emmaspremiumservices] https://emmaspremiumservices.com/collections/all → 2 products
[FETCH]... ↓ https://cigessentials.com/collections/all                          
| ✓ | ⏱: 5.19s 
[SCRAPE].. ◆ https://cigessentials.com/collections/all                          
| ✓ | ⏱: 0.23s 
[COMPLETE] ● https://cigessentials.com/collections/all                          
| ✓ | ⏱: 5.46s 
  [cigessentials] https://cigessentials.com/collections/all → 1 products
[FETCH]... ↓ https://nysapprovedvendor.com/                                     
| ✓ | ⏱: 21.75s 
[SCRAPE].. ◆ https://nysapprovedvendor.com/                                     
| ✓ | ⏱: 0.46s 
[COMPLETE] ● https://nysapprovedvendor.com/                                     
| ✓ | ⏱: 22.25s 
  [nysapprovedvendor] https://nysapprovedvendor.com/ → 79 products
[SCRAPE].. ◆ Some images failed to load within timeout 
[SCRAPE].. ◆ Some images failed to load within timeout 
[FETCH]... ↓ https://emmaspremiumservices.com/collections/food-snacks           
| ✓ | ⏱: 6.70s 
[SCRAPE].. ◆ https://emmaspremiumservices.com/collections/food-snacks           
| ✓ | ⏱: 0.19s 
[COMPLETE] ● https://emmaspremiumservices.com/collections/food-snacks           
| ✓ | ⏱: 6.92s 
  [emmaspremiumservices] https://emmaspremiumservices.com/collections/food-snacks → 0 products
[SCRAPE].. ◆ Some images failed to load within timeout 
[FETCH]... ↓ https://emmaspremiumservices.com/collections/hygiene               
| ✓ | ⏱: 5.67s 
[SCRAPE].. ◆ https://emmaspremiumservices.com/collections/hygiene               
| ✓ | ⏱: 0.27s 
[COMPLETE] ● https://emmaspremiumservices.com/collections/hygiene               
| ✓ | ⏱: 6.03s 
  [emmaspremiumservices] https://emmaspremiumservices.com/collections/hygiene → 0 products
[FETCH]... ↓ https://nysapprovedvendor.com/shop/                                
| ✓ | ⏱: 10.75s 
[SCRAPE].. ◆ https://nysapprovedvendor.com/shop/                                
| ✓ | ⏱: 0.46s 
[COMPLETE] ● https://nysapprovedvendor.com/shop/                                
| ✓ | ⏱: 11.26s 
  [nysapprovedvendor] https://nysapprovedvendor.com/shop/ → 79 products
[SCRAPE].. ◆ Some images failed to load within timeout 
[FETCH]... ↓ https://emmaspremiumservices.com/collections/clothing              
| ✓ | ⏱: 10.13s 
[SCRAPE].. ◆ https://emmaspremiumservices.com/collections/clothing              
| ✓ | ⏱: 0.46s 
[COMPLETE] ● https://emmaspremiumservices.com/collections/clothing              
| ✓ | ⏱: 10.64s 
  [emmaspremiumservices] https://emmaspremiumservices.com/collections/clothing → 2 products
[SCRAPE].. ◆ Some images failed to load within timeout 
[FETCH]... ↓ https://emmaspremiumservices.com/collections/electronics           
| ✓ | ⏱: 9.19s 
[SCRAPE].. ◆ https://emmaspremiumservices.com/collections/electronics           
| ✓ | ⏱: 0.36s 
[COMPLETE] ● https://emmaspremiumservices.com/collections/electronics           
| ✓ | ⏱: 9.58s 
  [emmaspremiumservices] https://emmaspremiumservices.com/collections/electronics → 2 products

Compliance check: ['DOCCS mail/packages page content changed — review immediately', 'Disapproved vendor list — no changes detected']
New compliant products found: 0

Report saved to: /Users/markususche/Desktop/Vender Resale/research/2026-06-25-daily-report.md
Latest report: /Users/markususche/Desktop/Vender Resale/research/latest-report.md

*** COMPLIANCE CHANGES DETECTED — CHECK IMMEDIATELY ***

============================================================
Vender Resale — Nightly Research — 2026-06-26 02:00
============================================================


[2026-06-26 02:00] Scraping 5 competitor sites...
[FETCH]... ↓ https://plugforinmates.com/collections/all                         
| ✓ | ⏱: 5.48s 
[SCRAPE].. ◆ https://plugforinmates.com/collections/all                         
| ✓ | ⏱: 0.03s 
[COMPLETE] ● https://plugforinmates.com/collections/all                         
| ✓ | ⏱: 5.55s 
  [plugforinmates] https://plugforinmates.com/collections/all → 0 products
[SCRAPE].. ◆ Some images failed to load within timeout 
[SCRAPE].. ◆ Some images failed to load within timeout 
[FETCH]... ↓ https://skyesthelimitcatalog.com/                                  
| ✓ | ⏱: 11.10s 
[SCRAPE].. ◆ https://skyesthelimitcatalog.com/                                  
| ✓ | ⏱: 0.20s 
[COMPLETE] ● https://skyesthelimitcatalog.com/                                  
| ✓ | ⏱: 11.35s 
  [skyesthelimit] https://skyesthelimitcatalog.com/ → 2 products
[SCRAPE].. ◆ Some images failed to load within timeout 
[FETCH]... ↓ https://cigessentials.com/                                         
| ✓ | ⏱: 13.47s 
[SCRAPE].. ◆ https://cigessentials.com/                                         
| ✓ | ⏱: 0.50s 
[COMPLETE] ● https://cigessentials.com/                                         
| ✓ | ⏱: 14.02s 
  [cigessentials] https://cigessentials.com/ → 16 products
[FETCH]... ↓ https://plugforinmates.com/                                        
| ✓ | ⏱: 9.06s 
[SCRAPE].. ◆ https://plugforinmates.com/                                        
| ✓ | ⏱: 0.10s 
[COMPLETE] ● https://plugforinmates.com/                                        
| ✓ | ⏱: 9.19s 
  [plugforinmates] https://plugforinmates.com/ → 9 products
[FETCH]... ↓ https://skyesthelimitcatalog.com/shop/                             
| ✓ | ⏱: 3.83s 
[SCRAPE].. ◆ https://skyesthelimitcatalog.com/shop/                             
| ✓ | ⏱: 0.00s 
[COMPLETE] ● https://skyesthelimitcatalog.com/shop/                             
| ✓ | ⏱: 3.85s 
  [skyesthelimit] https://skyesthelimitcatalog.com/shop/ → 0 products
[FETCH]... ↓ https://emmaspremiumservices.com/collections/all                   
| ✓ | ⏱: 17.91s 
[SCRAPE].. ◆ https://emmaspremiumservices.com/collections/all                   
| ✓ | ⏱: 0.45s 
[COMPLETE] ● https://emmaspremiumservices.com/collections/all                   
| ✓ | ⏱: 18.39s 
  [emmaspremiumservices] https://emmaspremiumservices.com/collections/all → 2 products
[FETCH]... ↓ https://cigessentials.com/collections/all                          
| ✓ | ⏱: 6.36s 
[SCRAPE].. ◆ https://cigessentials.com/collections/all                          
| ✓ | ⏱: 0.29s 
[COMPLETE] ● https://cigessentials.com/collections/all                          
| ✓ | ⏱: 6.71s 
  [cigessentials] https://cigessentials.com/collections/all → 1 products
[FETCH]... ↓ https://nysapprovedvendor.com/                                     
| ✓ | ⏱: 20.88s 
[SCRAPE].. ◆ https://nysapprovedvendor.com/                                     
| ✓ | ⏱: 0.51s 
[COMPLETE] ● https://nysapprovedvendor.com/                                     
| ✓ | ⏱: 21.43s 
  [nysapprovedvendor] https://nysapprovedvendor.com/ → 79 products
[FETCH]... ↓ https://emmaspremiumservices.com/collections/food-snacks           
| ✓ | ⏱: 6.24s 
[SCRAPE].. ◆ https://emmaspremiumservices.com/collections/food-snacks           
| ✓ | ⏱: 0.18s 
[COMPLETE] ● https://emmaspremiumservices.com/collections/food-snacks           
| ✓ | ⏱: 6.44s 
  [emmaspremiumservices] https://emmaspremiumservices.com/collections/food-snacks → 0 products
[SCRAPE].. ◆ Some images failed to load within timeout 
[FETCH]... ↓ https://emmaspremiumservices.com/collections/hygiene               
| ✓ | ⏱: 4.64s 
[SCRAPE].. ◆ https://emmaspremiumservices.com/collections/hygiene               
| ✓ | ⏱: 0.18s 
[COMPLETE] ● https://emmaspremiumservices.com/collections/hygiene               
| ✓ | ⏱: 4.85s 
  [emmaspremiumservices] https://emmaspremiumservices.com/collections/hygiene → 0 products
[FETCH]... ↓ https://nysapprovedvendor.com/shop/                                
| ✓ | ⏱: 10.82s 
[SCRAPE].. ◆ https://nysapprovedvendor.com/shop/                                
| ✓ | ⏱: 0.50s 
[COMPLETE] ● https://nysapprovedvendor.com/shop/                                
| ✓ | ⏱: 11.35s 
  [nysapprovedvendor] https://nysapprovedvendor.com/shop/ → 79 products
[SCRAPE].. ◆ Some images failed to load within timeout 
[FETCH]... ↓ https://emmaspremiumservices.com/collections/clothing              
| ✓ | ⏱: 10.96s 
[SCRAPE].. ◆ https://emmaspremiumservices.com/collections/clothing              
| ✓ | ⏱: 0.40s 
[COMPLETE] ● https://emmaspremiumservices.com/collections/clothing              
| ✓ | ⏱: 11.39s 
  [emmaspremiumservices] https://emmaspremiumservices.com/collections/clothing → 2 products
[FETCH]... ↓ https://emmaspremiumservices.com/collections/electronics           
| ✓ | ⏱: 8.15s 
[SCRAPE].. ◆ https://emmaspremiumservices.com/collections/electronics           
| ✓ | ⏱: 0.36s 
[COMPLETE] ● https://emmaspremiumservices.com/collections/electronics           
| ✓ | ⏱: 8.54s 
  [emmaspremiumservices] https://emmaspremiumservices.com/collections/electronics → 2 products

Compliance check: ['DOCCS mail/packages page content changed — review immediately', 'Disapproved vendor list — no changes detected']
New compliant products found: 0

Report saved to: /Users/markususche/Desktop/Vender Resale/research/2026-06-26-daily-report.md
Latest report: /Users/markususche/Desktop/Vender Resale/research/latest-report.md

*** COMPLIANCE CHANGES DETECTED — CHECK IMMEDIATELY ***

============================================================
Vender Resale — Nightly Research — 2026-06-27 02:00
============================================================


[2026-06-27 02:00] Scraping 5 competitor sites...
[FETCH]... ↓ https://plugforinmates.com/collections/all                         
| ✓ | ⏱: 5.82s 
[SCRAPE].. ◆ https://plugforinmates.com/collections/all                         
| ✓ | ⏱: 0.03s 
[COMPLETE] ● https://plugforinmates.com/collections/all                         
| ✓ | ⏱: 5.97s 
  [plugforinmates] https://plugforinmates.com/collections/all → 0 products
[SCRAPE].. ◆ Some images failed to load within timeout 
[SCRAPE].. ◆ Some images failed to load within timeout 
[FETCH]... ↓ https://skyesthelimitcatalog.com/                                  
| ✓ | ⏱: 11.64s 
[SCRAPE].. ◆ https://skyesthelimitcatalog.com/                                  
| ✓ | ⏱: 0.16s 
[COMPLETE] ● https://skyesthelimitcatalog.com/                                  
| ✓ | ⏱: 11.87s 
  [skyesthelimit] https://skyesthelimitcatalog.com/ → 2 products
[SCRAPE].. ◆ Some images failed to load within timeout 
[FETCH]... ↓ https://cigessentials.com/                                         
| ✓ | ⏱: 14.41s 
[SCRAPE].. ◆ https://cigessentials.com/                                         
| ✓ | ⏱: 0.40s 
[COMPLETE] ● https://cigessentials.com/                                         
| ✓ | ⏱: 14.86s 
  [cigessentials] https://cigessentials.com/ → 16 products
[FETCH]... ↓ https://plugforinmates.com/                                        
| ✓ | ⏱: 9.10s 
[SCRAPE].. ◆ https://plugforinmates.com/                                        
| ✓ | ⏱: 0.06s 
[COMPLETE] ● https://plugforinmates.com/                                        
| ✓ | ⏱: 9.18s 
  [plugforinmates] https://plugforinmates.com/ → 9 products
[FETCH]... ↓ https://emmaspremiumservices.com/collections/all                   
| ✓ | ⏱: 18.51s 
[SCRAPE].. ◆ https://emmaspremiumservices.com/collections/all                   
| ✓ | ⏱: 0.42s 
[COMPLETE] ● https://emmaspremiumservices.com/collections/all                   
| ✓ | ⏱: 18.96s 
  [emmaspremiumservices] https://emmaspremiumservices.com/collections/all → 2 products
[FETCH]... ↓ https://cigessentials.com/collections/all                          
| ✓ | ⏱: 5.08s 
[SCRAPE].. ◆ https://cigessentials.com/collections/all                          
| ✓ | ⏱: 0.13s 
[COMPLETE] ● https://cigessentials.com/collections/all                          
| ✓ | ⏱: 5.25s 
  [cigessentials] https://cigessentials.com/collections/all → 1 products
[FETCH]... ↓ https://nysapprovedvendor.com/                                     
| ✓ | ⏱: 20.57s 
[SCRAPE].. ◆ https://nysapprovedvendor.com/                                     
| ✓ | ⏱: 0.44s 
[COMPLETE] ● https://nysapprovedvendor.com/                                     
| ✓ | ⏱: 21.05s 
  [nysapprovedvendor] https://nysapprovedvendor.com/ → 79 products
[SCRAPE].. ◆ Some images failed to load within timeout 
[FETCH]... ↓ https://emmaspremiumservices.com/collections/food-snacks           
| ✓ | ⏱: 6.38s 
[SCRAPE].. ◆ https://emmaspremiumservices.com/collections/food-snacks           
| ✓ | ⏱: 0.18s 
[COMPLETE] ● https://emmaspremiumservices.com/collections/food-snacks           
| ✓ | ⏱: 6.59s 
  [emmaspremiumservices] https://emmaspremiumservices.com/collections/food-snacks → 0 products
[SCRAPE].. ◆ Some images failed to load within timeout 
[SCRAPE].. ◆ Some images failed to load within timeout 
[FETCH]... ↓ https://emmaspremiumservices.com/collections/hygiene               
| ✓ | ⏱: 5.77s 
[SCRAPE].. ◆ https://emmaspremiumservices.com/collections/hygiene               
| ✓ | ⏱: 0.21s 
[COMPLETE] ● https://emmaspremiumservices.com/collections/hygiene               
| ✓ | ⏱: 6.02s 
  [emmaspremiumservices] https://emmaspremiumservices.com/collections/hygiene → 0 products
[FETCH]... ↓ https://nysapprovedvendor.com/shop/                                
| ✓ | ⏱: 10.84s 
[SCRAPE].. ◆ https://nysapprovedvendor.com/shop/                                
| ✓ | ⏱: 0.37s 
[COMPLETE] ● https://nysapprovedvendor.com/shop/                                
| ✓ | ⏱: 11.25s 
  [nysapprovedvendor] https://nysapprovedvendor.com/shop/ → 79 products
[SCRAPE].. ◆ Some images failed to load within timeout 
[FETCH]... ↓ https://emmaspremiumservices.com/collections/clothing              
| ✓ | ⏱: 9.50s 
[SCRAPE].. ◆ https://emmaspremiumservices.com/collections/clothing              
| ✓ | ⏱: 0.50s 
[COMPLETE] ● https://emmaspremiumservices.com/collections/clothing              
| ✓ | ⏱: 10.06s 
  [emmaspremiumservices] https://emmaspremiumservices.com/collections/clothing → 2 products
[ANTIBOT]. ℹ https://skyesthelimitcatalog.com/shop/             | Error: Proxy 
direct failed: Failed on navigating ACS-GOTO:
Page.goto: Timeout 30000ms exceeded.
Call log:
  - navigating to "https://skyesthelimitcatalog.com/shop/", waiting until 
"domcontentloaded"
 
[ERROR]... × https://skyesthelimitcatalog.com/shop/             | Error: 
Unexpected error in _crawl_web at line 778 in _crawl_web 
(Library/Python/3.14/lib/python/site-packages/crawl4ai/async_crawler_strategy.py
):
Error: Failed on navigating ACS-GOTO:
Page.goto: Timeout 30000ms exceeded.
Call log:
  - navigating to "https://skyesthelimitcatalog.com/shop/", waiting until 
"domcontentloaded"


Code context:
 773                                   tag="GOTO",
 774                                   params={"url": url},
 775                               )
 776                               response = None
 777                           else:
 778 →                             raise RuntimeError(f"Failed on navigating 
ACS-GOTO:\n{str(e)}")
 779   
 780                       # 
──────────────────────────────────────────────────────────────
 781                       # Walk the redirect chain.  Playwright returns only 
the last
 782                       # hop, so we trace the `request.redirected_from` 
links until the
 783                       # first response that differs from the final one and 
surface its 
  [skyesthelimit] FAIL https://skyesthelimitcatalog.com/shop/: Unexpected error in _crawl_web at line 778 in _crawl_web (Library/Python/3.14/lib/python/site-packages/crawl4ai/async_crawler_strategy.py):
Error: Failed on navigating ACS-GOTO:
Page.goto: Timeout 30000ms exceeded.
Call log:
  - navigating to "https://skyesthelimitcatalog.com/shop/", waiting until "domcontentloaded"


Code context:
 773                                   tag="GOTO",
 774                                   params={"url": url},
 775                               )
 776                               response = None
 777                           else:
 778 →                             raise RuntimeError(f"Failed on navigating ACS-GOTO:\n{str(e)}")
 779   
 780                       # ──────────────────────────────────────────────────────────────
 781                       # Walk the redirect chain.  Playwright returns only the last
 782                       # hop, so we trace the `request.redirected_from` links until the
 783                       # first response that differs from the final one and surface its
[SCRAPE].. ◆ Some images failed to load within timeout 
[FETCH]... ↓ https://emmaspremiumservices.com/collections/electronics           
| ✓ | ⏱: 10.28s 
[SCRAPE].. ◆ https://emmaspremiumservices.com/collections/electronics           
| ✓ | ⏱: 0.36s 
[COMPLETE] ● https://emmaspremiumservices.com/collections/electronics           
| ✓ | ⏱: 10.67s 
  [emmaspremiumservices] https://emmaspremiumservices.com/collections/electronics → 2 products

Compliance check: ['No changes on DOCCS mail/packages page', 'Disapproved vendor list — no changes detected']
New compliant products found: 0

Report saved to: /Users/markususche/Desktop/Vender Resale/research/2026-06-27-daily-report.md
Latest report: /Users/markususche/Desktop/Vender Resale/research/latest-report.md

Done.

============================================================
Vender Resale — Nightly Research — 2026-06-28 02:00
============================================================


[2026-06-28 02:00] Scraping 5 competitor sites...
[FETCH]... ↓ https://plugforinmates.com/collections/all                         
| ✓ | ⏱: 6.08s 
[SCRAPE].. ◆ https://plugforinmates.com/collections/all                         
| ✓ | ⏱: 0.03s 
[COMPLETE] ● https://plugforinmates.com/collections/all                         
| ✓ | ⏱: 6.16s 
  [plugforinmates] https://plugforinmates.com/collections/all → 0 products
[SCRAPE].. ◆ Some images failed to load within timeout 
[SCRAPE].. ◆ Some images failed to load within timeout 
[FETCH]... ↓ https://skyesthelimitcatalog.com/                                  
| ✓ | ⏱: 12.89s 
[SCRAPE].. ◆ https://skyesthelimitcatalog.com/                                  
| ✓ | ⏱: 0.16s 
[COMPLETE] ● https://skyesthelimitcatalog.com/                                  
| ✓ | ⏱: 13.10s 
  [skyesthelimit] https://skyesthelimitcatalog.com/ → 2 products
[SCRAPE].. ◆ Some images failed to load within timeout 
[FETCH]... ↓ https://plugforinmates.com/                                        
| ✓ | ⏱: 8.88s 
[SCRAPE].. ◆ https://plugforinmates.com/                                        
| ✓ | ⏱: 0.09s 
[COMPLETE] ● https://plugforinmates.com/                                        
| ✓ | ⏱: 9.00s 
  [plugforinmates] https://plugforinmates.com/ → 9 products
[FETCH]... ↓ https://cigessentials.com/                                         
| ✓ | ⏱: 16.03s 
[SCRAPE].. ◆ https://cigessentials.com/                                         
| ✓ | ⏱: 0.57s 
[COMPLETE] ● https://cigessentials.com/                                         
| ✓ | ⏱: 16.64s 
  [cigessentials] https://cigessentials.com/ → 16 products
[FETCH]... ↓ https://skyesthelimitcatalog.com/shop/                             
| ✓ | ⏱: 5.53s 
[SCRAPE].. ◆ https://skyesthelimitcatalog.com/shop/                             
| ✓ | ⏱: 0.00s 
[COMPLETE] ● https://skyesthelimitcatalog.com/shop/                             
| ✓ | ⏱: 5.55s 
  [skyesthelimit] https://skyesthelimitcatalog.com/shop/ → 0 products
[FETCH]... ↓ https://emmaspremiumservices.com/collections/all                   
| ✓ | ⏱: 19.57s 
[SCRAPE].. ◆ https://emmaspremiumservices.com/collections/all                   
| ✓ | ⏱: 0.57s 
[COMPLETE] ● https://emmaspremiumservices.com/collections/all                   
| ✓ | ⏱: 20.18s 
  [emmaspremiumservices] https://emmaspremiumservices.com/collections/all → 2 products
[FETCH]... ↓ https://cigessentials.com/collections/all                          
| ✓ | ⏱: 5.46s 
[SCRAPE].. ◆ https://cigessentials.com/collections/all                          
| ✓ | ⏱: 0.14s 
[COMPLETE] ● https://cigessentials.com/collections/all                          
| ✓ | ⏱: 5.64s 
  [cigessentials] https://cigessentials.com/collections/all → 1 products
[FETCH]... ↓ https://nysapprovedvendor.com/                                     
| ✓ | ⏱: 22.47s 
[SCRAPE].. ◆ https://nysapprovedvendor.com/                                     
| ✓ | ⏱: 0.70s 
[COMPLETE] ● https://nysapprovedvendor.com/                                     
| ✓ | ⏱: 23.27s 
  [nysapprovedvendor] https://nysapprovedvendor.com/ → 79 products
[SCRAPE].. ◆ Some images failed to load within timeout 
[SCRAPE].. ◆ Some images failed to load within timeout 
[FETCH]... ↓ https://emmaspremiumservices.com/collections/food-snacks           
| ✓ | ⏱: 7.41s 
[SCRAPE].. ◆ https://emmaspremiumservices.com/collections/food-snacks           
| ✓ | ⏱: 0.21s 
[COMPLETE] ● https://emmaspremiumservices.com/collections/food-snacks           
| ✓ | ⏱: 7.65s 
  [emmaspremiumservices] https://emmaspremiumservices.com/collections/food-snacks → 0 products
[SCRAPE].. ◆ Some images failed to load within timeout 
[FETCH]... ↓ https://emmaspremiumservices.com/collections/hygiene               
| ✓ | ⏱: 6.08s 
[SCRAPE].. ◆ https://emmaspremiumservices.com/collections/hygiene               
| ✓ | ⏱: 0.23s 
[COMPLETE] ● https://emmaspremiumservices.com/collections/hygiene               
| ✓ | ⏱: 6.34s 
  [emmaspremiumservices] https://emmaspremiumservices.com/collections/hygiene → 0 products
[FETCH]... ↓ https://nysapprovedvendor.com/shop/                                
| ✓ | ⏱: 11.04s 
[SCRAPE].. ◆ https://nysapprovedvendor.com/shop/                                
| ✓ | ⏱: 0.43s 
[COMPLETE] ● https://nysapprovedvendor.com/shop/                                
| ✓ | ⏱: 11.50s 
  [nysapprovedvendor] https://nysapprovedvendor.com/shop/ → 79 products
[SCRAPE].. ◆ Some images failed to load within timeout 
[FETCH]... ↓ https://emmaspremiumservices.com/collections/clothing              
| ✓ | ⏱: 10.47s 
[SCRAPE].. ◆ https://emmaspremiumservices.com/collections/clothing              
| ✓ | ⏱: 0.43s 
[COMPLETE] ● https://emmaspremiumservices.com/collections/clothing              
| ✓ | ⏱: 10.93s 
  [emmaspremiumservices] https://emmaspremiumservices.com/collections/clothing → 2 products
[SCRAPE].. ◆ Some images failed to load within timeout 
[FETCH]... ↓ https://emmaspremiumservices.com/collections/electronics           
| ✓ | ⏱: 9.76s 
[SCRAPE].. ◆ https://emmaspremiumservices.com/collections/electronics           
| ✓ | ⏱: 0.42s 
[COMPLETE] ● https://emmaspremiumservices.com/collections/electronics           
| ✓ | ⏱: 10.21s 
  [emmaspremiumservices] https://emmaspremiumservices.com/collections/electronics → 2 products

Compliance check: ['No changes on DOCCS mail/packages page', 'Disapproved vendor list — no changes detected']
New compliant products found: 0

Report saved to: /Users/markususche/Desktop/Vender Resale/research/2026-06-28-daily-report.md
Latest report: /Users/markususche/Desktop/Vender Resale/research/latest-report.md

Done.

============================================================
Vender Resale — Nightly Research — 2026-06-29 02:00
============================================================


[2026-06-29 02:00] Scraping 5 competitor sites...
[FETCH]... ↓ https://plugforinmates.com/collections/all                         
| ✓ | ⏱: 6.12s 
[SCRAPE].. ◆ https://plugforinmates.com/collections/all                         
| ✓ | ⏱: 0.02s 
[COMPLETE] ● https://plugforinmates.com/collections/all                         
| ✓ | ⏱: 6.18s 
  [plugforinmates] https://plugforinmates.com/collections/all → 0 products
[SCRAPE].. ◆ Some images failed to load within timeout 
[SCRAPE].. ◆ Some images failed to load within timeout 
[FETCH]... ↓ https://skyesthelimitcatalog.com/                                  
| ✓ | ⏱: 12.31s 
[SCRAPE].. ◆ https://skyesthelimitcatalog.com/                                  
| ✓ | ⏱: 0.25s 
[COMPLETE] ● https://skyesthelimitcatalog.com/                                  
| ✓ | ⏱: 12.59s 
  [skyesthelimit] https://skyesthelimitcatalog.com/ → 2 products
[SCRAPE].. ◆ Some images failed to load within timeout 
[FETCH]... ↓ https://cigessentials.com/                                         
| ✓ | ⏱: 15.28s 
[SCRAPE].. ◆ https://cigessentials.com/                                         
| ✓ | ⏱: 0.48s 
[COMPLETE] ● https://cigessentials.com/                                         
| ✓ | ⏱: 15.79s 
  [cigessentials] https://cigessentials.com/ → 16 products
[FETCH]... ↓ https://plugforinmates.com/                                        
| ✓ | ⏱: 10.06s 
[SCRAPE].. ◆ https://plugforinmates.com/                                        
| ✓ | ⏱: 0.08s 
[COMPLETE] ● https://plugforinmates.com/                                        
| ✓ | ⏱: 10.16s 
  [plugforinmates] https://plugforinmates.com/ → 9 products
[FETCH]... ↓ https://skyesthelimitcatalog.com/shop/                             
| ✓ | ⏱: 4.72s 
[SCRAPE].. ◆ https://skyesthelimitcatalog.com/shop/                             
| ✓ | ⏱: 0.00s 
[COMPLETE] ● https://skyesthelimitcatalog.com/shop/                             
| ✓ | ⏱: 4.73s 
  [skyesthelimit] https://skyesthelimitcatalog.com/shop/ → 0 products
[FETCH]... ↓ https://emmaspremiumservices.com/collections/all                   
| ✓ | ⏱: 19.33s 
[SCRAPE].. ◆ https://emmaspremiumservices.com/collections/all                   
| ✓ | ⏱: 0.47s 
[COMPLETE] ● https://emmaspremiumservices.com/collections/all                   
| ✓ | ⏱: 19.84s 
  [emmaspremiumservices] https://emmaspremiumservices.com/collections/all → 2 products
[FETCH]... ↓ https://nysapprovedvendor.com/                                     
| ✓ | ⏱: 20.83s 
[SCRAPE].. ◆ https://nysapprovedvendor.com/                                     
| ✓ | ⏱: 0.56s 
[COMPLETE] ● https://nysapprovedvendor.com/                                     
| ✓ | ⏱: 21.44s 
  [nysapprovedvendor] https://nysapprovedvendor.com/ → 79 products
[FETCH]... ↓ https://cigessentials.com/collections/all                          
| ✓ | ⏱: 6.29s 
[SCRAPE].. ◆ https://cigessentials.com/collections/all                          
| ✓ | ⏱: 0.16s 
[COMPLETE] ● https://cigessentials.com/collections/all                          
| ✓ | ⏱: 6.49s 
  [cigessentials] https://cigessentials.com/collections/all → 1 products
[SCRAPE].. ◆ Some images failed to load within timeout 
[FETCH]... ↓ https://emmaspremiumservices.com/collections/food-snacks           
| ✓ | ⏱: 6.24s 
[SCRAPE].. ◆ https://emmaspremiumservices.com/collections/food-snacks           
| ✓ | ⏱: 0.21s 
[COMPLETE] ● https://emmaspremiumservices.com/collections/food-snacks           
| ✓ | ⏱: 6.48s 
  [emmaspremiumservices] https://emmaspremiumservices.com/collections/food-snacks → 0 products
[SCRAPE].. ◆ Some images failed to load within timeout 
[SCRAPE].. ◆ Some images failed to load within timeout 
[FETCH]... ↓ https://emmaspremiumservices.com/collections/hygiene               
| ✓ | ⏱: 5.76s 
[SCRAPE].. ◆ https://emmaspremiumservices.com/collections/hygiene               
| ✓ | ⏱: 0.21s 
[COMPLETE] ● https://emmaspremiumservices.com/collections/hygiene               
| ✓ | ⏱: 6.00s 
  [emmaspremiumservices] https://emmaspremiumservices.com/collections/hygiene → 0 products
[FETCH]... ↓ https://nysapprovedvendor.com/shop/                                
| ✓ | ⏱: 11.32s 
[SCRAPE].. ◆ https://nysapprovedvendor.com/shop/                                
| ✓ | ⏱: 0.36s 
[COMPLETE] ● https://nysapprovedvendor.com/shop/                                
| ✓ | ⏱: 11.72s 
  [nysapprovedvendor] https://nysapprovedvendor.com/shop/ → 79 products
[FETCH]... ↓ https://emmaspremiumservices.com/collections/clothing              
| ✓ | ⏱: 8.82s 
[SCRAPE].. ◆ https://emmaspremiumservices.com/collections/clothing              
| ✓ | ⏱: 0.53s 
[COMPLETE] ● https://emmaspremiumservices.com/collections/clothing              
| ✓ | ⏱: 9.39s 
  [emmaspremiumservices] https://emmaspremiumservices.com/collections/clothing → 2 products
[SCRAPE].. ◆ Some images failed to load within timeout 
[FETCH]... ↓ https://emmaspremiumservices.com/collections/electronics           
| ✓ | ⏱: 9.29s 
[SCRAPE].. ◆ https://emmaspremiumservices.com/collections/electronics           
| ✓ | ⏱: 0.38s 
[COMPLETE] ● https://emmaspremiumservices.com/collections/electronics           
| ✓ | ⏱: 9.70s 
  [emmaspremiumservices] https://emmaspremiumservices.com/collections/electronics → 2 products

Compliance check: ['No changes on DOCCS mail/packages page', 'Disapproved vendor list — no changes detected']
New compliant products found: 0

Report saved to: /Users/markususche/Desktop/Vender Resale/research/2026-06-29-daily-report.md
Latest report: /Users/markususche/Desktop/Vender Resale/research/latest-report.md

Done.

============================================================
Vender Resale — Nightly Research — 2026-06-30 02:00
============================================================


[2026-06-30 02:00] Scraping 5 competitor sites...
[FETCH]... ↓ https://plugforinmates.com/collections/all                         
| ✓ | ⏱: 6.15s 
[SCRAPE].. ◆ https://plugforinmates.com/collections/all                         
| ✓ | ⏱: 0.00s 
[COMPLETE] ● https://plugforinmates.com/collections/all                         
| ✓ | ⏱: 6.19s 
  [plugforinmates] https://plugforinmates.com/collections/all → 0 products
[SCRAPE].. ◆ Some images failed to load within timeout 
[SCRAPE].. ◆ Some images failed to load within timeout 
[FETCH]... ↓ https://skyesthelimitcatalog.com/                                  
| ✓ | ⏱: 12.07s 
[SCRAPE].. ◆ https://skyesthelimitcatalog.com/                                  
| ✓ | ⏱: 0.22s 
[COMPLETE] ● https://skyesthelimitcatalog.com/                                  
| ✓ | ⏱: 12.35s 
  [skyesthelimit] https://skyesthelimitcatalog.com/ → 2 products
[SCRAPE].. ◆ Some images failed to load within timeout 
[FETCH]... ↓ https://plugforinmates.com/                                        
| ✓ | ⏱: 8.66s 
[SCRAPE].. ◆ https://plugforinmates.com/                                        
| ✓ | ⏱: 0.19s 
[COMPLETE] ● https://plugforinmates.com/                                        
| ✓ | ⏱: 8.88s 
  [plugforinmates] https://plugforinmates.com/ → 9 products
[FETCH]... ↓ https://cigessentials.com/                                         
| ✓ | ⏱: 15.28s 
[SCRAPE].. ◆ https://cigessentials.com/                                         
| ✓ | ⏱: 0.62s 
[COMPLETE] ● https://cigessentials.com/                                         
| ✓ | ⏱: 15.94s 
  [cigessentials] https://cigessentials.com/ → 16 products
[FETCH]... ↓ https://skyesthelimitcatalog.com/shop/                             
| ✓ | ⏱: 4.89s 
[SCRAPE].. ◆ https://skyesthelimitcatalog.com/shop/                             
| ✓ | ⏱: 0.01s 
[COMPLETE] ● https://skyesthelimitcatalog.com/shop/                             
| ✓ | ⏱: 4.92s 
  [skyesthelimit] https://skyesthelimitcatalog.com/shop/ → 0 products
[FETCH]... ↓ https://emmaspremiumservices.com/collections/all                   
| ✓ | ⏱: 19.15s 
[SCRAPE].. ◆ https://emmaspremiumservices.com/collections/all                   
| ✓ | ⏱: 0.48s 
[COMPLETE] ● https://emmaspremiumservices.com/collections/all                   
| ✓ | ⏱: 19.66s 
  [emmaspremiumservices] https://emmaspremiumservices.com/collections/all → 2 products
[FETCH]... ↓ https://cigessentials.com/collections/all                          
| ✓ | ⏱: 5.94s 
[SCRAPE].. ◆ https://cigessentials.com/collections/all                          
| ✓ | ⏱: 0.16s 
[COMPLETE] ● https://cigessentials.com/collections/all                          
| ✓ | ⏱: 6.14s 
  [cigessentials] https://cigessentials.com/collections/all → 1 products
[FETCH]... ↓ https://nysapprovedvendor.com/                                     
| ✓ | ⏱: 22.78s 
[SCRAPE].. ◆ https://nysapprovedvendor.com/                                     
| ✓ | ⏱: 0.38s 
[COMPLETE] ● https://nysapprovedvendor.com/                                     
| ✓ | ⏱: 23.19s 
  [nysapprovedvendor] https://nysapprovedvendor.com/ → 79 products
[SCRAPE].. ◆ Some images failed to load within timeout 
[FETCH]... ↓ https://emmaspremiumservices.com/collections/food-snacks           
| ✓ | ⏱: 6.29s 
[SCRAPE].. ◆ https://emmaspremiumservices.com/collections/food-snacks           
| ✓ | ⏱: 0.19s 
[COMPLETE] ● https://emmaspremiumservices.com/collections/food-snacks           
| ✓ | ⏱: 6.51s 
  [emmaspremiumservices] https://emmaspremiumservices.com/collections/food-snacks → 0 products
[SCRAPE].. ◆ Some images failed to load within timeout 
[FETCH]... ↓ https://emmaspremiumservices.com/collections/hygiene               
| ✓ | ⏱: 5.42s 
[SCRAPE].. ◆ https://emmaspremiumservices.com/collections/hygiene               
| ✓ | ⏱: 0.28s 
[COMPLETE] ● https://emmaspremiumservices.com/collections/hygiene               
| ✓ | ⏱: 5.72s 
  [emmaspremiumservices] https://emmaspremiumservices.com/collections/hygiene → 0 products
[FETCH]... ↓ https://nysapprovedvendor.com/shop/                                
| ✓ | ⏱: 12.74s 
[SCRAPE].. ◆ https://nysapprovedvendor.com/shop/                                
| ✓ | ⏱: 0.39s 
[COMPLETE] ● https://nysapprovedvendor.com/shop/                                
| ✓ | ⏱: 13.17s 
  [nysapprovedvendor] https://nysapprovedvendor.com/shop/ → 79 products
[SCRAPE].. ◆ Some images failed to load within timeout 
[FETCH]... ↓ https://emmaspremiumservices.com/collections/clothing              
| ✓ | ⏱: 10.48s 
[SCRAPE].. ◆ https://emmaspremiumservices.com/collections/clothing              
| ✓ | ⏱: 0.46s 
[COMPLETE] ● https://emmaspremiumservices.com/collections/clothing              
| ✓ | ⏱: 10.97s 
  [emmaspremiumservices] https://emmaspremiumservices.com/collections/clothing → 2 products
[SCRAPE].. ◆ Some images failed to load within timeout 
[FETCH]... ↓ https://emmaspremiumservices.com/collections/electronics           
| ✓ | ⏱: 9.46s 
[SCRAPE].. ◆ https://emmaspremiumservices.com/collections/electronics           
| ✓ | ⏱: 0.40s 
[COMPLETE] ● https://emmaspremiumservices.com/collections/electronics           
| ✓ | ⏱: 9.90s 
  [emmaspremiumservices] https://emmaspremiumservices.com/collections/electronics → 2 products

Compliance check: ['No changes on DOCCS mail/packages page', 'Disapproved vendor list — no changes detected']
New compliant products found: 0

Report saved to: /Users/markususche/Desktop/Vender Resale/research/2026-06-30-daily-report.md
Latest report: /Users/markususche/Desktop/Vender Resale/research/latest-report.md

Done.

============================================================
Vender Resale — Nightly Research — 2026-07-01 02:00
============================================================


[2026-07-01 02:00] Scraping 5 competitor sites...
[FETCH]... ↓ https://plugforinmates.com/collections/all                         
| ✓ | ⏱: 5.84s 
[SCRAPE].. ◆ https://plugforinmates.com/collections/all                         
| ✓ | ⏱: 0.00s 
[COMPLETE] ● https://plugforinmates.com/collections/all                         
| ✓ | ⏱: 5.87s 
  [plugforinmates] https://plugforinmates.com/collections/all → 0 products
[SCRAPE].. ◆ Some images failed to load within timeout 
[SCRAPE].. ◆ Some images failed to load within timeout 
[FETCH]... ↓ https://skyesthelimitcatalog.com/                                  
| ✓ | ⏱: 11.73s 
[SCRAPE].. ◆ https://skyesthelimitcatalog.com/                                  
| ✓ | ⏱: 0.15s 
[COMPLETE] ● https://skyesthelimitcatalog.com/                                  
| ✓ | ⏱: 11.94s 
  [skyesthelimit] https://skyesthelimitcatalog.com/ → 2 products
[SCRAPE].. ◆ Some images failed to load within timeout 
[FETCH]... ↓ https://plugforinmates.com/                                        
| ✓ | ⏱: 8.90s 
[SCRAPE].. ◆ https://plugforinmates.com/                                        
| ✓ | ⏱: 0.12s 
[COMPLETE] ● https://plugforinmates.com/                                        
| ✓ | ⏱: 9.05s 
  [plugforinmates] https://plugforinmates.com/ → 9 products
[FETCH]... ↓ https://cigessentials.com/                                         
| ✓ | ⏱: 15.00s 
[SCRAPE].. ◆ https://cigessentials.com/                                         
| ✓ | ⏱: 0.57s 
[COMPLETE] ● https://cigessentials.com/                                         
| ✓ | ⏱: 15.61s 
  [cigessentials] https://cigessentials.com/ → 16 products
[FETCH]... ↓ https://skyesthelimitcatalog.com/shop/                             
| ✓ | ⏱: 5.67s 
[SCRAPE].. ◆ https://skyesthelimitcatalog.com/shop/                             
| ✓ | ⏱: 0.00s 
[COMPLETE] ● https://skyesthelimitcatalog.com/shop/                             
| ✓ | ⏱: 5.69s 
  [skyesthelimit] https://skyesthelimitcatalog.com/shop/ → 0 products
[FETCH]... ↓ https://emmaspremiumservices.com/collections/all                   
| ✓ | ⏱: 19.19s 
[SCRAPE].. ◆ https://emmaspremiumservices.com/collections/all                   
| ✓ | ⏱: 0.44s 
[COMPLETE] ● https://emmaspremiumservices.com/collections/all                   
| ✓ | ⏱: 19.67s 
  [emmaspremiumservices] https://emmaspremiumservices.com/collections/all → 2 products
[FETCH]... ↓ https://cigessentials.com/collections/all                          
| ✓ | ⏱: 5.71s 
[SCRAPE].. ◆ https://cigessentials.com/collections/all                          
| ✓ | ⏱: 0.15s 
[COMPLETE] ● https://cigessentials.com/collections/all                          
| ✓ | ⏱: 5.89s 
  [cigessentials] https://cigessentials.com/collections/all → 1 products
[FETCH]... ↓ https://nysapprovedvendor.com/                                     
| ✓ | ⏱: 21.45s 
[SCRAPE].. ◆ https://nysapprovedvendor.com/                                     
| ✓ | ⏱: 0.48s 
[COMPLETE] ● https://nysapprovedvendor.com/                                     
| ✓ | ⏱: 21.97s 
  [nysapprovedvendor] https://nysapprovedvendor.com/ → 79 products
[SCRAPE].. ◆ Some images failed to load within timeout 
[FETCH]... ↓ https://emmaspremiumservices.com/collections/food-snacks           
| ✓ | ⏱: 6.30s 
[SCRAPE].. ◆ https://emmaspremiumservices.com/collections/food-snacks           
| ✓ | ⏱: 0.19s 
[COMPLETE] ● https://emmaspremiumservices.com/collections/food-snacks           
| ✓ | ⏱: 6.52s 
  [emmaspremiumservices] https://emmaspremiumservices.com/collections/food-snacks → 0 products
[SCRAPE].. ◆ Some images failed to load within timeout 
[SCRAPE].. ◆ Some images failed to load within timeout 
[FETCH]... ↓ https://emmaspremiumservices.com/collections/hygiene               
| ✓ | ⏱: 5.73s 
[SCRAPE].. ◆ https://emmaspremiumservices.com/collections/hygiene               
| ✓ | ⏱: 0.23s 
[COMPLETE] ● https://emmaspremiumservices.com/collections/hygiene               
| ✓ | ⏱: 5.99s 
  [emmaspremiumservices] https://emmaspremiumservices.com/collections/hygiene → 0 products
[FETCH]... ↓ https://nysapprovedvendor.com/shop/                                
| ✓ | ⏱: 10.76s 
[SCRAPE].. ◆ https://nysapprovedvendor.com/shop/                                
| ✓ | ⏱: 0.52s 
[COMPLETE] ● https://nysapprovedvendor.com/shop/                                
| ✓ | ⏱: 11.32s 
  [nysapprovedvendor] https://nysapprovedvendor.com/shop/ → 79 products
[SCRAPE].. ◆ Some images failed to load within timeout 
[FETCH]... ↓ https://emmaspremiumservices.com/collections/clothing              
| ✓ | ⏱: 9.81s 
[SCRAPE].. ◆ https://emmaspremiumservices.com/collections/clothing              
| ✓ | ⏱: 0.46s 
[COMPLETE] ● https://emmaspremiumservices.com/collections/clothing              
| ✓ | ⏱: 10.32s 
  [emmaspremiumservices] https://emmaspremiumservices.com/collections/clothing → 2 products
[SCRAPE].. ◆ Some images failed to load within timeout 
[FETCH]... ↓ https://emmaspremiumservices.com/collections/electronics           
| ✓ | ⏱: 9.61s 
[SCRAPE].. ◆ https://emmaspremiumservices.com/collections/electronics           
| ✓ | ⏱: 0.38s 
[COMPLETE] ● https://emmaspremiumservices.com/collections/electronics           
| ✓ | ⏱: 10.03s 
  [emmaspremiumservices] https://emmaspremiumservices.com/collections/electronics → 2 products

Compliance check: ['No changes on DOCCS mail/packages page', 'Disapproved vendor list — no changes detected']
New compliant products found: 0

Report saved to: /Users/markususche/Desktop/Vender Resale/research/2026-07-01-daily-report.md
Latest report: /Users/markususche/Desktop/Vender Resale/research/latest-report.md

Done.

============================================================
Vender Resale — Nightly Research — 2026-07-02 02:00
============================================================


[2026-07-02 02:00] Scraping 5 competitor sites...
[FETCH]... ↓ https://plugforinmates.com/collections/all                         
| ✓ | ⏱: 5.60s 
[SCRAPE].. ◆ https://plugforinmates.com/collections/all                         
| ✓ | ⏱: 0.03s 
[COMPLETE] ● https://plugforinmates.com/collections/all                         
| ✓ | ⏱: 5.67s 
  [plugforinmates] https://plugforinmates.com/collections/all → 0 products
[SCRAPE].. ◆ Some images failed to load within timeout 
[SCRAPE].. ◆ Some images failed to load within timeout 
[FETCH]... ↓ https://skyesthelimitcatalog.com/                                  
| ✓ | ⏱: 11.00s 
[SCRAPE].. ◆ https://skyesthelimitcatalog.com/                                  
| ✓ | ⏱: 0.18s 
[COMPLETE] ● https://skyesthelimitcatalog.com/                                  
| ✓ | ⏱: 11.24s 
  [skyesthelimit] https://skyesthelimitcatalog.com/ → 2 products
[SCRAPE].. ◆ Some images failed to load within timeout 
[FETCH]... ↓ https://plugforinmates.com/                                        
| ✓ | ⏱: 8.82s 
[SCRAPE].. ◆ https://plugforinmates.com/                                        
| ✓ | ⏱: 0.09s 
[COMPLETE] ● https://plugforinmates.com/                                        
| ✓ | ⏱: 8.94s 
  [plugforinmates] https://plugforinmates.com/ → 9 products
[FETCH]... ↓ https://cigessentials.com/                                         
| ✓ | ⏱: 14.61s 
[SCRAPE].. ◆ https://cigessentials.com/                                         
| ✓ | ⏱: 0.45s 
[COMPLETE] ● https://cigessentials.com/                                         
| ✓ | ⏱: 15.09s 
  [cigessentials] https://cigessentials.com/ → 16 products
[FETCH]... ↓ https://skyesthelimitcatalog.com/shop/                             
| ✓ | ⏱: 5.27s 
[SCRAPE].. ◆ https://skyesthelimitcatalog.com/shop/                             
| ✓ | ⏱: 0.00s 
[COMPLETE] ● https://skyesthelimitcatalog.com/shop/                             
| ✓ | ⏱: 5.29s 
  [skyesthelimit] https://skyesthelimitcatalog.com/shop/ → 0 products
[FETCH]... ↓ https://emmaspremiumservices.com/collections/all                   
| ✓ | ⏱: 18.21s 
[SCRAPE].. ◆ https://emmaspremiumservices.com/collections/all                   
| ✓ | ⏱: 0.48s 
[COMPLETE] ● https://emmaspremiumservices.com/collections/all                   
| ✓ | ⏱: 18.74s 
  [emmaspremiumservices] https://emmaspremiumservices.com/collections/all → 2 products
[FETCH]... ↓ https://cigessentials.com/collections/all                          
| ✓ | ⏱: 5.15s 
[SCRAPE].. ◆ https://cigessentials.com/collections/all                          
| ✓ | ⏱: 0.14s 
[COMPLETE] ● https://cigessentials.com/collections/all                          
| ✓ | ⏱: 5.34s 
  [cigessentials] https://cigessentials.com/collections/all → 1 products
[FETCH]... ↓ https://nysapprovedvendor.com/                                     
| ✓ | ⏱: 20.60s 
[SCRAPE].. ◆ https://nysapprovedvendor.com/                                     
| ✓ | ⏱: 0.56s 
[COMPLETE] ● https://nysapprovedvendor.com/                                     
| ✓ | ⏱: 21.22s 
  [nysapprovedvendor] https://nysapprovedvendor.com/ → 79 products
[SCRAPE].. ◆ Some images failed to load within timeout 
[SCRAPE].. ◆ Some images failed to load within timeout 
[FETCH]... ↓ https://emmaspremiumservices.com/collections/food-snacks           
| ✓ | ⏱: 6.69s 
[SCRAPE].. ◆ https://emmaspremiumservices.com/collections/food-snacks           
| ✓ | ⏱: 0.22s 
[COMPLETE] ● https://emmaspremiumservices.com/collections/food-snacks           
| ✓ | ⏱: 6.93s 
  [emmaspremiumservices] https://emmaspremiumservices.com/collections/food-snacks → 0 products
[SCRAPE].. ◆ Some images failed to load within timeout 
[FETCH]... ↓ https://nysapprovedvendor.com/shop/                                
| ✓ | ⏱: 9.86s 
[SCRAPE].. ◆ https://nysapprovedvendor.com/shop/                                
| ✓ | ⏱: 0.38s 
[COMPLETE] ● https://nysapprovedvendor.com/shop/                                
| ✓ | ⏱: 10.27s 
  [nysapprovedvendor] https://nysapprovedvendor.com/shop/ → 79 products
[FETCH]... ↓ https://emmaspremiumservices.com/collections/hygiene               
| ✓ | ⏱: 5.90s 
[SCRAPE].. ◆ https://emmaspremiumservices.com/collections/hygiene               
| ✓ | ⏱: 0.20s 
[COMPLETE] ● https://emmaspremiumservices.com/collections/hygiene               
| ✓ | ⏱: 6.13s 
  [emmaspremiumservices] https://emmaspremiumservices.com/collections/hygiene → 0 products
[SCRAPE].. ◆ Some images failed to load within timeout 
[FETCH]... ↓ https://emmaspremiumservices.com/collections/clothing              
| ✓ | ⏱: 9.43s 
[SCRAPE].. ◆ https://emmaspremiumservices.com/collections/clothing              
| ✓ | ⏱: 0.41s 
[COMPLETE] ● https://emmaspremiumservices.com/collections/clothing              
| ✓ | ⏱: 9.87s 
  [emmaspremiumservices] https://emmaspremiumservices.com/collections/clothing → 2 products
[SCRAPE].. ◆ Some images failed to load within timeout 
[FETCH]... ↓ https://emmaspremiumservices.com/collections/electronics           
| ✓ | ⏱: 9.19s 
[SCRAPE].. ◆ https://emmaspremiumservices.com/collections/electronics           
| ✓ | ⏱: 0.45s 
[COMPLETE] ● https://emmaspremiumservices.com/collections/electronics           
| ✓ | ⏱: 9.67s 
  [emmaspremiumservices] https://emmaspremiumservices.com/collections/electronics → 2 products

Compliance check: ['No changes on DOCCS mail/packages page', 'Disapproved vendor list — no changes detected']
New compliant products found: 5

Report saved to: /Users/markususche/Desktop/Vender Resale/research/2026-07-02-daily-report.md
Latest report: /Users/markususche/Desktop/Vender Resale/research/latest-report.md

Done.

============================================================
Vender Resale — Nightly Research — 2026-07-03 02:00
============================================================


[2026-07-03 02:00] Scraping 5 competitor sites...
[FETCH]... ↓ https://plugforinmates.com/collections/all                         
| ✓ | ⏱: 5.53s 
[SCRAPE].. ◆ https://plugforinmates.com/collections/all                         
| ✓ | ⏱: 0.02s 
[COMPLETE] ● https://plugforinmates.com/collections/all                         
| ✓ | ⏱: 5.59s 
  [plugforinmates] https://plugforinmates.com/collections/all → 0 products
[SCRAPE].. ◆ Some images failed to load within timeout 
[SCRAPE].. ◆ Some images failed to load within timeout 
[FETCH]... ↓ https://skyesthelimitcatalog.com/                                  
| ✓ | ⏱: 11.19s 
[SCRAPE].. ◆ https://skyesthelimitcatalog.com/                                  
| ✓ | ⏱: 0.14s 
[COMPLETE] ● https://skyesthelimitcatalog.com/                                  
| ✓ | ⏱: 11.38s 
  [skyesthelimit] https://skyesthelimitcatalog.com/ → 2 products
[SCRAPE].. ◆ Some images failed to load within timeout 
[FETCH]... ↓ https://cigessentials.com/                                         
| ✓ | ⏱: 13.55s 
[SCRAPE].. ◆ https://cigessentials.com/                                         
| ✓ | ⏱: 0.42s 
[COMPLETE] ● https://cigessentials.com/                                         
| ✓ | ⏱: 14.02s 
  [cigessentials] https://cigessentials.com/ → 16 products
[FETCH]... ↓ https://plugforinmates.com/                                        
| ✓ | ⏱: 9.00s 
[SCRAPE].. ◆ https://plugforinmates.com/                                        
| ✓ | ⏱: 0.09s 
[COMPLETE] ● https://plugforinmates.com/                                        
| ✓ | ⏱: 9.12s 
  [plugforinmates] https://plugforinmates.com/ → 9 products
[FETCH]... ↓ https://skyesthelimitcatalog.com/shop/                             
| ✓ | ⏱: 4.88s 
[SCRAPE].. ◆ https://skyesthelimitcatalog.com/shop/                             
| ✓ | ⏱: 0.00s 
[COMPLETE] ● https://skyesthelimitcatalog.com/shop/                             
| ✓ | ⏱: 4.89s 
  [skyesthelimit] https://skyesthelimitcatalog.com/shop/ → 0 products
[FETCH]... ↓ https://emmaspremiumservices.com/collections/all                   
| ✓ | ⏱: 17.13s 
[SCRAPE].. ◆ https://emmaspremiumservices.com/collections/all                   
| ✓ | ⏱: 0.42s 
[COMPLETE] ● https://emmaspremiumservices.com/collections/all                   
| ✓ | ⏱: 17.58s 
  [emmaspremiumservices] https://emmaspremiumservices.com/collections/all → 2 products
[FETCH]... ↓ https://nysapprovedvendor.com/                                     
| ✓ | ⏱: 19.23s 
[SCRAPE].. ◆ https://nysapprovedvendor.com/                                     
| ✓ | ⏱: 0.42s 
[COMPLETE] ● https://nysapprovedvendor.com/                                     
| ✓ | ⏱: 19.69s 
  [nysapprovedvendor] https://nysapprovedvendor.com/ → 79 products
[FETCH]... ↓ https://cigessentials.com/collections/all                          
| ✓ | ⏱: 6.66s 
[SCRAPE].. ◆ https://cigessentials.com/collections/all                          
| ✓ | ⏱: 0.10s 
[COMPLETE] ● https://cigessentials.com/collections/all                          
| ✓ | ⏱: 6.79s 
  [cigessentials] https://cigessentials.com/collections/all → 1 products
[SCRAPE].. ◆ Some images failed to load within timeout 
[FETCH]... ↓ https://emmaspremiumservices.com/collections/food-snacks           
| ✓ | ⏱: 6.21s 
[SCRAPE].. ◆ https://emmaspremiumservices.com/collections/food-snacks           
| ✓ | ⏱: 0.18s 
[COMPLETE] ● https://emmaspremiumservices.com/collections/food-snacks           
| ✓ | ⏱: 6.42s 
  [emmaspremiumservices] https://emmaspremiumservices.com/collections/food-snacks → 0 products
[SCRAPE].. ◆ Some images failed to load within timeout 
[FETCH]... ↓ https://emmaspremiumservices.com/collections/hygiene               
| ✓ | ⏱: 4.58s 
[SCRAPE].. ◆ https://emmaspremiumservices.com/collections/hygiene               
| ✓ | ⏱: 0.22s 
[COMPLETE] ● https://emmaspremiumservices.com/collections/hygiene               
| ✓ | ⏱: 4.82s 
  [emmaspremiumservices] https://emmaspremiumservices.com/collections/hygiene → 0 products
[FETCH]... ↓ https://nysapprovedvendor.com/shop/                                
| ✓ | ⏱: 10.87s 
[SCRAPE].. ◆ https://nysapprovedvendor.com/shop/                                
| ✓ | ⏱: 0.42s 
[COMPLETE] ● https://nysapprovedvendor.com/shop/                                
| ✓ | ⏱: 11.34s 
  [nysapprovedvendor] https://nysapprovedvendor.com/shop/ → 79 products
[SCRAPE].. ◆ Some images failed to load within timeout 
[FETCH]... ↓ https://emmaspremiumservices.com/collections/clothing              
| ✓ | ⏱: 10.23s 
[SCRAPE].. ◆ https://emmaspremiumservices.com/collections/clothing              
| ✓ | ⏱: 0.39s 
[COMPLETE] ● https://emmaspremiumservices.com/collections/clothing              
| ✓ | ⏱: 10.65s 
  [emmaspremiumservices] https://emmaspremiumservices.com/collections/clothing → 2 products
[SCRAPE].. ◆ Some images failed to load within timeout 
[FETCH]... ↓ https://emmaspremiumservices.com/collections/electronics           
| ✓ | ⏱: 9.23s 
[SCRAPE].. ◆ https://emmaspremiumservices.com/collections/electronics           
| ✓ | ⏱: 0.35s 
[COMPLETE] ● https://emmaspremiumservices.com/collections/electronics           
| ✓ | ⏱: 9.61s 
  [emmaspremiumservices] https://emmaspremiumservices.com/collections/electronics → 2 products

Compliance check: ['DOCCS mail/packages page content changed — review immediately', 'Disapproved vendor list — no changes detected']
New compliant products found: 0

Report saved to: /Users/markususche/Desktop/Vender Resale/research/2026-07-03-daily-report.md
Latest report: /Users/markususche/Desktop/Vender Resale/research/latest-report.md

*** COMPLIANCE CHANGES DETECTED — CHECK IMMEDIATELY ***

============================================================
Vender Resale — Nightly Research — 2026-07-04 02:00
============================================================


[2026-07-04 02:00] Scraping 5 competitor sites...
[FETCH]... ↓ https://plugforinmates.com/collections/all                         
| ✓ | ⏱: 6.73s 
[SCRAPE].. ◆ https://plugforinmates.com/collections/all                         
| ✓ | ⏱: 0.03s 
[COMPLETE] ● https://plugforinmates.com/collections/all                         
| ✓ | ⏱: 6.79s 
  [plugforinmates] https://plugforinmates.com/collections/all → 0 products
[SCRAPE].. ◆ Some images failed to load within timeout 
[SCRAPE].. ◆ Some images failed to load within timeout 
[FETCH]... ↓ https://skyesthelimitcatalog.com/                                  
| ✓ | ⏱: 12.82s 
[SCRAPE].. ◆ https://skyesthelimitcatalog.com/                                  
| ✓ | ⏱: 0.20s 
[COMPLETE] ● https://skyesthelimitcatalog.com/                                  
| ✓ | ⏱: 13.05s 
  [skyesthelimit] https://skyesthelimitcatalog.com/ → 2 products
[SCRAPE].. ◆ Some images failed to load within timeout 
[FETCH]... ↓ https://cigessentials.com/                                         
| ✓ | ⏱: 14.77s 
[SCRAPE].. ◆ https://cigessentials.com/                                         
| ✓ | ⏱: 0.42s 
[COMPLETE] ● https://cigessentials.com/                                         
| ✓ | ⏱: 15.23s 
  [cigessentials] https://cigessentials.com/ → 16 products
[FETCH]... ↓ https://plugforinmates.com/                                        
| ✓ | ⏱: 9.06s 
[SCRAPE].. ◆ https://plugforinmates.com/                                        
| ✓ | ⏱: 0.17s 
[COMPLETE] ● https://plugforinmates.com/                                        
| ✓ | ⏱: 9.25s 
  [plugforinmates] https://plugforinmates.com/ → 9 products
[FETCH]... ↓ https://skyesthelimitcatalog.com/shop/                             
| ✓ | ⏱: 3.46s 
[SCRAPE].. ◆ https://skyesthelimitcatalog.com/shop/                             
| ✓ | ⏱: 0.00s 
[COMPLETE] ● https://skyesthelimitcatalog.com/shop/                             
| ✓ | ⏱: 3.48s 
  [skyesthelimit] https://skyesthelimitcatalog.com/shop/ → 0 products
[FETCH]... ↓ https://emmaspremiumservices.com/collections/all                   
| ✓ | ⏱: 19.09s 
[SCRAPE].. ◆ https://emmaspremiumservices.com/collections/all                   
| ✓ | ⏱: 0.56s 
[COMPLETE] ● https://emmaspremiumservices.com/collections/all                   
| ✓ | ⏱: 19.69s 
  [emmaspremiumservices] https://emmaspremiumservices.com/collections/all → 2 products
[FETCH]... ↓ https://cigessentials.com/collections/all                          
| ✓ | ⏱: 5.51s 
[SCRAPE].. ◆ https://cigessentials.com/collections/all                          
| ✓ | ⏱: 0.19s 
[COMPLETE] ● https://cigessentials.com/collections/all                          
| ✓ | ⏱: 5.73s 
  [cigessentials] https://cigessentials.com/collections/all → 1 products
[FETCH]... ↓ https://nysapprovedvendor.com/                                     
| ✓ | ⏱: 22.02s 
[SCRAPE].. ◆ https://nysapprovedvendor.com/                                     
| ✓ | ⏱: 0.51s 
[COMPLETE] ● https://nysapprovedvendor.com/                                     
| ✓ | ⏱: 22.61s 
  [nysapprovedvendor] https://nysapprovedvendor.com/ → 79 products
[SCRAPE].. ◆ Some images failed to load within timeout 
[SCRAPE].. ◆ Some images failed to load within timeout 
[FETCH]... ↓ https://emmaspremiumservices.com/collections/food-snacks           
| ✓ | ⏱: 7.17s 
[SCRAPE].. ◆ https://emmaspremiumservices.com/collections/food-snacks           
| ✓ | ⏱: 0.19s 
[COMPLETE] ● https://emmaspremiumservices.com/collections/food-snacks           
| ✓ | ⏱: 7.39s 
  [emmaspremiumservices] https://emmaspremiumservices.com/collections/food-snacks → 0 products
[FETCH]... ↓ https://emmaspremiumservices.com/collections/hygiene               
| ✓ | ⏱: 5.33s 
[SCRAPE].. ◆ https://emmaspremiumservices.com/collections/hygiene               
| ✓ | ⏱: 0.30s 
[COMPLETE] ● https://emmaspremiumservices.com/collections/hygiene               
| ✓ | ⏱: 5.66s 
  [emmaspremiumservices] https://emmaspremiumservices.com/collections/hygiene → 0 products
[FETCH]... ↓ https://nysapprovedvendor.com/shop/                                
| ✓ | ⏱: 10.70s 
[SCRAPE].. ◆ https://nysapprovedvendor.com/shop/                                
| ✓ | ⏱: 0.50s 
[COMPLETE] ● https://nysapprovedvendor.com/shop/                                
| ✓ | ⏱: 11.26s 
  [nysapprovedvendor] https://nysapprovedvendor.com/shop/ → 79 products
[SCRAPE].. ◆ Some images failed to load within timeout 
[FETCH]... ↓ https://emmaspremiumservices.com/collections/clothing              
| ✓ | ⏱: 10.02s 
[SCRAPE].. ◆ https://emmaspremiumservices.com/collections/clothing              
| ✓ | ⏱: 0.44s 
[COMPLETE] ● https://emmaspremiumservices.com/collections/clothing              
| ✓ | ⏱: 10.50s 
  [emmaspremiumservices] https://emmaspremiumservices.com/collections/clothing → 2 products
[SCRAPE].. ◆ Some images failed to load within timeout 
[FETCH]... ↓ https://emmaspremiumservices.com/collections/electronics           
| ✓ | ⏱: 9.11s 
[SCRAPE].. ◆ https://emmaspremiumservices.com/collections/electronics           
| ✓ | ⏱: 0.37s 
[COMPLETE] ● https://emmaspremiumservices.com/collections/electronics           
| ✓ | ⏱: 9.50s 
  [emmaspremiumservices] https://emmaspremiumservices.com/collections/electronics → 2 products

Compliance check: ['No changes on DOCCS mail/packages page', 'Disapproved vendor list — no changes detected']
New compliant products found: 0

Report saved to: /Users/markususche/Desktop/Vender Resale/research/2026-07-04-daily-report.md
Latest report: /Users/markususche/Desktop/Vender Resale/research/latest-report.md

Done.

============================================================
Vender Resale — Nightly Research — 2026-07-05 02:00
============================================================


[2026-07-05 02:00] Scraping 5 competitor sites...
[FETCH]... ↓ https://plugforinmates.com/collections/all                         
| ✓ | ⏱: 5.42s 
[SCRAPE].. ◆ https://plugforinmates.com/collections/all                         
| ✓ | ⏱: 0.02s 
[COMPLETE] ● https://plugforinmates.com/collections/all                         
| ✓ | ⏱: 5.47s 
  [plugforinmates] https://plugforinmates.com/collections/all → 0 products
[SCRAPE].. ◆ Some images failed to load within timeout 
[SCRAPE].. ◆ Some images failed to load within timeout 
[FETCH]... ↓ https://skyesthelimitcatalog.com/                                  
| ✓ | ⏱: 11.61s 
[SCRAPE].. ◆ https://skyesthelimitcatalog.com/                                  
| ✓ | ⏱: 0.14s 
[COMPLETE] ● https://skyesthelimitcatalog.com/                                  
| ✓ | ⏱: 11.79s 
  [skyesthelimit] https://skyesthelimitcatalog.com/ → 2 products
[SCRAPE].. ◆ Some images failed to load within timeout 
[FETCH]... ↓ https://cigessentials.com/                                         
| ✓ | ⏱: 14.02s 
[SCRAPE].. ◆ https://cigessentials.com/                                         
| ✓ | ⏱: 0.37s 
[COMPLETE] ● https://cigessentials.com/                                         
| ✓ | ⏱: 14.43s 
  [cigessentials] https://cigessentials.com/ → 16 products
[FETCH]... ↓ https://skyesthelimitcatalog.com/shop/                             
| ✓ | ⏱: 3.04s 
[SCRAPE].. ◆ https://skyesthelimitcatalog.com/shop/                             
| ✓ | ⏱: 0.00s 
[COMPLETE] ● https://skyesthelimitcatalog.com/shop/                             
| ✓ | ⏱: 3.05s 
  [skyesthelimit] https://skyesthelimitcatalog.com/shop/ → 0 products
[FETCH]... ↓ https://plugforinmates.com/                                        
| ✓ | ⏱: 9.35s 
[SCRAPE].. ◆ https://plugforinmates.com/                                        
| ✓ | ⏱: 0.09s 
[COMPLETE] ● https://plugforinmates.com/                                        
| ✓ | ⏱: 9.59s 
  [plugforinmates] https://plugforinmates.com/ → 9 products
[FETCH]... ↓ https://emmaspremiumservices.com/collections/all                   
| ✓ | ⏱: 17.13s 
[SCRAPE].. ◆ https://emmaspremiumservices.com/collections/all                   
| ✓ | ⏱: 0.43s 
[COMPLETE] ● https://emmaspremiumservices.com/collections/all                   
| ✓ | ⏱: 17.59s 
  [emmaspremiumservices] https://emmaspremiumservices.com/collections/all → 2 products
[FETCH]... ↓ https://nysapprovedvendor.com/                                     
| ✓ | ⏱: 19.39s 
[SCRAPE].. ◆ https://nysapprovedvendor.com/                                     
| ✓ | ⏱: 0.44s 
[COMPLETE] ● https://nysapprovedvendor.com/                                     
| ✓ | ⏱: 19.88s 
  [nysapprovedvendor] https://nysapprovedvendor.com/ → 79 products
[FETCH]... ↓ https://cigessentials.com/collections/all                          
| ✓ | ⏱: 5.76s 
[SCRAPE].. ◆ https://cigessentials.com/collections/all                          
| ✓ | ⏱: 0.17s 
[COMPLETE] ● https://cigessentials.com/collections/all                          
| ✓ | ⏱: 5.97s 
  [cigessentials] https://cigessentials.com/collections/all → 1 products
[SCRAPE].. ◆ Some images failed to load within timeout 
[SCRAPE].. ◆ Some images failed to load within timeout 
[FETCH]... ↓ https://emmaspremiumservices.com/collections/food-snacks           
| ✓ | ⏱: 6.43s 
[SCRAPE].. ◆ https://emmaspremiumservices.com/collections/food-snacks           
| ✓ | ⏱: 0.17s 
[COMPLETE] ● https://emmaspremiumservices.com/collections/food-snacks           
| ✓ | ⏱: 6.63s 
  [emmaspremiumservices] https://emmaspremiumservices.com/collections/food-snacks → 0 products
[SCRAPE].. ◆ Some images failed to load within timeout 
[FETCH]... ↓ https://nysapprovedvendor.com/shop/                                
| ✓ | ⏱: 9.70s 
[SCRAPE].. ◆ https://nysapprovedvendor.com/shop/                                
| ✓ | ⏱: 0.35s 
[COMPLETE] ● https://nysapprovedvendor.com/shop/                                
| ✓ | ⏱: 10.09s 
  [nysapprovedvendor] https://nysapprovedvendor.com/shop/ → 79 products
[FETCH]... ↓ https://emmaspremiumservices.com/collections/hygiene               
| ✓ | ⏱: 5.91s 
[SCRAPE].. ◆ https://emmaspremiumservices.com/collections/hygiene               
| ✓ | ⏱: 0.20s 
[COMPLETE] ● https://emmaspremiumservices.com/collections/hygiene               
| ✓ | ⏱: 6.14s 
  [emmaspremiumservices] https://emmaspremiumservices.com/collections/hygiene → 0 products
[SCRAPE].. ◆ Some images failed to load within timeout 
[FETCH]... ↓ https://emmaspremiumservices.com/collections/clothing              
| ✓ | ⏱: 9.37s 
[SCRAPE].. ◆ https://emmaspremiumservices.com/collections/clothing              
| ✓ | ⏱: 0.39s 
[COMPLETE] ● https://emmaspremiumservices.com/collections/clothing              
| ✓ | ⏱: 9.79s 
  [emmaspremiumservices] https://emmaspremiumservices.com/collections/clothing → 2 products
[SCRAPE].. ◆ Some images failed to load within timeout 
[FETCH]... ↓ https://emmaspremiumservices.com/collections/electronics           
| ✓ | ⏱: 9.21s 
[SCRAPE].. ◆ https://emmaspremiumservices.com/collections/electronics           
| ✓ | ⏱: 0.35s 
[COMPLETE] ● https://emmaspremiumservices.com/collections/electronics           
| ✓ | ⏱: 9.59s 
  [emmaspremiumservices] https://emmaspremiumservices.com/collections/electronics → 2 products

Compliance check: ['No changes on DOCCS mail/packages page', 'Disapproved vendor list — no changes detected']
New compliant products found: 0

Report saved to: /Users/markususche/Desktop/Vender Resale/research/2026-07-05-daily-report.md
Latest report: /Users/markususche/Desktop/Vender Resale/research/latest-report.md

Done.

============================================================
Vender Resale — Nightly Research — 2026-07-06 02:00
============================================================


[2026-07-06 02:00] Scraping 5 competitor sites...
[SCRAPE].. ◆ Some images failed to load within timeout 
[FETCH]... ↓ https://plugforinmates.com/collections/all                         
| ✓ | ⏱: 5.02s 
[SCRAPE].. ◆ https://plugforinmates.com/collections/all                         
| ✓ | ⏱: 0.03s 
[COMPLETE] ● https://plugforinmates.com/collections/all                         
| ✓ | ⏱: 5.06s 
  [plugforinmates] https://plugforinmates.com/collections/all → 0 products
[SCRAPE].. ◆ Some images failed to load within timeout 
[FETCH]... ↓ https://skyesthelimitcatalog.com/                                  
| ✓ | ⏱: 10.93s 
[SCRAPE].. ◆ https://skyesthelimitcatalog.com/                                  
| ✓ | ⏱: 0.18s 
[COMPLETE] ● https://skyesthelimitcatalog.com/                                  
| ✓ | ⏱: 11.14s 
  [skyesthelimit] https://skyesthelimitcatalog.com/ → 2 products
[SCRAPE].. ◆ Some images failed to load within timeout 
[FETCH]... ↓ https://cigessentials.com/                                         
| ✓ | ⏱: 13.54s 
[SCRAPE].. ◆ https://cigessentials.com/                                         
| ✓ | ⏱: 0.40s 
[COMPLETE] ● https://cigessentials.com/                                         
| ✓ | ⏱: 13.97s 
  [cigessentials] https://cigessentials.com/ → 16 products
[FETCH]... ↓ https://plugforinmates.com/                                        
| ✓ | ⏱: 9.02s 
[SCRAPE].. ◆ https://plugforinmates.com/                                        
| ✓ | ⏱: 0.06s 
[COMPLETE] ● https://plugforinmates.com/                                        
| ✓ | ⏱: 9.12s 
  [plugforinmates] https://plugforinmates.com/ → 9 products
[FETCH]... ↓ https://skyesthelimitcatalog.com/shop/                             
| ✓ | ⏱: 3.45s 
[SCRAPE].. ◆ https://skyesthelimitcatalog.com/shop/                             
| ✓ | ⏱: 0.00s 
[COMPLETE] ● https://skyesthelimitcatalog.com/shop/                             
| ✓ | ⏱: 3.49s 
  [skyesthelimit] https://skyesthelimitcatalog.com/shop/ → 0 products
[FETCH]... ↓ https://emmaspremiumservices.com/collections/all                   
| ✓ | ⏱: 17.12s 
[SCRAPE].. ◆ https://emmaspremiumservices.com/collections/all                   
| ✓ | ⏱: 0.44s 
[COMPLETE] ● https://emmaspremiumservices.com/collections/all                   
| ✓ | ⏱: 17.60s 
  [emmaspremiumservices] https://emmaspremiumservices.com/collections/all → 2 products
[FETCH]... ↓ https://nysapprovedvendor.com/                                     
| ✓ | ⏱: 19.07s 
[SCRAPE].. ◆ https://nysapprovedvendor.com/                                     
| ✓ | ⏱: 0.49s 
[COMPLETE] ● https://nysapprovedvendor.com/                                     
| ✓ | ⏱: 19.60s 
  [nysapprovedvendor] https://nysapprovedvendor.com/ → 79 products
[FETCH]... ↓ https://cigessentials.com/collections/all                          
| ✓ | ⏱: 6.16s 
[SCRAPE].. ◆ https://cigessentials.com/collections/all                          
| ✓ | ⏱: 0.13s 
[COMPLETE] ● https://cigessentials.com/collections/all                          
| ✓ | ⏱: 6.34s 
  [cigessentials] https://cigessentials.com/collections/all → 1 products
[SCRAPE].. ◆ Some images failed to load within timeout 
[FETCH]... ↓ https://emmaspremiumservices.com/collections/food-snacks           
| ✓ | ⏱: 6.31s 
[SCRAPE].. ◆ https://emmaspremiumservices.com/collections/food-snacks           
| ✓ | ⏱: 0.18s 
[COMPLETE] ● https://emmaspremiumservices.com/collections/food-snacks           
| ✓ | ⏱: 6.52s 
  [emmaspremiumservices] https://emmaspremiumservices.com/collections/food-snacks → 0 products
[SCRAPE].. ◆ Some images failed to load within timeout 
[SCRAPE].. ◆ Some images failed to load within timeout 
[FETCH]... ↓ https://emmaspremiumservices.com/collections/hygiene               
| ✓ | ⏱: 5.48s 
[SCRAPE].. ◆ https://emmaspremiumservices.com/collections/hygiene               
| ✓ | ⏱: 0.20s 
[COMPLETE] ● https://emmaspremiumservices.com/collections/hygiene               
| ✓ | ⏱: 5.70s 
  [emmaspremiumservices] https://emmaspremiumservices.com/collections/hygiene → 0 products
[FETCH]... ↓ https://nysapprovedvendor.com/shop/                                
| ✓ | ⏱: 10.69s 
[SCRAPE].. ◆ https://nysapprovedvendor.com/shop/                                
| ✓ | ⏱: 0.36s 
[COMPLETE] ● https://nysapprovedvendor.com/shop/                                
| ✓ | ⏱: 11.08s 
  [nysapprovedvendor] https://nysapprovedvendor.com/shop/ → 79 products
[FETCH]... ↓ https://emmaspremiumservices.com/collections/clothing              
| ✓ | ⏱: 8.57s 
[SCRAPE].. ◆ https://emmaspremiumservices.com/collections/clothing              
| ✓ | ⏱: 0.40s 
[COMPLETE] ● https://emmaspremiumservices.com/collections/clothing              
| ✓ | ⏱: 9.01s 
  [emmaspremiumservices] https://emmaspremiumservices.com/collections/clothing → 2 products
[SCRAPE].. ◆ Some images failed to load within timeout 
[FETCH]... ↓ https://emmaspremiumservices.com/collections/electronics           
| ✓ | ⏱: 9.05s 
[SCRAPE].. ◆ https://emmaspremiumservices.com/collections/electronics           
| ✓ | ⏱: 0.36s 
[COMPLETE] ● https://emmaspremiumservices.com/collections/electronics           
| ✓ | ⏱: 9.44s 
  [emmaspremiumservices] https://emmaspremiumservices.com/collections/electronics → 2 products

Compliance check: ['No changes on DOCCS mail/packages page', 'Disapproved vendor list — no changes detected']
New compliant products found: 0

Report saved to: /Users/markususche/Desktop/Vender Resale/research/2026-07-06-daily-report.md
Latest report: /Users/markususche/Desktop/Vender Resale/research/latest-report.md

Done.

============================================================
Vender Resale — Nightly Research — 2026-07-07 02:00
============================================================


[2026-07-07 02:00] Scraping 5 competitor sites...
[FETCH]... ↓ https://plugforinmates.com/collections/all                         
| ✓ | ⏱: 6.56s 
[SCRAPE].. ◆ https://plugforinmates.com/collections/all                         
| ✓ | ⏱: 0.03s 
[COMPLETE] ● https://plugforinmates.com/collections/all                         
| ✓ | ⏱: 6.61s 
  [plugforinmates] https://plugforinmates.com/collections/all → 0 products
[SCRAPE].. ◆ Some images failed to load within timeout 
[SCRAPE].. ◆ Some images failed to load within timeout 
[FETCH]... ↓ https://skyesthelimitcatalog.com/                                  
| ✓ | ⏱: 12.27s 
[SCRAPE].. ◆ https://skyesthelimitcatalog.com/                                  
| ✓ | ⏱: 0.31s 
[COMPLETE] ● https://skyesthelimitcatalog.com/                                  
| ✓ | ⏱: 12.64s 
  [skyesthelimit] https://skyesthelimitcatalog.com/ → 2 products
[SCRAPE].. ◆ Some images failed to load within timeout 
[SCRAPE].. ◆ Some images failed to load within timeout 
[FETCH]... ↓ https://plugforinmates.com/                                        
| ✓ | ⏱: 9.17s 
[SCRAPE].. ◆ https://plugforinmates.com/                                        
| ✓ | ⏱: 0.20s 
[COMPLETE] ● https://plugforinmates.com/                                        
| ✓ | ⏱: 9.39s 
  [plugforinmates] https://plugforinmates.com/ → 9 products
[FETCH]... ↓ https://cigessentials.com/                                         
| ✓ | ⏱: 16.19s 
[SCRAPE].. ◆ https://cigessentials.com/                                         
| ✓ | ⏱: 0.47s 
[COMPLETE] ● https://cigessentials.com/                                         
| ✓ | ⏱: 16.69s 
  [cigessentials] https://cigessentials.com/ → 16 products
[FETCH]... ↓ https://skyesthelimitcatalog.com/shop/                             
| ✓ | ⏱: 5.10s 
[SCRAPE].. ◆ https://skyesthelimitcatalog.com/shop/                             
| ✓ | ⏱: 0.00s 
[COMPLETE] ● https://skyesthelimitcatalog.com/shop/                             
| ✓ | ⏱: 5.12s 
  [skyesthelimit] https://skyesthelimitcatalog.com/shop/ → 0 products
[FETCH]... ↓ https://emmaspremiumservices.com/collections/all                   
| ✓ | ⏱: 21.35s 
[SCRAPE].. ◆ https://emmaspremiumservices.com/collections/all                   
| ✓ | ⏱: 0.69s 
[COMPLETE] ● https://emmaspremiumservices.com/collections/all                   
| ✓ | ⏱: 22.07s 
  [emmaspremiumservices] https://emmaspremiumservices.com/collections/all → 2 products
[FETCH]... ↓ https://cigessentials.com/collections/all                          
| ✓ | ⏱: 5.53s 
[SCRAPE].. ◆ https://cigessentials.com/collections/all                          
| ✓ | ⏱: 0.12s 
[COMPLETE] ● https://cigessentials.com/collections/all                          
| ✓ | ⏱: 5.68s 
  [cigessentials] https://cigessentials.com/collections/all → 1 products
[FETCH]... ↓ https://nysapprovedvendor.com/                                     
| ✓ | ⏱: 22.70s 
[SCRAPE].. ◆ https://nysapprovedvendor.com/                                     
| ✓ | ⏱: 0.64s 
[COMPLETE] ● https://nysapprovedvendor.com/                                     
| ✓ | ⏱: 23.39s 
  [nysapprovedvendor] https://nysapprovedvendor.com/ → 79 products
[SCRAPE].. ◆ Some images failed to load within timeout 
[FETCH]... ↓ https://emmaspremiumservices.com/collections/food-snacks           
| ✓ | ⏱: 6.18s 
[SCRAPE].. ◆ https://emmaspremiumservices.com/collections/food-snacks           
| ✓ | ⏱: 0.18s 
[COMPLETE] ● https://emmaspremiumservices.com/collections/food-snacks           
| ✓ | ⏱: 6.39s 
  [emmaspremiumservices] https://emmaspremiumservices.com/collections/food-snacks → 0 products
[SCRAPE].. ◆ Some images failed to load within timeout 
[SCRAPE].. ◆ Some images failed to load within timeout 
[FETCH]... ↓ https://emmaspremiumservices.com/collections/hygiene               
| ✓ | ⏱: 6.05s 
[SCRAPE].. ◆ https://emmaspremiumservices.com/collections/hygiene               
| ✓ | ⏱: 0.22s 
[COMPLETE] ● https://emmaspremiumservices.com/collections/hygiene               
| ✓ | ⏱: 6.30s 
  [emmaspremiumservices] https://emmaspremiumservices.com/collections/hygiene → 0 products
[FETCH]... ↓ https://nysapprovedvendor.com/shop/                                
| ✓ | ⏱: 11.46s 
[SCRAPE].. ◆ https://nysapprovedvendor.com/shop/                                
| ✓ | ⏱: 0.45s 
[COMPLETE] ● https://nysapprovedvendor.com/shop/                                
| ✓ | ⏱: 11.96s 
  [nysapprovedvendor] https://nysapprovedvendor.com/shop/ → 79 products
[FETCH]... ↓ https://emmaspremiumservices.com/collections/clothing              
| ✓ | ⏱: 8.87s 
[SCRAPE].. ◆ https://emmaspremiumservices.com/collections/clothing              
| ✓ | ⏱: 0.47s 
[COMPLETE] ● https://emmaspremiumservices.com/collections/clothing              
| ✓ | ⏱: 9.39s 
  [emmaspremiumservices] https://emmaspremiumservices.com/collections/clothing → 2 products
[FETCH]... ↓ https://emmaspremiumservices.com/collections/electronics           
| ✓ | ⏱: 8.71s 
[SCRAPE].. ◆ https://emmaspremiumservices.com/collections/electronics           
| ✓ | ⏱: 0.41s 
[COMPLETE] ● https://emmaspremiumservices.com/collections/electronics           
| ✓ | ⏱: 9.15s 
  [emmaspremiumservices] https://emmaspremiumservices.com/collections/electronics → 2 products

Compliance check: ['No changes on DOCCS mail/packages page', 'Disapproved vendor list — no changes detected']
New compliant products found: 1

Report saved to: /Users/markususche/Desktop/Vender Resale/research/2026-07-07-daily-report.md
Latest report: /Users/markususche/Desktop/Vender Resale/research/latest-report.md

Done.

============================================================
Vender Resale — Nightly Research — 2026-07-08 02:00
============================================================


[2026-07-08 02:00] Scraping 5 competitor sites...
[FETCH]... ↓ https://plugforinmates.com/collections/all                         
| ✓ | ⏱: 5.56s 
[SCRAPE].. ◆ https://plugforinmates.com/collections/all                         
| ✓ | ⏱: 0.04s 
[COMPLETE] ● https://plugforinmates.com/collections/all                         
| ✓ | ⏱: 5.64s 
  [plugforinmates] https://plugforinmates.com/collections/all → 0 products
[SCRAPE].. ◆ Some images failed to load within timeout 
[SCRAPE].. ◆ Some images failed to load within timeout 
[FETCH]... ↓ https://skyesthelimitcatalog.com/                                  
| ✓ | ⏱: 12.66s 
[SCRAPE].. ◆ https://skyesthelimitcatalog.com/                                  
| ✓ | ⏱: 0.18s 
[COMPLETE] ● https://skyesthelimitcatalog.com/                                  
| ✓ | ⏱: 12.88s 
  [skyesthelimit] https://skyesthelimitcatalog.com/ → 2 products
[FETCH]... ↓ https://cigessentials.com/                                         
| ✓ | ⏱: 14.44s 
[SCRAPE].. ◆ https://cigessentials.com/                                         
| ✓ | ⏱: 0.48s 
[COMPLETE] ● https://cigessentials.com/                                         
| ✓ | ⏱: 14.96s 
  [cigessentials] https://cigessentials.com/ → 16 products
[SCRAPE].. ◆ Some images failed to load within timeout 
[FETCH]... ↓ https://plugforinmates.com/                                        
| ✓ | ⏱: 9.77s 
[SCRAPE].. ◆ https://plugforinmates.com/                                        
| ✓ | ⏱: 0.09s 
[COMPLETE] ● https://plugforinmates.com/                                        
| ✓ | ⏱: 9.95s 
  [plugforinmates] https://plugforinmates.com/ → 9 products
[FETCH]... ↓ https://skyesthelimitcatalog.com/shop/                             
| ✓ | ⏱: 3.38s 
[SCRAPE].. ◆ https://skyesthelimitcatalog.com/shop/                             
| ✓ | ⏱: 0.00s 
[COMPLETE] ● https://skyesthelimitcatalog.com/shop/                             
| ✓ | ⏱: 3.41s 
  [skyesthelimit] https://skyesthelimitcatalog.com/shop/ → 0 products
[FETCH]... ↓ https://emmaspremiumservices.com/collections/all                   
| ✓ | ⏱: 19.64s 
[SCRAPE].. ◆ https://emmaspremiumservices.com/collections/all                   
| ✓ | ⏱: 0.82s 
[COMPLETE] ● https://emmaspremiumservices.com/collections/all                   
| ✓ | ⏱: 20.54s 
  [emmaspremiumservices] https://emmaspremiumservices.com/collections/all → 2 products
[FETCH]... ↓ https://cigessentials.com/collections/all                          
| ✓ | ⏱: 6.10s 
[SCRAPE].. ◆ https://cigessentials.com/collections/all                          
| ✓ | ⏱: 0.17s 
[COMPLETE] ● https://cigessentials.com/collections/all                          
| ✓ | ⏱: 6.31s 
  [cigessentials] https://cigessentials.com/collections/all → 1 products
[FETCH]... ↓ https://nysapprovedvendor.com/                                     
| ✓ | ⏱: 22.41s 
[SCRAPE].. ◆ https://nysapprovedvendor.com/                                     
| ✓ | ⏱: 0.75s 
[COMPLETE] ● https://nysapprovedvendor.com/                                     
| ✓ | ⏱: 23.20s 
  [nysapprovedvendor] https://nysapprovedvendor.com/ → 79 products
[SCRAPE].. ◆ Some images failed to load within timeout 
[FETCH]... ↓ https://emmaspremiumservices.com/collections/food-snacks           
| ✓ | ⏱: 6.98s 
[SCRAPE].. ◆ https://emmaspremiumservices.com/collections/food-snacks           
| ✓ | ⏱: 0.20s 
[COMPLETE] ● https://emmaspremiumservices.com/collections/food-snacks           
| ✓ | ⏱: 7.22s 
  [emmaspremiumservices] https://emmaspremiumservices.com/collections/food-snacks → 0 products
[SCRAPE].. ◆ Some images failed to load within timeout 
[SCRAPE].. ◆ Some images failed to load within timeout 
[FETCH]... ↓ https://emmaspremiumservices.com/collections/hygiene               
| ✓ | ⏱: 5.78s 
[SCRAPE].. ◆ https://emmaspremiumservices.com/collections/hygiene               
| ✓ | ⏱: 0.18s 
[COMPLETE] ● https://emmaspremiumservices.com/collections/hygiene               
| ✓ | ⏱: 5.99s 
  [emmaspremiumservices] https://emmaspremiumservices.com/collections/hygiene → 0 products
[FETCH]... ↓ https://nysapprovedvendor.com/shop/                                
| ✓ | ⏱: 11.58s 
[SCRAPE].. ◆ https://nysapprovedvendor.com/shop/                                
| ✓ | ⏱: 0.62s 
[COMPLETE] ● https://nysapprovedvendor.com/shop/                                
| ✓ | ⏱: 12.24s 
  [nysapprovedvendor] https://nysapprovedvendor.com/shop/ → 79 products
[FETCH]... ↓ https://emmaspremiumservices.com/collections/clothing              
| ✓ | ⏱: 8.83s 
[SCRAPE].. ◆ https://emmaspremiumservices.com/collections/clothing              
| ✓ | ⏱: 0.49s 
[COMPLETE] ● https://emmaspremiumservices.com/collections/clothing              
| ✓ | ⏱: 9.36s 
  [emmaspremiumservices] https://emmaspremiumservices.com/collections/clothing → 2 products
[SCRAPE].. ◆ Some images failed to load within timeout 
[FETCH]... ↓ https://emmaspremiumservices.com/collections/electronics           
| ✓ | ⏱: 9.31s 
[SCRAPE].. ◆ https://emmaspremiumservices.com/collections/electronics           
| ✓ | ⏱: 0.40s 
[COMPLETE] ● https://emmaspremiumservices.com/collections/electronics           
| ✓ | ⏱: 9.74s 
  [emmaspremiumservices] https://emmaspremiumservices.com/collections/electronics → 2 products

Compliance check: ['No changes on DOCCS mail/packages page', 'Disapproved vendor list — no changes detected']
New compliant products found: 0

Report saved to: /Users/markususche/Desktop/Vender Resale/research/2026-07-08-daily-report.md
Latest report: /Users/markususche/Desktop/Vender Resale/research/latest-report.md

Done.

============================================================
Vender Resale — Nightly Research — 2026-07-09 02:00
============================================================


[2026-07-09 02:00] Scraping 5 competitor sites...
[FETCH]... ↓ https://plugforinmates.com/collections/all                         
| ✓ | ⏱: 12.56s 
[SCRAPE].. ◆ https://plugforinmates.com/collections/all                         
| ✓ | ⏱: 0.04s 
[COMPLETE] ● https://plugforinmates.com/collections/all                         
| ✓ | ⏱: 13.26s 
  [plugforinmates] https://plugforinmates.com/collections/all → 0 products
[SCRAPE].. ◆ Some images failed to load within timeout 
[SCRAPE].. ◆ Some images failed to load within timeout 
[FETCH]... ↓ https://skyesthelimitcatalog.com/                                  
| ✓ | ⏱: 27.18s 
[SCRAPE].. ◆ https://skyesthelimitcatalog.com/                                  
| ✓ | ⏱: 1.60s 
[COMPLETE] ● https://skyesthelimitcatalog.com/                                  
| ✓ | ⏱: 28.93s 
  [skyesthelimit] https://skyesthelimitcatalog.com/ → 2 products
[FETCH]... ↓ https://plugforinmates.com/                                        
| ✓ | ⏱: 17.28s 
[SCRAPE].. ◆ https://plugforinmates.com/                                        
| ✓ | ⏱: 0.34s 
[COMPLETE] ● https://plugforinmates.com/                                        
| ✓ | ⏱: 17.81s 
  [plugforinmates] https://plugforinmates.com/ → 9 products
[FETCH]... ↓ https://cigessentials.com/                                         
| ✓ | ⏱: 35.83s 
[SCRAPE].. ◆ https://cigessentials.com/                                         
| ✓ | ⏱: 2.09s 
[COMPLETE] ● https://cigessentials.com/                                         
| ✓ | ⏱: 38.25s 
  [cigessentials] https://cigessentials.com/ → 16 products
[SCRAPE].. ◆ Some images failed to load within timeout 
[FETCH]... ↓ https://emmaspremiumservices.com/collections/all                   
| ✓ | ⏱: 45.31s 
[SCRAPE].. ◆ https://emmaspremiumservices.com/collections/all                   
| ✓ | ⏱: 2.12s 
[COMPLETE] ● https://emmaspremiumservices.com/collections/all                   
| ✓ | ⏱: 47.57s 
  [emmaspremiumservices] https://emmaspremiumservices.com/collections/all → 2 products
[FETCH]... ↓ https://cigessentials.com/collections/all                          
| ✓ | ⏱: 10.42s 
[SCRAPE].. ◆ https://cigessentials.com/collections/all                          
| ✓ | ⏱: 1.02s 
[COMPLETE] ● https://cigessentials.com/collections/all                          
| ✓ | ⏱: 11.64s 
  [cigessentials] https://cigessentials.com/collections/all → 1 products
[FETCH]... ↓ https://skyesthelimitcatalog.com/shop/                             
| ✓ | ⏱: 21.69s 
[SCRAPE].. ◆ https://skyesthelimitcatalog.com/shop/                             
| ✓ | ⏱: 0.03s 
[COMPLETE] ● https://skyesthelimitcatalog.com/shop/                             
| ✓ | ⏱: 21.81s 
  [skyesthelimit] https://skyesthelimitcatalog.com/shop/ → 0 products
[FETCH]... ↓ https://nysapprovedvendor.com/                                     
| ✓ | ⏱: 51.73s 
[SCRAPE].. ◆ https://nysapprovedvendor.com/                                     
| ✓ | ⏱: 1.61s 
[COMPLETE] ● https://nysapprovedvendor.com/                                     
| ✓ | ⏱: 53.46s 
  [nysapprovedvendor] https://nysapprovedvendor.com/ → 79 products
[FETCH]... ↓ https://emmaspremiumservices.com/collections/food-snacks           
| ✓ | ⏱: 12.17s 
[SCRAPE].. ◆ https://emmaspremiumservices.com/collections/food-snacks           
| ✓ | ⏱: 0.52s 
[COMPLETE] ● https://emmaspremiumservices.com/collections/food-snacks           
| ✓ | ⏱: 12.80s 
  [emmaspremiumservices] https://emmaspremiumservices.com/collections/food-snacks → 0 products
[SCRAPE].. ◆ Some images failed to load within timeout 
[SCRAPE].. ◆ Some images failed to load within timeout 
[FETCH]... ↓ https://emmaspremiumservices.com/collections/hygiene               
| ✓ | ⏱: 9.75s 
[SCRAPE].. ◆ https://emmaspremiumservices.com/collections/hygiene               
| ✓ | ⏱: 0.61s 
[COMPLETE] ● https://emmaspremiumservices.com/collections/hygiene               
| ✓ | ⏱: 10.43s 
  [emmaspremiumservices] https://emmaspremiumservices.com/collections/hygiene → 0 products
[FETCH]... ↓ https://nysapprovedvendor.com/shop/                                
| ✓ | ⏱: 20.52s 
[SCRAPE].. ◆ https://nysapprovedvendor.com/shop/                                
| ✓ | ⏱: 1.00s 
[COMPLETE] ● https://nysapprovedvendor.com/shop/                                
| ✓ | ⏱: 21.63s 
  [nysapprovedvendor] https://nysapprovedvendor.com/shop/ → 79 products
[FETCH]... ↓ https://emmaspremiumservices.com/collections/clothing              
| ✓ | ⏱: 14.31s 
[SCRAPE].. ◆ https://emmaspremiumservices.com/collections/clothing              
| ✓ | ⏱: 0.91s 
[COMPLETE] ● https://emmaspremiumservices.com/collections/clothing              
| ✓ | ⏱: 15.29s 
  [emmaspremiumservices] https://emmaspremiumservices.com/collections/clothing → 2 products
[SCRAPE].. ◆ Some images failed to load within timeout 
[FETCH]... ↓ https://emmaspremiumservices.com/collections/electronics           
| ✓ | ⏱: 12.35s 
[SCRAPE].. ◆ https://emmaspremiumservices.com/collections/electronics           
| ✓ | ⏱: 0.82s 
[COMPLETE] ● https://emmaspremiumservices.com/collections/electronics           
| ✓ | ⏱: 13.22s 
  [emmaspremiumservices] https://emmaspremiumservices.com/collections/electronics → 2 products

Compliance check: ['No changes on DOCCS mail/packages page', 'Disapproved vendor list — no changes detected']
New compliant products found: 0

Report saved to: /Users/markususche/Desktop/Vender Resale/research/2026-07-09-daily-report.md
Latest report: /Users/markususche/Desktop/Vender Resale/research/latest-report.md

Done.

============================================================
Vender Resale — Nightly Research — 2026-07-10 02:00
============================================================


[2026-07-10 02:00] Scraping 5 competitor sites...
[FETCH]... ↓ https://plugforinmates.com/collections/all                         
| ✓ | ⏱: 6.46s 
[SCRAPE].. ◆ https://plugforinmates.com/collections/all                         
| ✓ | ⏱: 0.03s 
[COMPLETE] ● https://plugforinmates.com/collections/all                         
| ✓ | ⏱: 6.53s 
  [plugforinmates] https://plugforinmates.com/collections/all → 0 products
[SCRAPE].. ◆ Some images failed to load within timeout 
[SCRAPE].. ◆ Some images failed to load within timeout 
[FETCH]... ↓ https://skyesthelimitcatalog.com/                                  
| ✓ | ⏱: 12.55s 
[SCRAPE].. ◆ https://skyesthelimitcatalog.com/                                  
| ✓ | ⏱: 0.53s 
[COMPLETE] ● https://skyesthelimitcatalog.com/                                  
| ✓ | ⏱: 13.13s 
  [skyesthelimit] https://skyesthelimitcatalog.com/ → 2 products
[FETCH]... ↓ https://plugforinmates.com/                                        
| ✓ | ⏱: 10.11s 
[SCRAPE].. ◆ https://plugforinmates.com/                                        
| ✓ | ⏱: 0.12s 
[COMPLETE] ● https://plugforinmates.com/                                        
| ✓ | ⏱: 10.28s 
  [plugforinmates] https://plugforinmates.com/ → 9 products
[FETCH]... ↓ https://cigessentials.com/                                         
| ✓ | ⏱: 17.61s 
[SCRAPE].. ◆ https://cigessentials.com/                                         
| ✓ | ⏱: 0.88s 
[COMPLETE] ● https://cigessentials.com/                                         
| ✓ | ⏱: 18.55s 
  [cigessentials] https://cigessentials.com/ → 16 products
[SCRAPE].. ◆ Some images failed to load within timeout 
[FETCH]... ↓ https://skyesthelimitcatalog.com/shop/                             
| ✓ | ⏱: 6.56s 
[SCRAPE].. ◆ https://skyesthelimitcatalog.com/shop/                             
| ✓ | ⏱: 0.01s 
[COMPLETE] ● https://skyesthelimitcatalog.com/shop/                             
| ✓ | ⏱: 6.59s 
  [skyesthelimit] https://skyesthelimitcatalog.com/shop/ → 0 products
[FETCH]... ↓ https://emmaspremiumservices.com/collections/all                   
| ✓ | ⏱: 23.59s 
[SCRAPE].. ◆ https://emmaspremiumservices.com/collections/all                   
| ✓ | ⏱: 0.62s 
[COMPLETE] ● https://emmaspremiumservices.com/collections/all                   
| ✓ | ⏱: 24.26s 
  [emmaspremiumservices] https://emmaspremiumservices.com/collections/all → 2 products
[FETCH]... ↓ https://cigessentials.com/collections/all                          
| ✓ | ⏱: 6.77s 
[SCRAPE].. ◆ https://cigessentials.com/collections/all                          
| ✓ | ⏱: 0.17s 
[COMPLETE] ● https://cigessentials.com/collections/all                          
| ✓ | ⏱: 6.98s 
  [cigessentials] https://cigessentials.com/collections/all → 1 products
[FETCH]... ↓ https://nysapprovedvendor.com/                                     
| ✓ | ⏱: 26.90s 
[SCRAPE].. ◆ https://nysapprovedvendor.com/                                     
| ✓ | ⏱: 0.72s 
[COMPLETE] ● https://nysapprovedvendor.com/                                     
| ✓ | ⏱: 27.68s 
  [nysapprovedvendor] https://nysapprovedvendor.com/ → 79 products
[SCRAPE].. ◆ Some images failed to load within timeout 
[FETCH]... ↓ https://emmaspremiumservices.com/collections/food-snacks           
| ✓ | ⏱: 7.75s 
[SCRAPE].. ◆ https://emmaspremiumservices.com/collections/food-snacks           
| ✓ | ⏱: 0.19s 
[COMPLETE] ● https://emmaspremiumservices.com/collections/food-snacks           
| ✓ | ⏱: 7.97s 
  [emmaspremiumservices] https://emmaspremiumservices.com/collections/food-snacks → 0 products
[SCRAPE].. ◆ Some images failed to load within timeout 
[SCRAPE].. ◆ Some images failed to load within timeout 
[FETCH]... ↓ https://emmaspremiumservices.com/collections/hygiene               
| ✓ | ⏱: 5.94s 
[SCRAPE].. ◆ https://emmaspremiumservices.com/collections/hygiene               
| ✓ | ⏱: 0.22s 
[COMPLETE] ● https://emmaspremiumservices.com/collections/hygiene               
| ✓ | ⏱: 6.18s 
  [emmaspremiumservices] https://emmaspremiumservices.com/collections/hygiene → 0 products
[FETCH]... ↓ https://nysapprovedvendor.com/shop/                                
| ✓ | ⏱: 11.90s 
[SCRAPE].. ◆ https://nysapprovedvendor.com/shop/                                
| ✓ | ⏱: 0.55s 
[COMPLETE] ● https://nysapprovedvendor.com/shop/                                
| ✓ | ⏱: 12.49s 
  [nysapprovedvendor] https://nysapprovedvendor.com/shop/ → 79 products
[FETCH]... ↓ https://emmaspremiumservices.com/collections/clothing              
| ✓ | ⏱: 9.14s 
[SCRAPE].. ◆ https://emmaspremiumservices.com/collections/clothing              
| ✓ | ⏱: 0.43s 
[COMPLETE] ● https://emmaspremiumservices.com/collections/clothing              
| ✓ | ⏱: 9.61s 
  [emmaspremiumservices] https://emmaspremiumservices.com/collections/clothing → 2 products
[FETCH]... ↓ https://emmaspremiumservices.com/collections/electronics           
| ✓ | ⏱: 8.65s 
[SCRAPE].. ◆ https://emmaspremiumservices.com/collections/electronics           
| ✓ | ⏱: 0.40s 
[COMPLETE] ● https://emmaspremiumservices.com/collections/electronics           
| ✓ | ⏱: 9.08s 
  [emmaspremiumservices] https://emmaspremiumservices.com/collections/electronics → 2 products

Compliance check: ['No changes on DOCCS mail/packages page', 'Disapproved vendor list — no changes detected']
New compliant products found: 0

Report saved to: /Users/markususche/Desktop/Vender Resale/research/2026-07-10-daily-report.md
Latest report: /Users/markususche/Desktop/Vender Resale/research/latest-report.md

Done.

============================================================
Vender Resale — Nightly Research — 2026-07-11 02:00
============================================================


[2026-07-11 02:00] Scraping 5 competitor sites...
[FETCH]... ↓ https://plugforinmates.com/collections/all                         
| ✓ | ⏱: 6.67s 
[SCRAPE].. ◆ https://plugforinmates.com/collections/all                         
| ✓ | ⏱: 0.03s 
[COMPLETE] ● https://plugforinmates.com/collections/all                         
| ✓ | ⏱: 6.74s 
  [plugforinmates] https://plugforinmates.com/collections/all → 0 products
[SCRAPE].. ◆ Some images failed to load within timeout 
[SCRAPE].. ◆ Some images failed to load within timeout 
[FETCH]... ↓ https://skyesthelimitcatalog.com/                                  
| ✓ | ⏱: 13.12s 
[SCRAPE].. ◆ https://skyesthelimitcatalog.com/                                  
| ✓ | ⏱: 0.41s 
[COMPLETE] ● https://skyesthelimitcatalog.com/                                  
| ✓ | ⏱: 13.68s 
  [skyesthelimit] https://skyesthelimitcatalog.com/ → 2 products
[FETCH]... ↓ https://cigessentials.com/                                         
| ✓ | ⏱: 16.36s 
[SCRAPE].. ◆ https://cigessentials.com/                                         
| ✓ | ⏱: 1.41s 
[COMPLETE] ● https://cigessentials.com/                                         
| ✓ | ⏱: 17.97s 
  [cigessentials] https://cigessentials.com/ → 16 products
[FETCH]... ↓ https://plugforinmates.com/                                        
| ✓ | ⏱: 11.89s 
[SCRAPE].. ◆ https://plugforinmates.com/                                        
| ✓ | ⏱: 0.29s 
[COMPLETE] ● https://plugforinmates.com/                                        
| ✓ | ⏱: 12.28s 
  [plugforinmates] https://plugforinmates.com/ → 9 products
[SCRAPE].. ◆ Some images failed to load within timeout 
[SCRAPE].. ◆ Some images failed to load within timeout 
[FETCH]... ↓ https://cigessentials.com/collections/all                          
| ✓ | ⏱: 7.77s 
[SCRAPE].. ◆ https://cigessentials.com/collections/all                          
| ✓ | ⏱: 0.21s 
[COMPLETE] ● https://cigessentials.com/collections/all                          
| ✓ | ⏱: 8.06s 
  [cigessentials] https://cigessentials.com/collections/all → 1 products
[FETCH]... ↓ https://nysapprovedvendor.com/                                     
| ✓ | ⏱: 26.26s 
[SCRAPE].. ◆ https://nysapprovedvendor.com/                                     
| ✓ | ⏱: 0.64s 
[COMPLETE] ● https://nysapprovedvendor.com/                                     
| ✓ | ⏱: 26.95s 
  [nysapprovedvendor] https://nysapprovedvendor.com/ → 79 products
[FETCH]... ↓ https://emmaspremiumservices.com/collections/all                   
| ✓ | ⏱: 28.04s 
[SCRAPE].. ◆ https://emmaspremiumservices.com/collections/all                   
| ✓ | ⏱: 0.85s 
[COMPLETE] ● https://emmaspremiumservices.com/collections/all                   
| ✓ | ⏱: 28.99s 
  [emmaspremiumservices] https://emmaspremiumservices.com/collections/all → 2 products
[FETCH]... ↓ https://skyesthelimitcatalog.com/shop/                             
| ✓ | ⏱: 19.22s 
[SCRAPE].. ◆ https://skyesthelimitcatalog.com/shop/                             
| ✓ | ⏱: 0.01s 
[COMPLETE] ● https://skyesthelimitcatalog.com/shop/                             
| ✓ | ⏱: 19.24s 
  [skyesthelimit] https://skyesthelimitcatalog.com/shop/ → 0 products
[SCRAPE].. ◆ Some images failed to load within timeout 
[FETCH]... ↓ https://emmaspremiumservices.com/collections/food-snacks           
| ✓ | ⏱: 8.78s 
[SCRAPE].. ◆ https://emmaspremiumservices.com/collections/food-snacks           
| ✓ | ⏱: 0.26s 
[COMPLETE] ● https://emmaspremiumservices.com/collections/food-snacks           
| ✓ | ⏱: 9.08s 
  [emmaspremiumservices] https://emmaspremiumservices.com/collections/food-snacks → 0 products
[FETCH]... ↓ https://nysapprovedvendor.com/shop/                                
| ✓ | ⏱: 16.93s 
[SCRAPE].. ◆ https://nysapprovedvendor.com/shop/                                
| ✓ | ⏱: 0.84s 
[COMPLETE] ● https://nysapprovedvendor.com/shop/                                
| ✓ | ⏱: 17.86s 
  [nysapprovedvendor] https://nysapprovedvendor.com/shop/ → 79 products
[FETCH]... ↓ https://emmaspremiumservices.com/collections/hygiene               
| ✓ | ⏱: 9.34s 
[SCRAPE].. ◆ https://emmaspremiumservices.com/collections/hygiene               
| ✓ | ⏱: 0.34s 
[COMPLETE] ● https://emmaspremiumservices.com/collections/hygiene               
| ✓ | ⏱: 9.75s 
  [emmaspremiumservices] https://emmaspremiumservices.com/collections/hygiene → 0 products
[FETCH]... ↓ https://emmaspremiumservices.com/collections/clothing              
| ✓ | ⏱: 10.90s 
[SCRAPE].. ◆ https://emmaspremiumservices.com/collections/clothing              
| ✓ | ⏱: 0.47s 
[COMPLETE] ● https://emmaspremiumservices.com/collections/clothing              
| ✓ | ⏱: 11.41s 
  [emmaspremiumservices] https://emmaspremiumservices.com/collections/clothing → 2 products
[SCRAPE].. ◆ Some images failed to load within timeout 
[FETCH]... ↓ https://emmaspremiumservices.com/collections/electronics           
| ✓ | ⏱: 9.52s 
[SCRAPE].. ◆ https://emmaspremiumservices.com/collections/electronics           
| ✓ | ⏱: 0.43s 
[COMPLETE] ● https://emmaspremiumservices.com/collections/electronics           
| ✓ | ⏱: 9.99s 
  [emmaspremiumservices] https://emmaspremiumservices.com/collections/electronics → 2 products

Compliance check: ['No changes on DOCCS mail/packages page', 'Disapproved vendor list — no changes detected']
New compliant products found: 0

Report saved to: /Users/markususche/Desktop/Vender Resale/research/2026-07-11-daily-report.md
Latest report: /Users/markususche/Desktop/Vender Resale/research/latest-report.md

Done.

============================================================
Vender Resale — Nightly Research — 2026-07-12 02:00
============================================================


[2026-07-12 02:00] Scraping 5 competitor sites...
[FETCH]... ↓ https://plugforinmates.com/collections/all                         
| ✓ | ⏱: 6.86s 
[SCRAPE].. ◆ https://plugforinmates.com/collections/all                         
| ✓ | ⏱: 0.03s 
[COMPLETE] ● https://plugforinmates.com/collections/all                         
| ✓ | ⏱: 7.01s 
  [plugforinmates] https://plugforinmates.com/collections/all → 0 products
[SCRAPE].. ◆ Some images failed to load within timeout 
[SCRAPE].. ◆ Some images failed to load within timeout 
[FETCH]... ↓ https://skyesthelimitcatalog.com/                                  
| ✓ | ⏱: 13.45s 
[SCRAPE].. ◆ https://skyesthelimitcatalog.com/                                  
| ✓ | ⏱: 0.66s 
[COMPLETE] ● https://skyesthelimitcatalog.com/                                  
| ✓ | ⏱: 14.17s 
  [skyesthelimit] https://skyesthelimitcatalog.com/ → 2 products
[FETCH]... ↓ https://plugforinmates.com/                                        
| ✓ | ⏱: 10.73s 
[SCRAPE].. ◆ https://plugforinmates.com/                                        
| ✓ | ⏱: 0.21s 
[COMPLETE] ● https://plugforinmates.com/                                        
| ✓ | ⏱: 10.99s 
  [plugforinmates] https://plugforinmates.com/ → 9 products
[FETCH]... ↓ https://cigessentials.com/                                         
| ✓ | ⏱: 20.30s 
[SCRAPE].. ◆ https://cigessentials.com/                                         
| ✓ | ⏱: 0.80s 
[COMPLETE] ● https://cigessentials.com/                                         
| ✓ | ⏱: 21.15s 
  [cigessentials] https://cigessentials.com/ → 16 products
[SCRAPE].. ◆ Some images failed to load within timeout 
[FETCH]... ↓ https://skyesthelimitcatalog.com/shop/                             
| ✓ | ⏱: 8.13s 
[SCRAPE].. ◆ https://skyesthelimitcatalog.com/shop/                             
| ✓ | ⏱: 0.01s 
[COMPLETE] ● https://skyesthelimitcatalog.com/shop/                             
| ✓ | ⏱: 8.17s 
  [skyesthelimit] https://skyesthelimitcatalog.com/shop/ → 0 products
[FETCH]... ↓ https://emmaspremiumservices.com/collections/all                   
| ✓ | ⏱: 26.43s 
[SCRAPE].. ◆ https://emmaspremiumservices.com/collections/all                   
| ✓ | ⏱: 0.83s 
[COMPLETE] ● https://emmaspremiumservices.com/collections/all                   
| ✓ | ⏱: 27.32s 
  [emmaspremiumservices] https://emmaspremiumservices.com/collections/all → 2 products
[FETCH]... ↓ https://cigessentials.com/collections/all                          
| ✓ | ⏱: 7.47s 
[SCRAPE].. ◆ https://cigessentials.com/collections/all                          
| ✓ | ⏱: 0.42s 
[COMPLETE] ● https://cigessentials.com/collections/all                          
| ✓ | ⏱: 7.93s 
  [cigessentials] https://cigessentials.com/collections/all → 1 products
[FETCH]... ↓ https://nysapprovedvendor.com/                                     
| ✓ | ⏱: 29.77s 
[SCRAPE].. ◆ https://nysapprovedvendor.com/                                     
| ✓ | ⏱: 0.65s 
[COMPLETE] ● https://nysapprovedvendor.com/                                     
| ✓ | ⏱: 30.47s 
  [nysapprovedvendor] https://nysapprovedvendor.com/ → 79 products
[SCRAPE].. ◆ Some images failed to load within timeout 
[FETCH]... ↓ https://emmaspremiumservices.com/collections/food-snacks           
| ✓ | ⏱: 7.95s 
[SCRAPE].. ◆ https://emmaspremiumservices.com/collections/food-snacks           
| ✓ | ⏱: 0.33s 
[COMPLETE] ● https://emmaspremiumservices.com/collections/food-snacks           
| ✓ | ⏱: 8.31s 
  [emmaspremiumservices] https://emmaspremiumservices.com/collections/food-snacks → 0 products
[SCRAPE].. ◆ Some images failed to load within timeout 
[SCRAPE].. ◆ Some images failed to load within timeout 
[FETCH]... ↓ https://nysapprovedvendor.com/shop/                                
| ✓ | ⏱: 12.63s 
[SCRAPE].. ◆ https://nysapprovedvendor.com/shop/                                
| ✓ | ⏱: 0.56s 
[COMPLETE] ● https://nysapprovedvendor.com/shop/                                
| ✓ | ⏱: 13.24s 
  [nysapprovedvendor] https://nysapprovedvendor.com/shop/ → 79 products
[FETCH]... ↓ https://emmaspremiumservices.com/collections/hygiene               
| ✓ | ⏱: 7.63s 
[SCRAPE].. ◆ https://emmaspremiumservices.com/collections/hygiene               
| ✓ | ⏱: 0.23s 
[COMPLETE] ● https://emmaspremiumservices.com/collections/hygiene               
| ✓ | ⏱: 7.90s 
  [emmaspremiumservices] https://emmaspremiumservices.com/collections/hygiene → 0 products
[SCRAPE].. ◆ Some images failed to load within timeout 
[FETCH]... ↓ https://emmaspremiumservices.com/collections/clothing              
| ✓ | ⏱: 9.95s 
[SCRAPE].. ◆ https://emmaspremiumservices.com/collections/clothing              
| ✓ | ⏱: 0.48s 
[COMPLETE] ● https://emmaspremiumservices.com/collections/clothing              
| ✓ | ⏱: 10.47s 
  [emmaspremiumservices] https://emmaspremiumservices.com/collections/clothing → 2 products
[SCRAPE].. ◆ Some images failed to load within timeout 
[FETCH]... ↓ https://emmaspremiumservices.com/collections/electronics           
| ✓ | ⏱: 9.50s 
[SCRAPE].. ◆ https://emmaspremiumservices.com/collections/electronics           
| ✓ | ⏱: 0.43s 
[COMPLETE] ● https://emmaspremiumservices.com/collections/electronics           
| ✓ | ⏱: 9.97s 
  [emmaspremiumservices] https://emmaspremiumservices.com/collections/electronics → 2 products

Compliance check: ['No changes on DOCCS mail/packages page', 'Disapproved vendor list — no changes detected']
New compliant products found: 0

Report saved to: /Users/markususche/Desktop/Vender Resale/research/2026-07-12-daily-report.md
Latest report: /Users/markususche/Desktop/Vender Resale/research/latest-report.md

Done.

============================================================
Vender Resale — Nightly Research — 2026-07-13 02:00
============================================================


[2026-07-13 02:00] Scraping 5 competitor sites...
[SCRAPE].. ◆ Some images failed to load within timeout 
[FETCH]... ↓ https://plugforinmates.com/collections/all                         
| ✓ | ⏱: 5.29s 
[SCRAPE].. ◆ https://plugforinmates.com/collections/all                         
| ✓ | ⏱: 0.01s 
[COMPLETE] ● https://plugforinmates.com/collections/all                         
| ✓ | ⏱: 5.31s 
  [plugforinmates] https://plugforinmates.com/collections/all → 0 products
[SCRAPE].. ◆ Some images failed to load within timeout 
[FETCH]... ↓ https://skyesthelimitcatalog.com/                                  
| ✓ | ⏱: 10.67s 
[SCRAPE].. ◆ https://skyesthelimitcatalog.com/                                  
| ✓ | ⏱: 0.15s 
[COMPLETE] ● https://skyesthelimitcatalog.com/                                  
| ✓ | ⏱: 10.88s 
  [skyesthelimit] https://skyesthelimitcatalog.com/ → 2 products
[SCRAPE].. ◆ Some images failed to load within timeout 
[FETCH]... ↓ https://skyesthelimitcatalog.com/shop/                             
| ✓ | ⏱: 2.19s 
[SCRAPE].. ◆ https://skyesthelimitcatalog.com/shop/                             
| ✓ | ⏱: 0.00s 
[COMPLETE] ● https://skyesthelimitcatalog.com/shop/                             
| ✓ | ⏱: 2.21s 
  [skyesthelimit] https://skyesthelimitcatalog.com/shop/ → 0 products
[FETCH]... ↓ https://cigessentials.com/                                         
| ✓ | ⏱: 13.49s 
[SCRAPE].. ◆ https://cigessentials.com/                                         
| ✓ | ⏱: 0.37s 
[COMPLETE] ● https://cigessentials.com/                                         
| ✓ | ⏱: 13.89s 
  [cigessentials] https://cigessentials.com/ → 16 products
[FETCH]... ↓ https://plugforinmates.com/                                        
| ✓ | ⏱: 8.96s 
[SCRAPE].. ◆ https://plugforinmates.com/                                        
| ✓ | ⏱: 0.06s 
[COMPLETE] ● https://plugforinmates.com/                                        
| ✓ | ⏱: 9.04s 
  [plugforinmates] https://plugforinmates.com/ → 9 products
[FETCH]... ↓ https://emmaspremiumservices.com/collections/all                   
| ✓ | ⏱: 17.06s 
[SCRAPE].. ◆ https://emmaspremiumservices.com/collections/all                   
| ✓ | ⏱: 0.40s 
[COMPLETE] ● https://emmaspremiumservices.com/collections/all                   
| ✓ | ⏱: 17.50s 
  [emmaspremiumservices] https://emmaspremiumservices.com/collections/all → 2 products
[FETCH]... ↓ https://cigessentials.com/collections/all                          
| ✓ | ⏱: 5.07s 
[SCRAPE].. ◆ https://cigessentials.com/collections/all                          
| ✓ | ⏱: 0.17s 
[COMPLETE] ● https://cigessentials.com/collections/all                          
| ✓ | ⏱: 5.28s 
  [cigessentials] https://cigessentials.com/collections/all → 1 products
[FETCH]... ↓ https://nysapprovedvendor.com/                                     
| ✓ | ⏱: 19.12s 
[SCRAPE].. ◆ https://nysapprovedvendor.com/                                     
| ✓ | ⏱: 0.43s 
[COMPLETE] ● https://nysapprovedvendor.com/                                     
| ✓ | ⏱: 19.58s 
  [nysapprovedvendor] https://nysapprovedvendor.com/ → 79 products
[SCRAPE].. ◆ Some images failed to load within timeout 
[SCRAPE].. ◆ Some images failed to load within timeout 
[FETCH]... ↓ https://emmaspremiumservices.com/collections/food-snacks           
| ✓ | ⏱: 5.82s 
[SCRAPE].. ◆ https://emmaspremiumservices.com/collections/food-snacks           
| ✓ | ⏱: 0.16s 
[COMPLETE] ● https://emmaspremiumservices.com/collections/food-snacks           
| ✓ | ⏱: 6.01s 
  [emmaspremiumservices] https://emmaspremiumservices.com/collections/food-snacks → 0 products
[SCRAPE].. ◆ Some images failed to load within timeout 
[FETCH]... ↓ https://nysapprovedvendor.com/shop/                                
| ✓ | ⏱: 9.46s 
[SCRAPE].. ◆ https://nysapprovedvendor.com/shop/                                
| ✓ | ⏱: 0.40s 
[COMPLETE] ● https://nysapprovedvendor.com/shop/                                
| ✓ | ⏱: 9.90s 
  [nysapprovedvendor] https://nysapprovedvendor.com/shop/ → 79 products
[FETCH]... ↓ https://emmaspremiumservices.com/collections/hygiene               
| ✓ | ⏱: 6.18s 
[SCRAPE].. ◆ https://emmaspremiumservices.com/collections/hygiene               
| ✓ | ⏱: 0.15s 
[COMPLETE] ● https://emmaspremiumservices.com/collections/hygiene               
| ✓ | ⏱: 6.36s 
  [emmaspremiumservices] https://emmaspremiumservices.com/collections/hygiene → 0 products
[SCRAPE].. ◆ Some images failed to load within timeout 
[FETCH]... ↓ https://emmaspremiumservices.com/collections/clothing              
| ✓ | ⏱: 9.06s 
[SCRAPE].. ◆ https://emmaspremiumservices.com/collections/clothing              
| ✓ | ⏱: 0.39s 
[COMPLETE] ● https://emmaspremiumservices.com/collections/clothing              
| ✓ | ⏱: 9.48s 
  [emmaspremiumservices] https://emmaspremiumservices.com/collections/clothing → 2 products
[SCRAPE].. ◆ Some images failed to load within timeout 
[FETCH]... ↓ https://emmaspremiumservices.com/collections/electronics           
| ✓ | ⏱: 9.88s 
[SCRAPE].. ◆ https://emmaspremiumservices.com/collections/electronics           
| ✓ | ⏱: 0.36s 
[COMPLETE] ● https://emmaspremiumservices.com/collections/electronics           
| ✓ | ⏱: 10.27s 
  [emmaspremiumservices] https://emmaspremiumservices.com/collections/electronics → 2 products

Compliance check: ['No changes on DOCCS mail/packages page', 'Disapproved vendor list — no changes detected']
New compliant products found: 0

Report saved to: /Users/markususche/Desktop/Vender Resale/research/2026-07-13-daily-report.md
Latest report: /Users/markususche/Desktop/Vender Resale/research/latest-report.md

Done.

============================================================
Vender Resale — Nightly Research — 2026-07-14 02:00
============================================================


[2026-07-14 02:00] Scraping 5 competitor sites...
[SCRAPE].. ◆ Some images failed to load within timeout 
[FETCH]... ↓ https://plugforinmates.com/collections/all                         
| ✓ | ⏱: 12.32s 
[SCRAPE].. ◆ https://plugforinmates.com/collections/all                         
| ✓ | ⏱: 0.02s 
[COMPLETE] ● https://plugforinmates.com/collections/all                         
| ✓ | ⏱: 12.36s 
  [plugforinmates] https://plugforinmates.com/collections/all → 0 products
[FETCH]... ↓ https://skyesthelimitcatalog.com/                                  
| ✓ | ⏱: 16.33s 
[SCRAPE].. ◆ https://skyesthelimitcatalog.com/                                  
| ✓ | ⏱: 0.08s 
[COMPLETE] ● https://skyesthelimitcatalog.com/                                  
| ✓ | ⏱: 16.43s 
  [skyesthelimit] https://skyesthelimitcatalog.com/ → 2 products
[SCRAPE].. ◆ Some images failed to load within timeout 
[FETCH]... ↓ https://skyesthelimitcatalog.com/shop/                             
| ✓ | ⏱: 3.00s 
[SCRAPE].. ◆ https://skyesthelimitcatalog.com/shop/                             
| ✓ | ⏱: 0.00s 
[COMPLETE] ● https://skyesthelimitcatalog.com/shop/                             
| ✓ | ⏱: 3.02s 
  [skyesthelimit] https://skyesthelimitcatalog.com/shop/ → 0 products
[SCRAPE].. ◆ Some images failed to load within timeout 
[FETCH]... ↓ https://cigessentials.com/                                         
| ✓ | ⏱: 23.41s 
[SCRAPE].. ◆ https://cigessentials.com/                                         
| ✓ | ⏱: 0.35s 
[COMPLETE] ● https://cigessentials.com/                                         
| ✓ | ⏱: 23.80s 
  [cigessentials] https://cigessentials.com/ → 16 products
[FETCH]... ↓ https://emmaspremiumservices.com/collections/all                   
| ✓ | ⏱: 27.04s 
[SCRAPE].. ◆ https://emmaspremiumservices.com/collections/all                   
| ✓ | ⏱: 0.44s 
[COMPLETE] ● https://emmaspremiumservices.com/collections/all                   
| ✓ | ⏱: 27.52s 
  [emmaspremiumservices] https://emmaspremiumservices.com/collections/all → 2 products
[SCRAPE].. ◆ Some images failed to load within timeout 
[ANTIBOT]. ℹ https://nysapprovedvendor.com/                     | Error: Proxy 
direct failed: Failed on navigating ACS-GOTO:
Page.goto: Timeout 30000ms exceeded.
Call log:
  - navigating to "https://nysapprovedvendor.com/", waiting until 
"domcontentloaded"
 
[ERROR]... × https://nysapprovedvendor.com/                     | Error: 
Unexpected error in _crawl_web at line 778 in _crawl_web 
(Library/Python/3.14/lib/python/site-packages/crawl4ai/async_crawler_strategy.py
):
Error: Failed on navigating ACS-GOTO:
Page.goto: Timeout 30000ms exceeded.
Call log:
  - navigating to "https://nysapprovedvendor.com/", waiting until 
"domcontentloaded"


Code context:
 773                                   tag="GOTO",
 774                                   params={"url": url},
 775                               )
 776                               response = None
 777                           else:
 778 →                             raise RuntimeError(f"Failed on navigating 
ACS-GOTO:\n{str(e)}")
 779   
 780                       # 
──────────────────────────────────────────────────────────────
 781                       # Walk the redirect chain.  Playwright returns only 
the last
 782                       # hop, so we trace the `request.redirected_from` 
links until the
 783                       # first response that differs from the final one and 
surface its 
  [nysapprovedvendor] FAIL https://nysapprovedvendor.com/: Unexpected error in _crawl_web at line 778 in _crawl_web (Library/Python/3.14/lib/python/site-packages/crawl4ai/async_crawler_strategy.py):
Error: Failed on navigating ACS-GOTO:
Page.goto: Timeout 30000ms exceeded.
Call log:
  - navigating to "https://nysapprovedvendor.com/", waiting until "domcontentloaded"


Code context:
 773                                   tag="GOTO",
 774                                   params={"url": url},
 775                               )
 776                               response = None
 777                           else:
 778 →                             raise RuntimeError(f"Failed on navigating ACS-GOTO:\n{str(e)}")
 779   
 780                       # ──────────────────────────────────────────────────────────────
 781                       # Walk the redirect chain.  Playwright returns only the last
 782                       # hop, so we trace the `request.redirected_from` links until the
 783                       # first response that differs from the final one and surface its
[FETCH]... ↓ https://cigessentials.com/collections/all                          
| ✓ | ⏱: 9.86s 
[SCRAPE].. ◆ https://cigessentials.com/collections/all                          
| ✓ | ⏱: 0.10s 
[COMPLETE] ● https://cigessentials.com/collections/all                          
| ✓ | ⏱: 9.99s 
  [cigessentials] https://cigessentials.com/collections/all → 1 products
[ANTIBOT]. ℹ https://plugforinmates.com/                        | Error: Proxy 
direct failed: Failed on navigating ACS-GOTO:
Page.goto: Timeout 30000ms exceeded.
Call log:
  - navigating to "https://plugforinmates.com/", waiting until 
"domcontentloaded"
 
[ERROR]... × https://plugforinmates.com/                        | Error: 
Unexpected error in _crawl_web at line 778 in _crawl_web 
(Library/Python/3.14/lib/python/site-packages/crawl4ai/async_crawler_strategy.py
):
Error: Failed on navigating ACS-GOTO:
Page.goto: Timeout 30000ms exceeded.
Call log:
  - navigating to "https://plugforinmates.com/", waiting until 
"domcontentloaded"


Code context:
 773                                   tag="GOTO",
 774                                   params={"url": url},
 775                               )
 776                               response = None
 777                           else:
 778 →                             raise RuntimeError(f"Failed on navigating 
ACS-GOTO:\n{str(e)}")
 779   
 780                       # 
──────────────────────────────────────────────────────────────
 781                       # Walk the redirect chain.  Playwright returns only 
the last
 782                       # hop, so we trace the `request.redirected_from` 
links until the
 783                       # first response that differs from the final one and 
surface its 
  [plugforinmates] FAIL https://plugforinmates.com/: Unexpected error in _crawl_web at line 778 in _crawl_web (Library/Python/3.14/lib/python/site-packages/crawl4ai/async_crawler_strategy.py):
Error: Failed on navigating ACS-GOTO:
Page.goto: Timeout 30000ms exceeded.
Call log:
  - navigating to "https://plugforinmates.com/", waiting until "domcontentloaded"


Code context:
 773                                   tag="GOTO",
 774                                   params={"url": url},
 775                               )
 776                               response = None
 777                           else:
 778 →                             raise RuntimeError(f"Failed on navigating ACS-GOTO:\n{str(e)}")
 779   
 780                       # ──────────────────────────────────────────────────────────────
 781                       # Walk the redirect chain.  Playwright returns only the last
 782                       # hop, so we trace the `request.redirected_from` links until the
 783                       # first response that differs from the final one and surface its
[SCRAPE].. ◆ Some images failed to load within timeout 
[FETCH]... ↓ https://emmaspremiumservices.com/collections/food-snacks           
| ✓ | ⏱: 23.38s 
[SCRAPE].. ◆ https://emmaspremiumservices.com/collections/food-snacks           
| ✓ | ⏱: 0.19s 
[COMPLETE] ● https://emmaspremiumservices.com/collections/food-snacks           
| ✓ | ⏱: 23.60s 
  [emmaspremiumservices] https://emmaspremiumservices.com/collections/food-snacks → 0 products
[SCRAPE].. ◆ Some images failed to load within timeout 
[ANTIBOT]. ℹ https://nysapprovedvendor.com/shop/                | Error: Proxy 
direct failed: Failed on navigating ACS-GOTO:
Page.goto: Timeout 30000ms exceeded.
Call log:
  - navigating to "https://nysapprovedvendor.com/shop/", waiting until 
"domcontentloaded"
 
[ERROR]... × https://nysapprovedvendor.com/shop/                | Error: 
Unexpected error in _crawl_web at line 778 in _crawl_web 
(Library/Python/3.14/lib/python/site-packages/crawl4ai/async_crawler_strategy.py
):
Error: Failed on navigating ACS-GOTO:
Page.goto: Timeout 30000ms exceeded.
Call log:
  - navigating to "https://nysapprovedvendor.com/shop/", waiting until 
"domcontentloaded"


Code context:
 773                                   tag="GOTO",
 774                                   params={"url": url},
 775                               )
 776                               response = None
 777                           else:
 778 →                             raise RuntimeError(f"Failed on navigating 
ACS-GOTO:\n{str(e)}")
 779   
 780                       # 
──────────────────────────────────────────────────────────────
 781                       # Walk the redirect chain.  Playwright returns only 
the last
 782                       # hop, so we trace the `request.redirected_from` 
links until the
 783                       # first response that differs from the final one and 
surface its 
  [nysapprovedvendor] FAIL https://nysapprovedvendor.com/shop/: Unexpected error in _crawl_web at line 778 in _crawl_web (Library/Python/3.14/lib/python/site-packages/crawl4ai/async_crawler_strategy.py):
Error: Failed on navigating ACS-GOTO:
Page.goto: Timeout 30000ms exceeded.
Call log:
  - navigating to "https://nysapprovedvendor.com/shop/", waiting until "domcontentloaded"


Code context:
 773                                   tag="GOTO",
 774                                   params={"url": url},
 775                               )
 776                               response = None
 777                           else:
 778 →                             raise RuntimeError(f"Failed on navigating ACS-GOTO:\n{str(e)}")
 779   
 780                       # ──────────────────────────────────────────────────────────────
 781                       # Walk the redirect chain.  Playwright returns only the last
 782                       # hop, so we trace the `request.redirected_from` links until the
 783                       # first response that differs from the final one and surface its
[FETCH]... ↓ https://emmaspremiumservices.com/collections/hygiene               
| ✓ | ⏱: 12.59s 
[SCRAPE].. ◆ https://emmaspremiumservices.com/collections/hygiene               
| ✓ | ⏱: 0.17s 
[COMPLETE] ● https://emmaspremiumservices.com/collections/hygiene               
| ✓ | ⏱: 12.78s 
  [emmaspremiumservices] https://emmaspremiumservices.com/collections/hygiene → 0 products
[SCRAPE].. ◆ Some images failed to load within timeout 
[FETCH]... ↓ https://emmaspremiumservices.com/collections/clothing              
| ✓ | ⏱: 17.91s 
[SCRAPE].. ◆ https://emmaspremiumservices.com/collections/clothing              
| ✓ | ⏱: 0.42s 
[COMPLETE] ● https://emmaspremiumservices.com/collections/clothing              
| ✓ | ⏱: 18.37s 
  [emmaspremiumservices] https://emmaspremiumservices.com/collections/clothing → 2 products
[SCRAPE].. ◆ Some images failed to load within timeout 
[FETCH]... ↓ https://emmaspremiumservices.com/collections/electronics           
| ✓ | ⏱: 12.94s 
[SCRAPE].. ◆ https://emmaspremiumservices.com/collections/electronics           
| ✓ | ⏱: 0.41s 
[COMPLETE] ● https://emmaspremiumservices.com/collections/electronics           
| ✓ | ⏱: 13.40s 
  [emmaspremiumservices] https://emmaspremiumservices.com/collections/electronics → 2 products

Compliance check: ['No changes on DOCCS mail/packages page', 'Disapproved vendor list — no changes detected']
New compliant products found: 0

Report saved to: /Users/markususche/Desktop/Vender Resale/research/2026-07-14-daily-report.md
Latest report: /Users/markususche/Desktop/Vender Resale/research/latest-report.md

Done.

============================================================
Vender Resale — Nightly Research — 2026-07-15 02:00
============================================================


[2026-07-15 02:00] Scraping 5 competitor sites...
[FETCH]... ↓ https://plugforinmates.com/collections/all                         
| ✓ | ⏱: 4.88s 
[SCRAPE].. ◆ https://plugforinmates.com/collections/all                         
| ✓ | ⏱: 0.02s 
[COMPLETE] ● https://plugforinmates.com/collections/all                         
| ✓ | ⏱: 4.95s 
  [plugforinmates] https://plugforinmates.com/collections/all → 0 products
[SCRAPE].. ◆ Some images failed to load within timeout 
[SCRAPE].. ◆ Some images failed to load within timeout 
[FETCH]... ↓ https://skyesthelimitcatalog.com/                                  
| ✓ | ⏱: 10.87s 
[SCRAPE].. ◆ https://skyesthelimitcatalog.com/                                  
| ✓ | ⏱: 0.17s 
[COMPLETE] ● https://skyesthelimitcatalog.com/                                  
| ✓ | ⏱: 11.08s 
  [skyesthelimit] https://skyesthelimitcatalog.com/ → 2 products
[SCRAPE].. ◆ Some images failed to load within timeout 
[FETCH]... ↓ https://cigessentials.com/                                         
| ✓ | ⏱: 13.76s 
[SCRAPE].. ◆ https://cigessentials.com/                                         
| ✓ | ⏱: 0.41s 
[COMPLETE] ● https://cigessentials.com/                                         
| ✓ | ⏱: 14.21s 
  [cigessentials] https://cigessentials.com/ → 16 products
[FETCH]... ↓ https://plugforinmates.com/                                        
| ✓ | ⏱: 9.29s 
[SCRAPE].. ◆ https://plugforinmates.com/                                        
| ✓ | ⏱: 0.11s 
[COMPLETE] ● https://plugforinmates.com/                                        
| ✓ | ⏱: 9.42s 
  [plugforinmates] https://plugforinmates.com/ → 9 products
[FETCH]... ↓ https://skyesthelimitcatalog.com/shop/                             
| ✓ | ⏱: 3.64s 
[SCRAPE].. ◆ https://skyesthelimitcatalog.com/shop/                             
| ✓ | ⏱: 0.01s 
[COMPLETE] ● https://skyesthelimitcatalog.com/shop/                             
| ✓ | ⏱: 3.68s 
  [skyesthelimit] https://skyesthelimitcatalog.com/shop/ → 0 products
[FETCH]... ↓ https://emmaspremiumservices.com/collections/all                   
| ✓ | ⏱: 17.66s 
[SCRAPE].. ◆ https://emmaspremiumservices.com/collections/all                   
| ✓ | ⏱: 0.45s 
[COMPLETE] ● https://emmaspremiumservices.com/collections/all                   
| ✓ | ⏱: 18.14s 
  [emmaspremiumservices] https://emmaspremiumservices.com/collections/all → 2 products
[FETCH]... ↓ https://cigessentials.com/collections/all                          
| ✓ | ⏱: 5.81s 
[SCRAPE].. ◆ https://cigessentials.com/collections/all                          
| ✓ | ⏱: 0.13s 
[COMPLETE] ● https://cigessentials.com/collections/all                          
| ✓ | ⏱: 5.97s 
  [cigessentials] https://cigessentials.com/collections/all → 1 products
[FETCH]... ↓ https://nysapprovedvendor.com/                                     
| ✓ | ⏱: 20.32s 
[SCRAPE].. ◆ https://nysapprovedvendor.com/                                     
| ✓ | ⏱: 0.41s 
[COMPLETE] ● https://nysapprovedvendor.com/                                     
| ✓ | ⏱: 20.78s 
  [nysapprovedvendor] https://nysapprovedvendor.com/ → 79 products
[SCRAPE].. ◆ Some images failed to load within timeout 
[FETCH]... ↓ https://emmaspremiumservices.com/collections/food-snacks           
| ✓ | ⏱: 5.75s 
[SCRAPE].. ◆ https://emmaspremiumservices.com/collections/food-snacks           
| ✓ | ⏱: 0.18s 
[COMPLETE] ● https://emmaspremiumservices.com/collections/food-snacks           
| ✓ | ⏱: 5.95s 
  [emmaspremiumservices] https://emmaspremiumservices.com/collections/food-snacks → 0 products
[SCRAPE].. ◆ Some images failed to load within timeout 
[SCRAPE].. ◆ Some images failed to load within timeout 
[FETCH]... ↓ https://emmaspremiumservices.com/collections/hygiene               
| ✓ | ⏱: 5.72s 
[SCRAPE].. ◆ https://emmaspremiumservices.com/collections/hygiene               
| ✓ | ⏱: 0.20s 
[COMPLETE] ● https://emmaspremiumservices.com/collections/hygiene               
| ✓ | ⏱: 5.94s 
  [emmaspremiumservices] https://emmaspremiumservices.com/collections/hygiene → 0 products
[FETCH]... ↓ https://nysapprovedvendor.com/shop/                                
| ✓ | ⏱: 9.91s 
[SCRAPE].. ◆ https://nysapprovedvendor.com/shop/                                
| ✓ | ⏱: 0.48s 
[COMPLETE] ● https://nysapprovedvendor.com/shop/                                
| ✓ | ⏱: 10.42s 
  [nysapprovedvendor] https://nysapprovedvendor.com/shop/ → 79 products
[SCRAPE].. ◆ Some images failed to load within timeout 
[FETCH]... ↓ https://emmaspremiumservices.com/collections/clothing              
| ✓ | ⏱: 9.56s 
[SCRAPE].. ◆ https://emmaspremiumservices.com/collections/clothing              
| ✓ | ⏱: 0.40s 
[COMPLETE] ● https://emmaspremiumservices.com/collections/clothing              
| ✓ | ⏱: 10.00s 
  [emmaspremiumservices] https://emmaspremiumservices.com/collections/clothing → 2 products
[SCRAPE].. ◆ Some images failed to load within timeout 
[FETCH]... ↓ https://emmaspremiumservices.com/collections/electronics           
| ✓ | ⏱: 9.24s 
[SCRAPE].. ◆ https://emmaspremiumservices.com/collections/electronics           
| ✓ | ⏱: 0.36s 
[COMPLETE] ● https://emmaspremiumservices.com/collections/electronics           
| ✓ | ⏱: 9.64s 
  [emmaspremiumservices] https://emmaspremiumservices.com/collections/electronics → 2 products

Compliance check: ['No changes on DOCCS mail/packages page', 'Disapproved vendor list — no changes detected']
New compliant products found: 0

Report saved to: /Users/markususche/Desktop/Vender Resale/research/2026-07-15-daily-report.md
Latest report: /Users/markususche/Desktop/Vender Resale/research/latest-report.md

Done.

============================================================
Vender Resale — Nightly Research — 2026-07-16 02:00
============================================================


[2026-07-16 02:00] Scraping 5 competitor sites...
[FETCH]... ↓ https://plugforinmates.com/collections/all                         
| ✓ | ⏱: 5.60s 
[SCRAPE].. ◆ https://plugforinmates.com/collections/all                         
| ✓ | ⏱: 0.02s 
[COMPLETE] ● https://plugforinmates.com/collections/all                         
| ✓ | ⏱: 5.66s 
  [plugforinmates] https://plugforinmates.com/collections/all → 0 products
[SCRAPE].. ◆ Some images failed to load within timeout 
[SCRAPE].. ◆ Some images failed to load within timeout 
[FETCH]... ↓ https://skyesthelimitcatalog.com/                                  
| ✓ | ⏱: 10.82s 
[SCRAPE].. ◆ https://skyesthelimitcatalog.com/                                  
| ✓ | ⏱: 0.29s 
[COMPLETE] ● https://skyesthelimitcatalog.com/                                  
| ✓ | ⏱: 11.27s 
  [skyesthelimit] https://skyesthelimitcatalog.com/ → 2 products
[SCRAPE].. ◆ Some images failed to load within timeout 
[FETCH]... ↓ https://cigessentials.com/                                         
| ✓ | ⏱: 14.17s 
[SCRAPE].. ◆ https://cigessentials.com/                                         
| ✓ | ⏱: 0.44s 
[COMPLETE] ● https://cigessentials.com/                                         
| ✓ | ⏱: 14.69s 
  [cigessentials] https://cigessentials.com/ → 16 products
[FETCH]... ↓ https://skyesthelimitcatalog.com/shop/                             
| ✓ | ⏱: 3.79s 
[SCRAPE].. ◆ https://skyesthelimitcatalog.com/shop/                             
| ✓ | ⏱: 0.01s 
[COMPLETE] ● https://skyesthelimitcatalog.com/shop/                             
| ✓ | ⏱: 3.84s 
  [skyesthelimit] https://skyesthelimitcatalog.com/shop/ → 0 products
[FETCH]... ↓ https://plugforinmates.com/                                        
| ✓ | ⏱: 9.73s 
[SCRAPE].. ◆ https://plugforinmates.com/                                        
| ✓ | ⏱: 0.13s 
[COMPLETE] ● https://plugforinmates.com/                                        
| ✓ | ⏱: 9.88s 
  [plugforinmates] https://plugforinmates.com/ → 9 products
[FETCH]... ↓ https://emmaspremiumservices.com/collections/all                   
| ✓ | ⏱: 18.78s 
[SCRAPE].. ◆ https://emmaspremiumservices.com/collections/all                   
| ✓ | ⏱: 0.48s 
[COMPLETE] ● https://emmaspremiumservices.com/collections/all                   
| ✓ | ⏱: 19.29s 
  [emmaspremiumservices] https://emmaspremiumservices.com/collections/all → 2 products
[FETCH]... ↓ https://cigessentials.com/collections/all                          
| ✓ | ⏱: 5.61s 
[SCRAPE].. ◆ https://cigessentials.com/collections/all                          
| ✓ | ⏱: 0.30s 
[COMPLETE] ● https://cigessentials.com/collections/all                          
| ✓ | ⏱: 5.94s 
  [cigessentials] https://cigessentials.com/collections/all → 1 products
[FETCH]... ↓ https://nysapprovedvendor.com/                                     
| ✓ | ⏱: 21.14s 
[SCRAPE].. ◆ https://nysapprovedvendor.com/                                     
| ✓ | ⏱: 0.52s 
[COMPLETE] ● https://nysapprovedvendor.com/                                     
| ✓ | ⏱: 21.70s 
  [nysapprovedvendor] https://nysapprovedvendor.com/ → 79 products
[SCRAPE].. ◆ Some images failed to load within timeout 
[SCRAPE].. ◆ Some images failed to load within timeout 
[FETCH]... ↓ https://emmaspremiumservices.com/collections/food-snacks           
| ✓ | ⏱: 6.64s 
[SCRAPE].. ◆ https://emmaspremiumservices.com/collections/food-snacks           
| ✓ | ⏱: 0.18s 
[COMPLETE] ● https://emmaspremiumservices.com/collections/food-snacks           
| ✓ | ⏱: 6.86s 
  [emmaspremiumservices] https://emmaspremiumservices.com/collections/food-snacks → 0 products
[FETCH]... ↓ https://emmaspremiumservices.com/collections/hygiene               
| ✓ | ⏱: 4.96s 
[SCRAPE].. ◆ https://emmaspremiumservices.com/collections/hygiene               
| ✓ | ⏱: 0.21s 
[COMPLETE] ● https://emmaspremiumservices.com/collections/hygiene               
| ✓ | ⏱: 5.19s 
  [emmaspremiumservices] https://emmaspremiumservices.com/collections/hygiene → 0 products
[FETCH]... ↓ https://nysapprovedvendor.com/shop/                                
| ✓ | ⏱: 10.14s 
[SCRAPE].. ◆ https://nysapprovedvendor.com/shop/                                
| ✓ | ⏱: 0.39s 
[COMPLETE] ● https://nysapprovedvendor.com/shop/                                
| ✓ | ⏱: 10.56s 
  [nysapprovedvendor] https://nysapprovedvendor.com/shop/ → 79 products
[FETCH]... ↓ https://emmaspremiumservices.com/collections/clothing              
| ✓ | ⏱: 8.48s 
[SCRAPE].. ◆ https://emmaspremiumservices.com/collections/clothing              
| ✓ | ⏱: 0.40s 
[COMPLETE] ● https://emmaspremiumservices.com/collections/clothing              
| ✓ | ⏱: 8.91s 
  [emmaspremiumservices] https://emmaspremiumservices.com/collections/clothing → 2 products
[FETCH]... ↓ https://emmaspremiumservices.com/collections/electronics           
| ✓ | ⏱: 8.37s 
[SCRAPE].. ◆ https://emmaspremiumservices.com/collections/electronics           
| ✓ | ⏱: 0.36s 
[COMPLETE] ● https://emmaspremiumservices.com/collections/electronics           
| ✓ | ⏱: 8.77s 
  [emmaspremiumservices] https://emmaspremiumservices.com/collections/electronics → 2 products

Compliance check: ['No changes on DOCCS mail/packages page', 'Disapproved vendor list — no changes detected']
New compliant products found: 0

Report saved to: /Users/markususche/Desktop/Vender Resale/research/2026-07-16-daily-report.md
Latest report: /Users/markususche/Desktop/Vender Resale/research/latest-report.md

Done.

============================================================
Vender Resale — Nightly Research — 2026-07-17 02:00
============================================================


[2026-07-17 02:00] Scraping 5 competitor sites...
[FETCH]... ↓ https://plugforinmates.com/collections/all                         
| ✓ | ⏱: 6.43s 
[SCRAPE].. ◆ https://plugforinmates.com/collections/all                         
| ✓ | ⏱: 0.03s 
[COMPLETE] ● https://plugforinmates.com/collections/all                         
| ✓ | ⏱: 6.56s 
  [plugforinmates] https://plugforinmates.com/collections/all → 0 products
[SCRAPE].. ◆ Some images failed to load within timeout 
[SCRAPE].. ◆ Some images failed to load within timeout 
[FETCH]... ↓ https://skyesthelimitcatalog.com/                                  
| ✓ | ⏱: 13.12s 
[SCRAPE].. ◆ https://skyesthelimitcatalog.com/                                  
| ✓ | ⏱: 0.26s 
[COMPLETE] ● https://skyesthelimitcatalog.com/                                  
| ✓ | ⏱: 13.45s 
  [skyesthelimit] https://skyesthelimitcatalog.com/ → 2 products
[SCRAPE].. ◆ Some images failed to load within timeout 
[FETCH]... ↓ https://plugforinmates.com/                                        
| ✓ | ⏱: 9.55s 
[SCRAPE].. ◆ https://plugforinmates.com/                                        
| ✓ | ⏱: 0.07s 
[COMPLETE] ● https://plugforinmates.com/                                        
| ✓ | ⏱: 9.65s 
  [plugforinmates] https://plugforinmates.com/ → 9 products
[FETCH]... ↓ https://cigessentials.com/                                         
| ✓ | ⏱: 16.30s 
[SCRAPE].. ◆ https://cigessentials.com/                                         
| ✓ | ⏱: 0.49s 
[COMPLETE] ● https://cigessentials.com/                                         
| ✓ | ⏱: 16.84s 
  [cigessentials] https://cigessentials.com/ → 16 products
[FETCH]... ↓ https://skyesthelimitcatalog.com/shop/                             
| ✓ | ⏱: 3.48s 
[SCRAPE].. ◆ https://skyesthelimitcatalog.com/shop/                             
| ✓ | ⏱: 0.03s 
[COMPLETE] ● https://skyesthelimitcatalog.com/shop/                             
| ✓ | ⏱: 3.53s 
  [skyesthelimit] https://skyesthelimitcatalog.com/shop/ → 0 products
[FETCH]... ↓ https://emmaspremiumservices.com/collections/all                   
| ✓ | ⏱: 20.60s 
[SCRAPE].. ◆ https://emmaspremiumservices.com/collections/all                   
| ✓ | ⏱: 0.44s 
[COMPLETE] ● https://emmaspremiumservices.com/collections/all                   
| ✓ | ⏱: 21.08s 
  [emmaspremiumservices] https://emmaspremiumservices.com/collections/all → 2 products
[FETCH]... ↓ https://nysapprovedvendor.com/                                     
| ✓ | ⏱: 22.65s 
[SCRAPE].. ◆ https://nysapprovedvendor.com/                                     
| ✓ | ⏱: 0.53s 
[COMPLETE] ● https://nysapprovedvendor.com/                                     
| ✓ | ⏱: 23.31s 
  [nysapprovedvendor] https://nysapprovedvendor.com/ → 79 products
[FETCH]... ↓ https://cigessentials.com/collections/all                          
| ✓ | ⏱: 6.83s 
[SCRAPE].. ◆ https://cigessentials.com/collections/all                          
| ✓ | ⏱: 0.15s 
[COMPLETE] ● https://cigessentials.com/collections/all                          
| ✓ | ⏱: 7.02s 
  [cigessentials] https://cigessentials.com/collections/all → 1 products
[SCRAPE].. ◆ Some images failed to load within timeout 
[FETCH]... ↓ https://emmaspremiumservices.com/collections/food-snacks           
| ✓ | ⏱: 6.54s 
[SCRAPE].. ◆ https://emmaspremiumservices.com/collections/food-snacks           
| ✓ | ⏱: 0.18s 
[COMPLETE] ● https://emmaspremiumservices.com/collections/food-snacks           
| ✓ | ⏱: 6.77s 
  [emmaspremiumservices] https://emmaspremiumservices.com/collections/food-snacks → 0 products
[SCRAPE].. ◆ Some images failed to load within timeout 
[SCRAPE].. ◆ Some images failed to load within timeout 
[FETCH]... ↓ https://emmaspremiumservices.com/collections/hygiene               
| ✓ | ⏱: 6.00s 
[SCRAPE].. ◆ https://emmaspremiumservices.com/collections/hygiene               
| ✓ | ⏱: 0.21s 
[COMPLETE] ● https://emmaspremiumservices.com/collections/hygiene               
| ✓ | ⏱: 6.24s 
  [emmaspremiumservices] https://emmaspremiumservices.com/collections/hygiene → 0 products
[FETCH]... ↓ https://nysapprovedvendor.com/shop/                                
| ✓ | ⏱: 11.21s 
[SCRAPE].. ◆ https://nysapprovedvendor.com/shop/                                
| ✓ | ⏱: 0.43s 
[COMPLETE] ● https://nysapprovedvendor.com/shop/                                
| ✓ | ⏱: 11.68s 
  [nysapprovedvendor] https://nysapprovedvendor.com/shop/ → 79 products
[FETCH]... ↓ https://emmaspremiumservices.com/collections/clothing              
| ✓ | ⏱: 8.34s 
[SCRAPE].. ◆ https://emmaspremiumservices.com/collections/clothing              
| ✓ | ⏱: 0.40s 
[COMPLETE] ● https://emmaspremiumservices.com/collections/clothing              
| ✓ | ⏱: 8.78s 
  [emmaspremiumservices] https://emmaspremiumservices.com/collections/clothing → 2 products
[FETCH]... ↓ https://emmaspremiumservices.com/collections/electronics           
| ✓ | ⏱: 8.47s 
[SCRAPE].. ◆ https://emmaspremiumservices.com/collections/electronics           
| ✓ | ⏱: 0.38s 
[COMPLETE] ● https://emmaspremiumservices.com/collections/electronics           
| ✓ | ⏱: 8.88s 
  [emmaspremiumservices] https://emmaspremiumservices.com/collections/electronics → 2 products

Compliance check: ['DOCCS mail/packages page content changed — review immediately', 'Disapproved vendor list — no changes detected']
New compliant products found: 0

Report saved to: /Users/markususche/Desktop/Vender Resale/research/2026-07-17-daily-report.md
Latest report: /Users/markususche/Desktop/Vender Resale/research/latest-report.md

*** COMPLIANCE CHANGES DETECTED — CHECK IMMEDIATELY ***

============================================================
Vender Resale — Nightly Research — 2026-07-18 02:00
============================================================


[2026-07-18 02:00] Scraping 5 competitor sites...
[FETCH]... ↓ https://plugforinmates.com/collections/all                         
| ✓ | ⏱: 23.10s 
[SCRAPE].. ◆ https://plugforinmates.com/collections/all                         
| ✓ | ⏱: 0.04s 
[COMPLETE] ● https://plugforinmates.com/collections/all                         
| ✓ | ⏱: 23.20s 
  [plugforinmates] https://plugforinmates.com/collections/all → 0 products
[SCRAPE].. ◆ Some images failed to load within timeout 
[SCRAPE].. ◆ Some images failed to load within timeout 
[FETCH]... ↓ https://skyesthelimitcatalog.com/                                  
| ✓ | ⏱: 28.71s 
[SCRAPE].. ◆ https://skyesthelimitcatalog.com/                                  
| ✓ | ⏱: 0.27s 
[COMPLETE] ● https://skyesthelimitcatalog.com/                                  
| ✓ | ⏱: 29.05s 
  [skyesthelimit] https://skyesthelimitcatalog.com/ → 2 products
[SCRAPE].. ◆ Some images failed to load within timeout 
[FETCH]... ↓ https://cigessentials.com/                                         
| ✓ | ⏱: 31.92s 
[SCRAPE].. ◆ https://cigessentials.com/                                         
| ✓ | ⏱: 0.51s 
[COMPLETE] ● https://cigessentials.com/                                         
| ✓ | ⏱: 32.47s 
  [cigessentials] https://cigessentials.com/ → 16 products
[FETCH]... ↓ https://plugforinmates.com/                                        
| ✓ | ⏱: 10.30s 
[SCRAPE].. ◆ https://plugforinmates.com/                                        
| ✓ | ⏱: 0.09s 
[COMPLETE] ● https://plugforinmates.com/                                        
| ✓ | ⏱: 10.41s 
  [plugforinmates] https://plugforinmates.com/ → 9 products
[FETCH]... ↓ https://emmaspremiumservices.com/collections/all                   
| ✓ | ⏱: 36.15s 
[SCRAPE].. ◆ https://emmaspremiumservices.com/collections/all                   
| ✓ | ⏱: 0.45s 
[COMPLETE] ● https://emmaspremiumservices.com/collections/all                   
| ✓ | ⏱: 36.63s 
  [emmaspremiumservices] https://emmaspremiumservices.com/collections/all → 2 products
[FETCH]... ↓ https://nysapprovedvendor.com/                                     
| ✓ | ⏱: 37.76s 
[SCRAPE].. ◆ https://nysapprovedvendor.com/                                     
| ✓ | ⏱: 0.76s 
[COMPLETE] ● https://nysapprovedvendor.com/                                     
| ✓ | ⏱: 38.59s 
  [nysapprovedvendor] https://nysapprovedvendor.com/ → 79 products
[FETCH]... ↓ https://cigessentials.com/collections/all                          
| ✓ | ⏱: 6.58s 
[SCRAPE].. ◆ https://cigessentials.com/collections/all                          
| ✓ | ⏱: 0.16s 
[COMPLETE] ● https://cigessentials.com/collections/all                          
| ✓ | ⏱: 6.78s 
  [cigessentials] https://cigessentials.com/collections/all → 1 products
[FETCH]... ↓ https://emmaspremiumservices.com/collections/food-snacks           
| ✓ | ⏱: 5.80s 
[SCRAPE].. ◆ https://emmaspremiumservices.com/collections/food-snacks           
| ✓ | ⏱: 0.19s 
[COMPLETE] ● https://emmaspremiumservices.com/collections/food-snacks           
| ✓ | ⏱: 6.02s 
  [emmaspremiumservices] https://emmaspremiumservices.com/collections/food-snacks → 0 products
[SCRAPE].. ◆ Some images failed to load within timeout 
[FETCH]... ↓ https://emmaspremiumservices.com/collections/hygiene               
| ✓ | ⏱: 5.15s 
[SCRAPE].. ◆ https://emmaspremiumservices.com/collections/hygiene               
| ✓ | ⏱: 0.18s 
[COMPLETE] ● https://emmaspremiumservices.com/collections/hygiene               
| ✓ | ⏱: 5.36s 
  [emmaspremiumservices] https://emmaspremiumservices.com/collections/hygiene → 0 products
[FETCH]... ↓ https://nysapprovedvendor.com/shop/                                
| ✓ | ⏱: 11.61s 
[SCRAPE].. ◆ https://nysapprovedvendor.com/shop/                                
| ✓ | ⏱: 0.40s 
[COMPLETE] ● https://nysapprovedvendor.com/shop/                                
| ✓ | ⏱: 12.34s 
  [nysapprovedvendor] https://nysapprovedvendor.com/shop/ → 79 products
[SCRAPE].. ◆ Some images failed to load within timeout 
[FETCH]... ↓ https://emmaspremiumservices.com/collections/clothing              
| ✓ | ⏱: 10.37s 
[SCRAPE].. ◆ https://emmaspremiumservices.com/collections/clothing              
| ✓ | ⏱: 0.42s 
[COMPLETE] ● https://emmaspremiumservices.com/collections/clothing              
| ✓ | ⏱: 10.83s 
  [emmaspremiumservices] https://emmaspremiumservices.com/collections/clothing → 2 products
[ANTIBOT]. ℹ https://skyesthelimitcatalog.com/shop/             | Error: Proxy 
direct failed: Failed on navigating ACS-GOTO:
Page.goto: Timeout 30000ms exceeded.
Call log:
  - navigating to "https://skyesthelimitcatalog.com/shop/", waiting until 
"domcontentloaded"
 
[ERROR]... × https://skyesthelimitcatalog.com/shop/             | Error: 
Unexpected error in _crawl_web at line 778 in _crawl_web 
(Library/Python/3.14/lib/python/site-packages/crawl4ai/async_crawler_strategy.py
):
Error: Failed on navigating ACS-GOTO:
Page.goto: Timeout 30000ms exceeded.
Call log:
  - navigating to "https://skyesthelimitcatalog.com/shop/", waiting until 
"domcontentloaded"


Code context:
 773                                   tag="GOTO",
 774                                   params={"url": url},
 775                               )
 776                               response = None
 777                           else:
 778 →                             raise RuntimeError(f"Failed on navigating 
ACS-GOTO:\n{str(e)}")
 779   
 780                       # 
──────────────────────────────────────────────────────────────
 781                       # Walk the redirect chain.  Playwright returns only 
the last
 782                       # hop, so we trace the `request.redirected_from` 
links until the
 783                       # first response that differs from the final one and 
surface its 
  [skyesthelimit] FAIL https://skyesthelimitcatalog.com/shop/: Unexpected error in _crawl_web at line 778 in _crawl_web (Library/Python/3.14/lib/python/site-packages/crawl4ai/async_crawler_strategy.py):
Error: Failed on navigating ACS-GOTO:
Page.goto: Timeout 30000ms exceeded.
Call log:
  - navigating to "https://skyesthelimitcatalog.com/shop/", waiting until "domcontentloaded"


Code context:
 773                                   tag="GOTO",
 774                                   params={"url": url},
 775                               )
 776                               response = None
 777                           else:
 778 →                             raise RuntimeError(f"Failed on navigating ACS-GOTO:\n{str(e)}")
 779   
 780                       # ──────────────────────────────────────────────────────────────
 781                       # Walk the redirect chain.  Playwright returns only the last
 782                       # hop, so we trace the `request.redirected_from` links until the
 783                       # first response that differs from the final one and surface its
[SCRAPE].. ◆ Some images failed to load within timeout 
[FETCH]... ↓ https://emmaspremiumservices.com/collections/electronics           
| ✓ | ⏱: 9.91s 
[SCRAPE].. ◆ https://emmaspremiumservices.com/collections/electronics           
| ✓ | ⏱: 0.38s 
[COMPLETE] ● https://emmaspremiumservices.com/collections/electronics           
| ✓ | ⏱: 10.33s 
  [emmaspremiumservices] https://emmaspremiumservices.com/collections/electronics → 2 products

Compliance check: ['No changes on DOCCS mail/packages page', 'Disapproved vendor list — no changes detected']
New compliant products found: 0

Report saved to: /Users/markususche/Desktop/Vender Resale/research/2026-07-18-daily-report.md
Latest report: /Users/markususche/Desktop/Vender Resale/research/latest-report.md

Done.

============================================================
Vender Resale — Nightly Research — 2026-07-19 02:00
============================================================


[2026-07-19 02:00] Scraping 5 competitor sites...
[FETCH]... ↓ https://plugforinmates.com/collections/all                         
| ✓ | ⏱: 6.33s 
[SCRAPE].. ◆ https://plugforinmates.com/collections/all                         
| ✓ | ⏱: 0.04s 
[COMPLETE] ● https://plugforinmates.com/collections/all                         
| ✓ | ⏱: 6.43s 
  [plugforinmates] https://plugforinmates.com/collections/all → 0 products
[SCRAPE].. ◆ Some images failed to load within timeout 
[SCRAPE].. ◆ Some images failed to load within timeout 
[FETCH]... ↓ https://skyesthelimitcatalog.com/                                  
| ✓ | ⏱: 12.24s 
[SCRAPE].. ◆ https://skyesthelimitcatalog.com/                                  
| ✓ | ⏱: 0.14s 
[COMPLETE] ● https://skyesthelimitcatalog.com/                                  
| ✓ | ⏱: 12.41s 
  [skyesthelimit] https://skyesthelimitcatalog.com/ → 2 products
[SCRAPE].. ◆ Some images failed to load within timeout 
[FETCH]... ↓ https://skyesthelimitcatalog.com/shop/                             
| ✓ | ⏱: 1.88s 
[SCRAPE].. ◆ https://skyesthelimitcatalog.com/shop/                             
| ✓ | ⏱: 0.00s 
[COMPLETE] ● https://skyesthelimitcatalog.com/shop/                             
| ✓ | ⏱: 1.90s 
  [skyesthelimit] https://skyesthelimitcatalog.com/shop/ → 0 products
[FETCH]... ↓ https://cigessentials.com/                                         
| ✓ | ⏱: 14.80s 
[SCRAPE].. ◆ https://cigessentials.com/                                         
| ✓ | ⏱: 0.36s 
[COMPLETE] ● https://cigessentials.com/                                         
| ✓ | ⏱: 15.20s 
  [cigessentials] https://cigessentials.com/ → 16 products
[FETCH]... ↓ https://plugforinmates.com/                                        
| ✓ | ⏱: 9.01s 
[SCRAPE].. ◆ https://plugforinmates.com/                                        
| ✓ | ⏱: 0.07s 
[COMPLETE] ● https://plugforinmates.com/                                        
| ✓ | ⏱: 9.10s 
  [plugforinmates] https://plugforinmates.com/ → 9 products
[FETCH]... ↓ https://emmaspremiumservices.com/collections/all                   
| ✓ | ⏱: 17.87s 
[SCRAPE].. ◆ https://emmaspremiumservices.com/collections/all                   
| ✓ | ⏱: 0.42s 
[COMPLETE] ● https://emmaspremiumservices.com/collections/all                   
| ✓ | ⏱: 18.32s 
  [emmaspremiumservices] https://emmaspremiumservices.com/collections/all → 2 products
[FETCH]... ↓ https://nysapprovedvendor.com/                                     
| ✓ | ⏱: 19.84s 
[SCRAPE].. ◆ https://nysapprovedvendor.com/                                     
| ✓ | ⏱: 0.42s 
[COMPLETE] ● https://nysapprovedvendor.com/                                     
| ✓ | ⏱: 20.29s 
  [nysapprovedvendor] https://nysapprovedvendor.com/ → 79 products
[SCRAPE].. ◆ Some images failed to load within timeout 
[FETCH]... ↓ https://cigessentials.com/collections/all                          
| ✓ | ⏱: 6.50s 
[SCRAPE].. ◆ https://cigessentials.com/collections/all                          
| ✓ | ⏱: 0.17s 
[COMPLETE] ● https://cigessentials.com/collections/all                          
| ✓ | ⏱: 6.70s 
  [cigessentials] https://cigessentials.com/collections/all → 1 products
[FETCH]... ↓ https://emmaspremiumservices.com/collections/food-snacks           
| ✓ | ⏱: 6.18s 
[SCRAPE].. ◆ https://emmaspremiumservices.com/collections/food-snacks           
| ✓ | ⏱: 0.17s 
[COMPLETE] ● https://emmaspremiumservices.com/collections/food-snacks           
| ✓ | ⏱: 6.38s 
  [emmaspremiumservices] https://emmaspremiumservices.com/collections/food-snacks → 0 products
[SCRAPE].. ◆ Some images failed to load within timeout 
[SCRAPE].. ◆ Some images failed to load within timeout 
[FETCH]... ↓ https://emmaspremiumservices.com/collections/hygiene               
| ✓ | ⏱: 5.70s 
[SCRAPE].. ◆ https://emmaspremiumservices.com/collections/hygiene               
| ✓ | ⏱: 0.20s 
[COMPLETE] ● https://emmaspremiumservices.com/collections/hygiene               
| ✓ | ⏱: 5.93s 
  [emmaspremiumservices] https://emmaspremiumservices.com/collections/hygiene → 0 products
[FETCH]... ↓ https://nysapprovedvendor.com/shop/                                
| ✓ | ⏱: 10.81s 
[SCRAPE].. ◆ https://nysapprovedvendor.com/shop/                                
| ✓ | ⏱: 0.33s 
[COMPLETE] ● https://nysapprovedvendor.com/shop/                                
| ✓ | ⏱: 11.18s 
  [nysapprovedvendor] https://nysapprovedvendor.com/shop/ → 79 products
[SCRAPE].. ◆ Some images failed to load within timeout 
[FETCH]... ↓ https://emmaspremiumservices.com/collections/clothing              
| ✓ | ⏱: 9.60s 
[SCRAPE].. ◆ https://emmaspremiumservices.com/collections/clothing              
| ✓ | ⏱: 0.40s 
[COMPLETE] ● https://emmaspremiumservices.com/collections/clothing              
| ✓ | ⏱: 10.03s 
  [emmaspremiumservices] https://emmaspremiumservices.com/collections/clothing → 2 products
[SCRAPE].. ◆ Some images failed to load within timeout 
[FETCH]... ↓ https://emmaspremiumservices.com/collections/electronics           
| ✓ | ⏱: 9.36s 
[SCRAPE].. ◆ https://emmaspremiumservices.com/collections/electronics           
| ✓ | ⏱: 0.38s 
[COMPLETE] ● https://emmaspremiumservices.com/collections/electronics           
| ✓ | ⏱: 9.77s 
  [emmaspremiumservices] https://emmaspremiumservices.com/collections/electronics → 2 products

Compliance check: ['No changes on DOCCS mail/packages page', 'Disapproved vendor list — no changes detected']
New compliant products found: 0

Report saved to: /Users/markususche/Desktop/Vender Resale/research/2026-07-19-daily-report.md
Latest report: /Users/markususche/Desktop/Vender Resale/research/latest-report.md

Done.

============================================================
Vender Resale — Nightly Research — 2026-07-20 02:00
============================================================


[2026-07-20 02:00] Scraping 5 competitor sites...
[FETCH]... ↓ https://plugforinmates.com/collections/all                         
| ✓ | ⏱: 33.24s 
[SCRAPE].. ◆ https://plugforinmates.com/collections/all                         
| ✓ | ⏱: 0.41s 
[COMPLETE] ● https://plugforinmates.com/collections/all                         
| ✓ | ⏱: 35.07s 
  [plugforinmates] https://plugforinmates.com/collections/all → 0 products
[ANTIBOT]. ℹ https://cigessentials.com/                         | Error: Proxy 
direct failed: Failed on navigating ACS-GOTO:
Page.goto: Timeout 30000ms exceeded.
Call log:
  - navigating to "https://cigessentials.com/", waiting until "domcontentloaded"
 
[ERROR]... × https://cigessentials.com/                         | Error: 
Unexpected error in _crawl_web at line 778 in _crawl_web 
(Library/Python/3.14/lib/python/site-packages/crawl4ai/async_crawler_strategy.py
):
Error: Failed on navigating ACS-GOTO:
Page.goto: Timeout 30000ms exceeded.
Call log:
  - navigating to "https://cigessentials.com/", waiting until "domcontentloaded"


Code context:
 773                                   tag="GOTO",
 774                                   params={"url": url},
 775                               )
 776                               response = None
 777                           else:
 778 →                             raise RuntimeError(f"Failed on navigating 
ACS-GOTO:\n{str(e)}")
 779   
 780                       # 
──────────────────────────────────────────────────────────────
 781                       # Walk the redirect chain.  Playwright returns only 
the last
 782                       # hop, so we trace the `request.redirected_from` 
links until the
 783                       # first response that differs from the final one and 
surface its 
  [cigessentials] FAIL https://cigessentials.com/: Unexpected error in _crawl_web at line 778 in _crawl_web (Library/Python/3.14/lib/python/site-packages/crawl4ai/async_crawler_strategy.py):
Error: Failed on navigating ACS-GOTO:
Page.goto: Timeout 30000ms exceeded.
Call log:
  - navigating to "https://cigessentials.com/", waiting until "domcontentloaded"


Code context:
 773                                   tag="GOTO",
 774                                   params={"url": url},
 775                               )
 776                               response = None
 777                           else:
 778 →                             raise RuntimeError(f"Failed on navigating ACS-GOTO:\n{str(e)}")
 779   
 780                       # ──────────────────────────────────────────────────────────────
 781                       # Walk the redirect chain.  Playwright returns only the last
 782                       # hop, so we trace the `request.redirected_from` links until the
 783                       # first response that differs from the final one and surface its
[ANTIBOT]. ℹ https://emmaspremiumservices.com/collections/all   | Error: Proxy 
direct failed: Failed on navigating ACS-GOTO:
Page.goto: Timeout 30000ms exceeded.
Call log:
  - navigating to "https://emmaspremiumservices.com/collections/all", waiting 
until "domcontentloaded"
 
[ERROR]... × https://emmaspremiumservices.com/collections/all   | Error: 
Unexpected error in _crawl_web at line 778 in _crawl_web 
(Library/Python/3.14/lib/python/site-packages/crawl4ai/async_crawler_strategy.py
):
Error: Failed on navigating ACS-GOTO:
Page.goto: Timeout 30000ms exceeded.
Call log:
  - navigating to "https://emmaspremiumservices.com/collections/all", waiting 
until "domcontentloaded"


Code context:
 773                                   tag="GOTO",
 774                                   params={"url": url},
 775                               )
 776                               response = None
 777                           else:
 778 →                             raise RuntimeError(f"Failed on navigating 
ACS-GOTO:\n{str(e)}")
 779   
 780                       # 
──────────────────────────────────────────────────────────────
 781                       # Walk the redirect chain.  Playwright returns only 
the last
 782                       # hop, so we trace the `request.redirected_from` 
links until the
 783                       # first response that differs from the final one and 
surface its 
  [emmaspremiumservices] FAIL https://emmaspremiumservices.com/collections/all: Unexpected error in _crawl_web at line 778 in _crawl_web (Library/Python/3.14/lib/python/site-packages/crawl4ai/async_crawler_strategy.py):
Error: Failed on navigating ACS-GOTO:
Page.goto: Timeout 30000ms exceeded.
Call log:
  - navigating to "https://emmaspremiumservices.com/collections/all", waiting until "domcontentloaded"


Code context:
 773                                   tag="GOTO",
 774                                   params={"url": url},
 775                               )
 776                               response = None
 777                           else:
 778 →                             raise RuntimeError(f"Failed on navigating ACS-GOTO:\n{str(e)}")
 779   
 780                       # ──────────────────────────────────────────────────────────────
 781                       # Walk the redirect chain.  Playwright returns only the last
 782                       # hop, so we trace the `request.redirected_from` links until the
 783                       # first response that differs from the final one and surface its
[ANTIBOT]. ℹ https://nysapprovedvendor.com/                     | Error: Proxy 
direct failed: Failed on navigating ACS-GOTO:
Page.goto: Timeout 30000ms exceeded.
Call log:
  - navigating to "https://nysapprovedvendor.com/", waiting until 
"domcontentloaded"
 
[ERROR]... × https://nysapprovedvendor.com/                     | Error: 
Unexpected error in _crawl_web at line 778 in _crawl_web 
(Library/Python/3.14/lib/python/site-packages/crawl4ai/async_crawler_strategy.py
):
Error: Failed on navigating ACS-GOTO:
Page.goto: Timeout 30000ms exceeded.
Call log:
  - navigating to "https://nysapprovedvendor.com/", waiting until 
"domcontentloaded"


Code context:
 773                                   tag="GOTO",
 774                                   params={"url": url},
 775                               )
 776                               response = None
 777                           else:
 778 →                             raise RuntimeError(f"Failed on navigating 
ACS-GOTO:\n{str(e)}")
 779   
 780                       # 
──────────────────────────────────────────────────────────────
 781                       # Walk the redirect chain.  Playwright returns only 
the last
 782                       # hop, so we trace the `request.redirected_from` 
links until the
 783                       # first response that differs from the final one and 
surface its 
  [nysapprovedvendor] FAIL https://nysapprovedvendor.com/: Unexpected error in _crawl_web at line 778 in _crawl_web (Library/Python/3.14/lib/python/site-packages/crawl4ai/async_crawler_strategy.py):
Error: Failed on navigating ACS-GOTO:
Page.goto: Timeout 30000ms exceeded.
Call log:
  - navigating to "https://nysapprovedvendor.com/", waiting until "domcontentloaded"


Code context:
 773                                   tag="GOTO",
 774                                   params={"url": url},
 775                               )
 776                               response = None
 777                           else:
 778 →                             raise RuntimeError(f"Failed on navigating ACS-GOTO:\n{str(e)}")
 779   
 780                       # ──────────────────────────────────────────────────────────────
 781                       # Walk the redirect chain.  Playwright returns only the last
 782                       # hop, so we trace the `request.redirected_from` links until the
 783                       # first response that differs from the final one and surface its
[SCRAPE].. ◆ Some images failed to load within timeout 
[SCRAPE].. ◆ Some images failed to load within timeout 
[FETCH]... ↓ https://plugforinmates.com/                                        
| ✓ | ⏱: 34.18s 
[SCRAPE].. ◆ https://plugforinmates.com/                                        
| ✓ | ⏱: 1.84s 
[COMPLETE] ● https://plugforinmates.com/                                        
| ✓ | ⏱: 36.72s 
  [plugforinmates] https://plugforinmates.com/ → 9 products
[FETCH]... ↓ https://skyesthelimitcatalog.com/                                  
| ✓ | ⏱: 80.11s 
[SCRAPE].. ◆ https://skyesthelimitcatalog.com/                                  
| ✓ | ⏱: 9.19s 
[COMPLETE] ● https://skyesthelimitcatalog.com/                                  
| ✓ | ⏱: 89.83s 
  [skyesthelimit] https://skyesthelimitcatalog.com/ → 2 products
[ANTIBOT]. ℹ https://emmaspremiumser...collections/food-snacks  | Error: Proxy 
direct failed: Failed on navigating ACS-GOTO:
Page.goto: Timeout 30000ms exceeded.
Call log:
  - navigating to "https://emmaspremiumservices.com/collections/food-snacks", 
waiting until "domcontentloaded"
 
[ERROR]... × https://emmaspremiumser...collections/food-snacks  | Error: 
Unexpected error in _crawl_web at line 778 in _crawl_web 
(Library/Python/3.14/lib/python/site-packages/crawl4ai/async_crawler_strategy.py
):
Error: Failed on navigating ACS-GOTO:
Page.goto: Timeout 30000ms exceeded.
Call log:
  - navigating to "https://emmaspremiumservices.com/collections/food-snacks", 
waiting until "domcontentloaded"


Code context:
 773                                   tag="GOTO",
 774                                   params={"url": url},
 775                               )
 776                               response = None
 777                           else:
 778 →                             raise RuntimeError(f"Failed on navigating 
ACS-GOTO:\n{str(e)}")
 779   
 780                       # 
──────────────────────────────────────────────────────────────
 781                       # Walk the redirect chain.  Playwright returns only 
the last
 782                       # hop, so we trace the `request.redirected_from` 
links until the
 783                       # first response that differs from the final one and 
surface its 
  [emmaspremiumservices] FAIL https://emmaspremiumservices.com/collections/food-snacks: Unexpected error in _crawl_web at line 778 in _crawl_web (Library/Python/3.14/lib/python/site-packages/crawl4ai/async_crawler_strategy.py):
Error: Failed on navigating ACS-GOTO:
Page.goto: Timeout 30000ms exceeded.
Call log:
  - navigating to "https://emmaspremiumservices.com/collections/food-snacks", waiting until "domcontentloaded"


Code context:
 773                                   tag="GOTO",
 774                                   params={"url": url},
 775                               )
 776                               response = None
 777                           else:
 778 →                             raise RuntimeError(f"Failed on navigating ACS-GOTO:\n{str(e)}")
 779   
 780                       # ──────────────────────────────────────────────────────────────
 781                       # Walk the redirect chain.  Playwright returns only the last
 782                       # hop, so we trace the `request.redirected_from` links until the
 783                       # first response that differs from the final one and surface its
[ANTIBOT]. ℹ https://nysapprovedvendor.com/shop/                | Error: Proxy 
direct failed: Failed on navigating ACS-GOTO:
Page.goto: Timeout 30000ms exceeded.
Call log:
  - navigating to "https://nysapprovedvendor.com/shop/", waiting until 
"domcontentloaded"
 
[ERROR]... × https://nysapprovedvendor.com/shop/                | Error: 
Unexpected error in _crawl_web at line 778 in _crawl_web 
(Library/Python/3.14/lib/python/site-packages/crawl4ai/async_crawler_strategy.py
):
Error: Failed on navigating ACS-GOTO:
Page.goto: Timeout 30000ms exceeded.
Call log:
  - navigating to "https://nysapprovedvendor.com/shop/", waiting until 
"domcontentloaded"


Code context:
 773                                   tag="GOTO",
 774                                   params={"url": url},
 775                               )
 776                               response = None
 777                           else:
 778 →                             raise RuntimeError(f"Failed on navigating 
ACS-GOTO:\n{str(e)}")
 779   
 780                       # 
──────────────────────────────────────────────────────────────
 781                       # Walk the redirect chain.  Playwright returns only 
the last
 782                       # hop, so we trace the `request.redirected_from` 
links until the
 783                       # first response that differs from the final one and 
surface its 
  [nysapprovedvendor] FAIL https://nysapprovedvendor.com/shop/: Unexpected error in _crawl_web at line 778 in _crawl_web (Library/Python/3.14/lib/python/site-packages/crawl4ai/async_crawler_strategy.py):
Error: Failed on navigating ACS-GOTO:
Page.goto: Timeout 30000ms exceeded.
Call log:
  - navigating to "https://nysapprovedvendor.com/shop/", waiting until "domcontentloaded"


Code context:
 773                                   tag="GOTO",
 774                                   params={"url": url},
 775                               )
 776                               response = None
 777                           else:
 778 →                             raise RuntimeError(f"Failed on navigating ACS-GOTO:\n{str(e)}")
 779   
 780                       # ──────────────────────────────────────────────────────────────
 781                       # Walk the redirect chain.  Playwright returns only the last
 782                       # hop, so we trace the `request.redirected_from` links until the
 783                       # first response that differs from the final one and surface its
[FETCH]... ↓ https://cigessentials.com/collections/all                          
| ✓ | ⏱: 48.80s 
[SCRAPE].. ◆ https://cigessentials.com/collections/all                          
| ✓ | ⏱: 2.48s 
[COMPLETE] ● https://cigessentials.com/collections/all                          
| ✓ | ⏱: 52.04s 
  [cigessentials] https://cigessentials.com/collections/all → 1 products
[ANTIBOT]. ℹ https://skyesthelimitcatalog.com/shop/             | Error: Proxy 
direct failed: Failed on navigating ACS-GOTO:
Page.goto: Timeout 30000ms exceeded.
Call log:
  - navigating to "https://skyesthelimitcatalog.com/shop/", waiting until 
"domcontentloaded"
 
[ERROR]... × https://skyesthelimitcatalog.com/shop/             | Error: 
Unexpected error in _crawl_web at line 778 in _crawl_web 
(Library/Python/3.14/lib/python/site-packages/crawl4ai/async_crawler_strategy.py
):
Error: Failed on navigating ACS-GOTO:
Page.goto: Timeout 30000ms exceeded.
Call log:
  - navigating to "https://skyesthelimitcatalog.com/shop/", waiting until 
"domcontentloaded"


Code context:
 773                                   tag="GOTO",
 774                                   params={"url": url},
 775                               )
 776                               response = None
 777                           else:
 778 →                             raise RuntimeError(f"Failed on navigating 
ACS-GOTO:\n{str(e)}")
 779   
 780                       # 
──────────────────────────────────────────────────────────────
 781                       # Walk the redirect chain.  Playwright returns only 
the last
 782                       # hop, so we trace the `request.redirected_from` 
links until the
 783                       # first response that differs from the final one and 
surface its 
  [skyesthelimit] FAIL https://skyesthelimitcatalog.com/shop/: Unexpected error in _crawl_web at line 778 in _crawl_web (Library/Python/3.14/lib/python/site-packages/crawl4ai/async_crawler_strategy.py):
Error: Failed on navigating ACS-GOTO:
Page.goto: Timeout 30000ms exceeded.
Call log:
  - navigating to "https://skyesthelimitcatalog.com/shop/", waiting until "domcontentloaded"


Code context:
 773                                   tag="GOTO",
 774                                   params={"url": url},
 775                               )
 776                               response = None
 777                           else:
 778 →                             raise RuntimeError(f"Failed on navigating ACS-GOTO:\n{str(e)}")
 779   
 780                       # ──────────────────────────────────────────────────────────────
 781                       # Walk the redirect chain.  Playwright returns only the last
 782                       # hop, so we trace the `request.redirected_from` links until the
 783                       # first response that differs from the final one and surface its
[FETCH]... ↓ https://emmaspremiumservices.com/collections/hygiene               
| ✓ | ⏱: 31.62s 
[SCRAPE].. ◆ https://emmaspremiumservices.com/collections/hygiene               
| ✓ | ⏱: 2.20s 
[COMPLETE] ● https://emmaspremiumservices.com/collections/hygiene               
| ✓ | ⏱: 33.99s 
  [emmaspremiumservices] https://emmaspremiumservices.com/collections/hygiene → 0 products
[FETCH]... ↓ https://emmaspremiumservices.com/collections/clothing              
| ✓ | ⏱: 27.54s 
[SCRAPE].. ◆ https://emmaspremiumservices.com/collections/clothing              
| ✓ | ⏱: 3.06s 
[COMPLETE] ● https://emmaspremiumservices.com/collections/clothing              
| ✓ | ⏱: 30.84s 
  [emmaspremiumservices] https://emmaspremiumservices.com/collections/clothing → 2 products
[FETCH]... ↓ https://emmaspremiumservices.com/collections/electronics           
| ✓ | ⏱: 22.50s 
[SCRAPE].. ◆ https://emmaspremiumservices.com/collections/electronics           
| ✓ | ⏱: 2.60s 
[COMPLETE] ● https://emmaspremiumservices.com/collections/electronics           
| ✓ | ⏱: 25.24s 
  [emmaspremiumservices] https://emmaspremiumservices.com/collections/electronics → 2 products

Compliance check: ['No changes on DOCCS mail/packages page', 'Disapproved vendor list — no changes detected']
New compliant products found: 0

Report saved to: /Users/markususche/Desktop/Vender Resale/research/2026-07-20-daily-report.md
Latest report: /Users/markususche/Desktop/Vender Resale/research/latest-report.md

Done.

============================================================
Vender Resale — Nightly Research — 2026-07-21 02:00
============================================================


[2026-07-21 02:00] Scraping 5 competitor sites...
[FETCH]... ↓ https://plugforinmates.com/collections/all                         
| ✓ | ⏱: 5.67s 
[SCRAPE].. ◆ https://plugforinmates.com/collections/all                         
| ✓ | ⏱: 0.03s 
[COMPLETE] ● https://plugforinmates.com/collections/all                         
| ✓ | ⏱: 5.80s 
  [plugforinmates] https://plugforinmates.com/collections/all → 0 products
[SCRAPE].. ◆ Some images failed to load within timeout 
[SCRAPE].. ◆ Some images failed to load within timeout 
[FETCH]... ↓ https://skyesthelimitcatalog.com/                                  
| ✓ | ⏱: 12.31s 
[SCRAPE].. ◆ https://skyesthelimitcatalog.com/                                  
| ✓ | ⏱: 0.53s 
[COMPLETE] ● https://skyesthelimitcatalog.com/                                  
| ✓ | ⏱: 12.90s 
  [skyesthelimit] https://skyesthelimitcatalog.com/ → 2 products
[FETCH]... ↓ https://cigessentials.com/                                         
| ✓ | ⏱: 15.57s 
[SCRAPE].. ◆ https://cigessentials.com/                                         
| ✓ | ⏱: 0.63s 
[COMPLETE] ● https://cigessentials.com/                                         
| ✓ | ⏱: 16.26s 
  [cigessentials] https://cigessentials.com/ → 16 products
[FETCH]... ↓ https://plugforinmates.com/                                        
| ✓ | ⏱: 10.69s 
[SCRAPE].. ◆ https://plugforinmates.com/                                        
| ✓ | ⏱: 0.15s 
[COMPLETE] ● https://plugforinmates.com/                                        
| ✓ | ⏱: 10.88s 
  [plugforinmates] https://plugforinmates.com/ → 9 products
[SCRAPE].. ◆ Some images failed to load within timeout 
[FETCH]... ↓ https://skyesthelimitcatalog.com/shop/                             
| ✓ | ⏱: 6.09s 
[SCRAPE].. ◆ https://skyesthelimitcatalog.com/shop/                             
| ✓ | ⏱: 0.00s 
[COMPLETE] ● https://skyesthelimitcatalog.com/shop/                             
| ✓ | ⏱: 6.10s 
  [skyesthelimit] https://skyesthelimitcatalog.com/shop/ → 0 products
[FETCH]... ↓ https://emmaspremiumservices.com/collections/all                   
| ✓ | ⏱: 20.81s 
[SCRAPE].. ◆ https://emmaspremiumservices.com/collections/all                   
| ✓ | ⏱: 0.54s 
[COMPLETE] ● https://emmaspremiumservices.com/collections/all                   
| ✓ | ⏱: 21.40s 
  [emmaspremiumservices] https://emmaspremiumservices.com/collections/all → 2 products
[FETCH]... ↓ https://cigessentials.com/collections/all                          
| ✓ | ⏱: 5.70s 
[SCRAPE].. ◆ https://cigessentials.com/collections/all                          
| ✓ | ⏱: 0.22s 
[COMPLETE] ● https://cigessentials.com/collections/all                          
| ✓ | ⏱: 5.97s 
  [cigessentials] https://cigessentials.com/collections/all → 1 products
[FETCH]... ↓ https://nysapprovedvendor.com/                                     
| ✓ | ⏱: 23.38s 
[SCRAPE].. ◆ https://nysapprovedvendor.com/                                     
| ✓ | ⏱: 0.53s 
[COMPLETE] ● https://nysapprovedvendor.com/                                     
| ✓ | ⏱: 23.96s 
  [nysapprovedvendor] https://nysapprovedvendor.com/ → 79 products
[SCRAPE].. ◆ Some images failed to load within timeout 
[FETCH]... ↓ https://emmaspremiumservices.com/collections/food-snacks           
| ✓ | ⏱: 6.94s 
[SCRAPE].. ◆ https://emmaspremiumservices.com/collections/food-snacks           
| ✓ | ⏱: 0.24s 
[COMPLETE] ● https://emmaspremiumservices.com/collections/food-snacks           
| ✓ | ⏱: 7.23s 
  [emmaspremiumservices] https://emmaspremiumservices.com/collections/food-snacks → 0 products
[SCRAPE].. ◆ Some images failed to load within timeout 
[FETCH]... ↓ https://emmaspremiumservices.com/collections/hygiene               
| ✓ | ⏱: 5.71s 
[SCRAPE].. ◆ https://emmaspremiumservices.com/collections/hygiene               
| ✓ | ⏱: 0.23s 
[COMPLETE] ● https://emmaspremiumservices.com/collections/hygiene               
| ✓ | ⏱: 5.97s 
  [emmaspremiumservices] https://emmaspremiumservices.com/collections/hygiene → 0 products
[FETCH]... ↓ https://nysapprovedvendor.com/shop/                                
| ✓ | ⏱: 12.02s 
[SCRAPE].. ◆ https://nysapprovedvendor.com/shop/                                
| ✓ | ⏱: 0.65s 
[COMPLETE] ● https://nysapprovedvendor.com/shop/                                
| ✓ | ⏱: 12.73s 
  [nysapprovedvendor] https://nysapprovedvendor.com/shop/ → 79 products
[SCRAPE].. ◆ Some images failed to load within timeout 
[FETCH]... ↓ https://emmaspremiumservices.com/collections/clothing              
| ✓ | ⏱: 10.69s 
[SCRAPE].. ◆ https://emmaspremiumservices.com/collections/clothing              
| ✓ | ⏱: 0.59s 
[COMPLETE] ● https://emmaspremiumservices.com/collections/clothing              
| ✓ | ⏱: 11.33s 
  [emmaspremiumservices] https://emmaspremiumservices.com/collections/clothing → 2 products
[SCRAPE].. ◆ Some images failed to load within timeout 
[FETCH]... ↓ https://emmaspremiumservices.com/collections/electronics           
| ✓ | ⏱: 10.18s 
[SCRAPE].. ◆ https://emmaspremiumservices.com/collections/electronics           
| ✓ | ⏱: 0.41s 
[COMPLETE] ● https://emmaspremiumservices.com/collections/electronics           
| ✓ | ⏱: 10.63s 
  [emmaspremiumservices] https://emmaspremiumservices.com/collections/electronics → 2 products

Compliance check: ['No changes on DOCCS mail/packages page', 'Disapproved vendor list — no changes detected']
New compliant products found: 0

Report saved to: /Users/markususche/Desktop/Vender Resale/research/2026-07-21-daily-report.md
Latest report: /Users/markususche/Desktop/Vender Resale/research/latest-report.md

Done.

============================================================
Vender Resale — Nightly Research — 2026-07-22 02:00
============================================================


[2026-07-22 02:00] Scraping 5 competitor sites...
[FETCH]... ↓ https://plugforinmates.com/collections/all                         
| ✓ | ⏱: 8.24s 
[SCRAPE].. ◆ https://plugforinmates.com/collections/all                         
| ✓ | ⏱: 0.12s 
[COMPLETE] ● https://plugforinmates.com/collections/all                         
| ✓ | ⏱: 8.56s 
  [plugforinmates] https://plugforinmates.com/collections/all → 0 products
[SCRAPE].. ◆ Some images failed to load within timeout 
[SCRAPE].. ◆ Some images failed to load within timeout 
[FETCH]... ↓ https://skyesthelimitcatalog.com/                                  
| ✓ | ⏱: 18.86s 
[SCRAPE].. ◆ https://skyesthelimitcatalog.com/                                  
| ✓ | ⏱: 0.45s 
[COMPLETE] ● https://skyesthelimitcatalog.com/                                  
| ✓ | ⏱: 19.50s 
  [skyesthelimit] https://skyesthelimitcatalog.com/ → 2 products
[FETCH]... ↓ https://cigessentials.com/                                         
| ✓ | ⏱: 20.59s 
[SCRAPE].. ◆ https://cigessentials.com/                                         
| ✓ | ⏱: 1.61s 
[COMPLETE] ● https://cigessentials.com/                                         
| ✓ | ⏱: 22.34s 
  [cigessentials] https://cigessentials.com/ → 16 products
[SCRAPE].. ◆ Some images failed to load within timeout 
[FETCH]... ↓ https://plugforinmates.com/                                        
| ✓ | ⏱: 16.11s 
[SCRAPE].. ◆ https://plugforinmates.com/                                        
| ✓ | ⏱: 0.18s 
[COMPLETE] ● https://plugforinmates.com/                                        
| ✓ | ⏱: 16.41s 
  [plugforinmates] https://plugforinmates.com/ → 9 products
[SCRAPE].. ◆ Some images failed to load within timeout 
[FETCH]... ↓ https://cigessentials.com/collections/all                          
| ✓ | ⏱: 6.56s 
[SCRAPE].. ◆ https://cigessentials.com/collections/all                          
| ✓ | ⏱: 0.30s 
[COMPLETE] ● https://cigessentials.com/collections/all                          
| ✓ | ⏱: 6.90s 
  [cigessentials] https://cigessentials.com/collections/all → 1 products
[FETCH]... ↓ https://emmaspremiumservices.com/collections/all                   
| ✓ | ⏱: 30.32s 
[SCRAPE].. ◆ https://emmaspremiumservices.com/collections/all                   
| ✓ | ⏱: 0.60s 
[COMPLETE] ● https://emmaspremiumservices.com/collections/all                   
| ✓ | ⏱: 30.97s 
  [emmaspremiumservices] https://emmaspremiumservices.com/collections/all → 2 products
[FETCH]... ↓ https://nysapprovedvendor.com/                                     
| ✓ | ⏱: 32.94s 
[SCRAPE].. ◆ https://nysapprovedvendor.com/                                     
| ✓ | ⏱: 0.75s 
[COMPLETE] ● https://nysapprovedvendor.com/                                     
| ✓ | ⏱: 33.73s 
  [nysapprovedvendor] https://nysapprovedvendor.com/ → 79 products
[SCRAPE].. ◆ Some images failed to load within timeout 
[FETCH]... ↓ https://skyesthelimitcatalog.com/shop/                             
| ✓ | ⏱: 15.95s 
[SCRAPE].. ◆ https://skyesthelimitcatalog.com/shop/                             
| ✓ | ⏱: 0.00s 
[COMPLETE] ● https://skyesthelimitcatalog.com/shop/                             
| ✓ | ⏱: 15.99s 
  [skyesthelimit] https://skyesthelimitcatalog.com/shop/ → 0 products
[FETCH]... ↓ https://emmaspremiumservices.com/collections/food-snacks           
| ✓ | ⏱: 7.67s 
[SCRAPE].. ◆ https://emmaspremiumservices.com/collections/food-snacks           
| ✓ | ⏱: 0.28s 
[COMPLETE] ● https://emmaspremiumservices.com/collections/food-snacks           
| ✓ | ⏱: 8.01s 
  [emmaspremiumservices] https://emmaspremiumservices.com/collections/food-snacks → 0 products
[SCRAPE].. ◆ Some images failed to load within timeout 
[SCRAPE].. ◆ Some images failed to load within timeout 
[FETCH]... ↓ https://emmaspremiumservices.com/collections/hygiene               
| ✓ | ⏱: 7.63s 
[SCRAPE].. ◆ https://emmaspremiumservices.com/collections/hygiene               
| ✓ | ⏱: 0.35s 
[COMPLETE] ● https://emmaspremiumservices.com/collections/hygiene               
| ✓ | ⏱: 8.02s 
  [emmaspremiumservices] https://emmaspremiumservices.com/collections/hygiene → 0 products
[FETCH]... ↓ https://nysapprovedvendor.com/shop/                                
| ✓ | ⏱: 15.19s 
[SCRAPE].. ◆ https://nysapprovedvendor.com/shop/                                
| ✓ | ⏱: 0.68s 
[COMPLETE] ● https://nysapprovedvendor.com/shop/                                
| ✓ | ⏱: 15.91s 
  [nysapprovedvendor] https://nysapprovedvendor.com/shop/ → 79 products
[SCRAPE].. ◆ Some images failed to load within timeout 
[FETCH]... ↓ https://emmaspremiumservices.com/collections/clothing              
| ✓ | ⏱: 11.74s 
[SCRAPE].. ◆ https://emmaspremiumservices.com/collections/clothing              
| ✓ | ⏱: 0.51s 
[COMPLETE] ● https://emmaspremiumservices.com/collections/clothing              
| ✓ | ⏱: 12.30s 
  [emmaspremiumservices] https://emmaspremiumservices.com/collections/clothing → 2 products
[SCRAPE].. ◆ Some images failed to load within timeout 
[FETCH]... ↓ https://emmaspremiumservices.com/collections/electronics           
| ✓ | ⏱: 10.69s 
[SCRAPE].. ◆ https://emmaspremiumservices.com/collections/electronics           
| ✓ | ⏱: 0.46s 
[COMPLETE] ● https://emmaspremiumservices.com/collections/electronics           
| ✓ | ⏱: 11.19s 
  [emmaspremiumservices] https://emmaspremiumservices.com/collections/electronics → 2 products

Compliance check: ['No changes on DOCCS mail/packages page', 'Disapproved vendor list — no changes detected']
New compliant products found: 0

Report saved to: /Users/markususche/Desktop/Vender Resale/research/2026-07-22-daily-report.md
Latest report: /Users/markususche/Desktop/Vender Resale/research/latest-report.md

Done.

============================================================
Vender Resale — Nightly Research — 2026-07-23 02:00
============================================================


[2026-07-23 02:00] Scraping 5 competitor sites...
[FETCH]... ↓ https://plugforinmates.com/collections/all                         
| ✓ | ⏱: 5.28s 
[SCRAPE].. ◆ https://plugforinmates.com/collections/all                         
| ✓ | ⏱: 0.03s 
[COMPLETE] ● https://plugforinmates.com/collections/all                         
| ✓ | ⏱: 5.37s 
  [plugforinmates] https://plugforinmates.com/collections/all → 0 products
[SCRAPE].. ◆ Some images failed to load within timeout 
[SCRAPE].. ◆ Some images failed to load within timeout 
[FETCH]... ↓ https://skyesthelimitcatalog.com/                                  
| ✓ | ⏱: 10.50s 
[SCRAPE].. ◆ https://skyesthelimitcatalog.com/                                  
| ✓ | ⏱: 0.19s 
[COMPLETE] ● https://skyesthelimitcatalog.com/                                  
| ✓ | ⏱: 10.73s 
  [skyesthelimit] https://skyesthelimitcatalog.com/ → 2 products
[SCRAPE].. ◆ Some images failed to load within timeout 
[SCRAPE].. ◆ Some images failed to load within timeout 
[FETCH]... ↓ https://cigessentials.com/                                         
| ✓ | ⏱: 13.38s 
[SCRAPE].. ◆ https://cigessentials.com/                                         
| ✓ | ⏱: 0.39s 
[COMPLETE] ● https://cigessentials.com/                                         
| ✓ | ⏱: 13.80s 
  [cigessentials] https://cigessentials.com/ → 16 products
[FETCH]... ↓ https://skyesthelimitcatalog.com/shop/                             
| ✓ | ⏱: 3.33s 
[SCRAPE].. ◆ https://skyesthelimitcatalog.com/shop/                             
| ✓ | ⏱: 0.00s 
[COMPLETE] ● https://skyesthelimitcatalog.com/shop/                             
| ✓ | ⏱: 3.35s 
  [skyesthelimit] https://skyesthelimitcatalog.com/shop/ → 0 products
[FETCH]... ↓ https://plugforinmates.com/                                        
| ✓ | ⏱: 8.81s 
[SCRAPE].. ◆ https://plugforinmates.com/                                        
| ✓ | ⏱: 0.15s 
[COMPLETE] ● https://plugforinmates.com/                                        
| ✓ | ⏱: 9.02s 
  [plugforinmates] https://plugforinmates.com/ → 9 products
[FETCH]... ↓ https://cigessentials.com/collections/all                          
| ✓ | ⏱: 4.92s 
[SCRAPE].. ◆ https://cigessentials.com/collections/all                          
| ✓ | ⏱: 0.12s 
[COMPLETE] ● https://cigessentials.com/collections/all                          
| ✓ | ⏱: 5.07s 
  [cigessentials] https://cigessentials.com/collections/all → 1 products
[FETCH]... ↓ https://emmaspremiumservices.com/collections/all                   
| ✓ | ⏱: 19.18s 
[SCRAPE].. ◆ https://emmaspremiumservices.com/collections/all                   
| ✓ | ⏱: 0.38s 
[COMPLETE] ● https://emmaspremiumservices.com/collections/all                   
| ✓ | ⏱: 19.59s 
  [emmaspremiumservices] https://emmaspremiumservices.com/collections/all → 2 products
[FETCH]... ↓ https://nysapprovedvendor.com/                                     
| ✓ | ⏱: 20.10s 
[SCRAPE].. ◆ https://nysapprovedvendor.com/                                     
| ✓ | ⏱: 0.83s 
[COMPLETE] ● https://nysapprovedvendor.com/                                     
| ✓ | ⏱: 21.06s 
  [nysapprovedvendor] https://nysapprovedvendor.com/ → 79 products
[SCRAPE].. ◆ Some images failed to load within timeout 
[SCRAPE].. ◆ Some images failed to load within timeout 
[FETCH]... ↓ https://emmaspremiumservices.com/collections/food-snacks           
| ✓ | ⏱: 6.18s 
[SCRAPE].. ◆ https://emmaspremiumservices.com/collections/food-snacks           
| ✓ | ⏱: 0.16s 
[COMPLETE] ● https://emmaspremiumservices.com/collections/food-snacks           
| ✓ | ⏱: 6.36s 
  [emmaspremiumservices] https://emmaspremiumservices.com/collections/food-snacks → 0 products
[FETCH]... ↓ https://emmaspremiumservices.com/collections/hygiene               
| ✓ | ⏱: 4.51s 
[SCRAPE].. ◆ https://emmaspremiumservices.com/collections/hygiene               
| ✓ | ⏱: 0.20s 
[COMPLETE] ● https://emmaspremiumservices.com/collections/hygiene               
| ✓ | ⏱: 4.73s 
  [emmaspremiumservices] https://emmaspremiumservices.com/collections/hygiene → 0 products
[FETCH]... ↓ https://nysapprovedvendor.com/shop/                                
| ✓ | ⏱: 10.72s 
[SCRAPE].. ◆ https://nysapprovedvendor.com/shop/                                
| ✓ | ⏱: 0.66s 
[COMPLETE] ● https://nysapprovedvendor.com/shop/                                
| ✓ | ⏱: 11.42s 
  [nysapprovedvendor] https://nysapprovedvendor.com/shop/ → 79 products
[SCRAPE].. ◆ Some images failed to load within timeout 
[FETCH]... ↓ https://emmaspremiumservices.com/collections/clothing              
| ✓ | ⏱: 10.28s 
[SCRAPE].. ◆ https://emmaspremiumservices.com/collections/clothing              
| ✓ | ⏱: 0.39s 
[COMPLETE] ● https://emmaspremiumservices.com/collections/clothing              
| ✓ | ⏱: 10.70s 
  [emmaspremiumservices] https://emmaspremiumservices.com/collections/clothing → 2 products
[SCRAPE].. ◆ Some images failed to load within timeout 
[FETCH]... ↓ https://emmaspremiumservices.com/collections/electronics           
| ✓ | ⏱: 9.24s 
[SCRAPE].. ◆ https://emmaspremiumservices.com/collections/electronics           
| ✓ | ⏱: 0.36s 
[COMPLETE] ● https://emmaspremiumservices.com/collections/electronics           
| ✓ | ⏱: 9.63s 
  [emmaspremiumservices] https://emmaspremiumservices.com/collections/electronics → 2 products

Compliance check: ['No changes on DOCCS mail/packages page', 'Disapproved vendor list — no changes detected']
New compliant products found: 0

Report saved to: /Users/markususche/Desktop/Vender Resale/research/2026-07-23-daily-report.md
Latest report: /Users/markususche/Desktop/Vender Resale/research/latest-report.md

Done.

============================================================
Vender Resale — Nightly Research — 2026-07-24 02:00
============================================================


[2026-07-24 02:00] Scraping 5 competitor sites...
[SCRAPE].. ◆ Some images failed to load within timeout 
[FETCH]... ↓ https://plugforinmates.com/collections/all                         
| ✓ | ⏱: 6.94s 
[SCRAPE].. ◆ https://plugforinmates.com/collections/all                         
| ✓ | ⏱: 0.03s 
[COMPLETE] ● https://plugforinmates.com/collections/all                         
| ✓ | ⏱: 7.01s 
  [plugforinmates] https://plugforinmates.com/collections/all → 0 products
[SCRAPE].. ◆ Some images failed to load within timeout 
[FETCH]... ↓ https://skyesthelimitcatalog.com/                                  
| ✓ | ⏱: 12.90s 
[SCRAPE].. ◆ https://skyesthelimitcatalog.com/                                  
| ✓ | ⏱: 0.28s 
[COMPLETE] ● https://skyesthelimitcatalog.com/                                  
| ✓ | ⏱: 13.24s 
  [skyesthelimit] https://skyesthelimitcatalog.com/ → 2 products
[SCRAPE].. ◆ Some images failed to load within timeout 
[FETCH]... ↓ https://cigessentials.com/                                         
| ✓ | ⏱: 15.77s 
[SCRAPE].. ◆ https://cigessentials.com/                                         
| ✓ | ⏱: 0.51s 
[COMPLETE] ● https://cigessentials.com/                                         
| ✓ | ⏱: 16.32s 
  [cigessentials] https://cigessentials.com/ → 16 products
[FETCH]... ↓ https://plugforinmates.com/                                        
| ✓ | ⏱: 9.58s 
[SCRAPE].. ◆ https://plugforinmates.com/                                        
| ✓ | ⏱: 0.07s 
[COMPLETE] ● https://plugforinmates.com/                                        
| ✓ | ⏱: 9.67s 
  [plugforinmates] https://plugforinmates.com/ → 9 products
[FETCH]... ↓ https://skyesthelimitcatalog.com/shop/                             
| ✓ | ⏱: 4.43s 
[SCRAPE].. ◆ https://skyesthelimitcatalog.com/shop/                             
| ✓ | ⏱: 0.00s 
[COMPLETE] ● https://skyesthelimitcatalog.com/shop/                             
| ✓ | ⏱: 4.45s 
  [skyesthelimit] https://skyesthelimitcatalog.com/shop/ → 0 products
[FETCH]... ↓ https://emmaspremiumservices.com/collections/all                   
| ✓ | ⏱: 21.42s 
[SCRAPE].. ◆ https://emmaspremiumservices.com/collections/all                   
| ✓ | ⏱: 0.50s 
[COMPLETE] ● https://emmaspremiumservices.com/collections/all                   
| ✓ | ⏱: 21.96s 
  [emmaspremiumservices] https://emmaspremiumservices.com/collections/all → 2 products
[FETCH]... ↓ https://cigessentials.com/collections/all                          
| ✓ | ⏱: 5.67s 
[SCRAPE].. ◆ https://cigessentials.com/collections/all                          
| ✓ | ⏱: 0.23s 
[COMPLETE] ● https://cigessentials.com/collections/all                          
| ✓ | ⏱: 5.94s 
  [cigessentials] https://cigessentials.com/collections/all → 1 products
[FETCH]... ↓ https://nysapprovedvendor.com/                                     
| ✓ | ⏱: 23.03s 
[SCRAPE].. ◆ https://nysapprovedvendor.com/                                     
| ✓ | ⏱: 0.41s 
[COMPLETE] ● https://nysapprovedvendor.com/                                     
| ✓ | ⏱: 23.47s 
  [nysapprovedvendor] https://nysapprovedvendor.com/ → 79 products
[SCRAPE].. ◆ Some images failed to load within timeout 
[FETCH]... ↓ https://emmaspremiumservices.com/collections/food-snacks           
| ✓ | ⏱: 5.91s 
[SCRAPE].. ◆ https://emmaspremiumservices.com/collections/food-snacks           
| ✓ | ⏱: 0.19s 
[COMPLETE] ● https://emmaspremiumservices.com/collections/food-snacks           
| ✓ | ⏱: 6.13s 
  [emmaspremiumservices] https://emmaspremiumservices.com/collections/food-snacks → 0 products
[SCRAPE].. ◆ Some images failed to load within timeout 
[SCRAPE].. ◆ Some images failed to load within timeout 
[FETCH]... ↓ https://emmaspremiumservices.com/collections/hygiene               
| ✓ | ⏱: 6.16s 
[SCRAPE].. ◆ https://emmaspremiumservices.com/collections/hygiene               
| ✓ | ⏱: 0.24s 
[COMPLETE] ● https://emmaspremiumservices.com/collections/hygiene               
| ✓ | ⏱: 6.44s 
  [emmaspremiumservices] https://emmaspremiumservices.com/collections/hygiene → 0 products
[FETCH]... ↓ https://nysapprovedvendor.com/shop/                                
| ✓ | ⏱: 11.11s 
[SCRAPE].. ◆ https://nysapprovedvendor.com/shop/                                
| ✓ | ⏱: 0.36s 
[COMPLETE] ● https://nysapprovedvendor.com/shop/                                
| ✓ | ⏱: 11.50s 
  [nysapprovedvendor] https://nysapprovedvendor.com/shop/ → 79 products
[SCRAPE].. ◆ Some images failed to load within timeout 
[FETCH]... ↓ https://emmaspremiumservices.com/collections/clothing              
| ✓ | ⏱: 9.49s 
[SCRAPE].. ◆ https://emmaspremiumservices.com/collections/clothing              
| ✓ | ⏱: 0.49s 
[COMPLETE] ● https://emmaspremiumservices.com/collections/clothing              
| ✓ | ⏱: 10.01s 
  [emmaspremiumservices] https://emmaspremiumservices.com/collections/clothing → 2 products
[SCRAPE].. ◆ Some images failed to load within timeout 
[FETCH]... ↓ https://emmaspremiumservices.com/collections/electronics           
| ✓ | ⏱: 9.12s 
[SCRAPE].. ◆ https://emmaspremiumservices.com/collections/electronics           
| ✓ | ⏱: 0.36s 
[COMPLETE] ● https://emmaspremiumservices.com/collections/electronics           
| ✓ | ⏱: 9.51s 
  [emmaspremiumservices] https://emmaspremiumservices.com/collections/electronics → 2 products

Compliance check: ['No changes on DOCCS mail/packages page', 'Disapproved vendor list — no changes detected']
New compliant products found: 0

Report saved to: /Users/markususche/Desktop/Vender Resale/research/2026-07-24-daily-report.md
Latest report: /Users/markususche/Desktop/Vender Resale/research/latest-report.md

Done.

============================================================
Vender Resale — Nightly Research — 2026-07-25 02:00
============================================================


[2026-07-25 02:00] Scraping 5 competitor sites...
[SCRAPE].. ◆ Some images failed to load within timeout 
[FETCH]... ↓ https://plugforinmates.com/collections/all                         
| ✓ | ⏱: 10.79s 
[SCRAPE].. ◆ https://plugforinmates.com/collections/all                         
| ✓ | ⏱: 0.04s 
[COMPLETE] ● https://plugforinmates.com/collections/all                         
| ✓ | ⏱: 10.86s 
  [plugforinmates] https://plugforinmates.com/collections/all → 0 products
[SCRAPE].. ◆ Some images failed to load within timeout 
[SCRAPE].. ◆ Some images failed to load within timeout 
[FETCH]... ↓ https://skyesthelimitcatalog.com/                                  
| ✓ | ⏱: 18.26s 
[SCRAPE].. ◆ https://skyesthelimitcatalog.com/                                  
| ✓ | ⏱: 0.29s 
[COMPLETE] ● https://skyesthelimitcatalog.com/                                  
| ✓ | ⏱: 18.70s 
  [skyesthelimit] https://skyesthelimitcatalog.com/ → 2 products
[FETCH]... ↓ https://cigessentials.com/                                         
| ✓ | ⏱: 19.73s 
[SCRAPE].. ◆ https://cigessentials.com/                                         
| ✓ | ⏱: 1.44s 
[COMPLETE] ● https://cigessentials.com/                                         
| ✓ | ⏱: 21.21s 
  [cigessentials] https://cigessentials.com/ → 16 products
[SCRAPE].. ◆ Some images failed to load within timeout 
[FETCH]... ↓ https://skyesthelimitcatalog.com/shop/                             
| ✓ | ⏱: 4.99s 
[SCRAPE].. ◆ https://skyesthelimitcatalog.com/shop/                             
| ✓ | ⏱: 0.01s 
[COMPLETE] ● https://skyesthelimitcatalog.com/shop/                             
| ✓ | ⏱: 5.04s 
  [skyesthelimit] https://skyesthelimitcatalog.com/shop/ → 0 products
[FETCH]... ↓ https://plugforinmates.com/                                        
| ✓ | ⏱: 13.92s 
[SCRAPE].. ◆ https://plugforinmates.com/                                        
| ✓ | ⏱: 0.19s 
[COMPLETE] ● https://plugforinmates.com/                                        
| ✓ | ⏱: 14.18s 
  [plugforinmates] https://plugforinmates.com/ → 9 products
[SCRAPE].. ◆ Some images failed to load within timeout 
[FETCH]... ↓ https://cigessentials.com/collections/all                          
| ✓ | ⏱: 8.54s 
[SCRAPE].. ◆ https://cigessentials.com/collections/all                          
| ✓ | ⏱: 0.23s 
[COMPLETE] ● https://cigessentials.com/collections/all                          
| ✓ | ⏱: 8.82s 
  [cigessentials] https://cigessentials.com/collections/all → 1 products
[FETCH]... ↓ https://emmaspremiumservices.com/collections/all                   
| ✓ | ⏱: 31.27s 
[SCRAPE].. ◆ https://emmaspremiumservices.com/collections/all                   
| ✓ | ⏱: 0.67s 
[COMPLETE] ● https://emmaspremiumservices.com/collections/all                   
| ✓ | ⏱: 32.00s 
  [emmaspremiumservices] https://emmaspremiumservices.com/collections/all → 2 products
[FETCH]... ↓ https://nysapprovedvendor.com/                                     
| ✓ | ⏱: 34.00s 
[SCRAPE].. ◆ https://nysapprovedvendor.com/                                     
| ✓ | ⏱: 1.14s 
[COMPLETE] ● https://nysapprovedvendor.com/                                     
| ✓ | ⏱: 35.24s 
  [nysapprovedvendor] https://nysapprovedvendor.com/ → 78 products
[FETCH]... ↓ https://emmaspremiumservices.com/collections/food-snacks           
| ✓ | ⏱: 6.82s 
[SCRAPE].. ◆ https://emmaspremiumservices.com/collections/food-snacks           
| ✓ | ⏱: 0.32s 
[COMPLETE] ● https://emmaspremiumservices.com/collections/food-snacks           
| ✓ | ⏱: 7.20s 
  [emmaspremiumservices] https://emmaspremiumservices.com/collections/food-snacks → 0 products
[SCRAPE].. ◆ Some images failed to load within timeout 
[FETCH]... ↓ https://emmaspremiumservices.com/collections/hygiene               
| ✓ | ⏱: 7.50s 
[SCRAPE].. ◆ https://emmaspremiumservices.com/collections/hygiene               
| ✓ | ⏱: 0.32s 
[COMPLETE] ● https://emmaspremiumservices.com/collections/hygiene               
| ✓ | ⏱: 7.98s 
  [emmaspremiumservices] https://emmaspremiumservices.com/collections/hygiene → 0 products
[FETCH]... ↓ https://nysapprovedvendor.com/shop/                                
| ✓ | ⏱: 16.12s 
[SCRAPE].. ◆ https://nysapprovedvendor.com/shop/                                
| ✓ | ⏱: 1.13s 
[COMPLETE] ● https://nysapprovedvendor.com/shop/                                
| ✓ | ⏱: 17.31s 
  [nysapprovedvendor] https://nysapprovedvendor.com/shop/ → 79 products
[SCRAPE].. ◆ Some images failed to load within timeout 
[FETCH]... ↓ https://emmaspremiumservices.com/collections/clothing              
| ✓ | ⏱: 12.47s 
[SCRAPE].. ◆ https://emmaspremiumservices.com/collections/clothing              
| ✓ | ⏱: 0.68s 
[COMPLETE] ● https://emmaspremiumservices.com/collections/clothing              
| ✓ | ⏱: 13.21s 
  [emmaspremiumservices] https://emmaspremiumservices.com/collections/clothing → 2 products
[SCRAPE].. ◆ Some images failed to load within timeout 
[FETCH]... ↓ https://emmaspremiumservices.com/collections/electronics           
| ✓ | ⏱: 10.62s 
[SCRAPE].. ◆ https://emmaspremiumservices.com/collections/electronics           
| ✓ | ⏱: 0.56s 
[COMPLETE] ● https://emmaspremiumservices.com/collections/electronics           
| ✓ | ⏱: 11.22s 
  [emmaspremiumservices] https://emmaspremiumservices.com/collections/electronics → 2 products

Compliance check: ['No changes on DOCCS mail/packages page', 'Disapproved vendor list — no changes detected']
New compliant products found: 0

Report saved to: /Users/markususche/Desktop/Vender Resale/research/2026-07-25-daily-report.md
Latest report: /Users/markususche/Desktop/Vender Resale/research/latest-report.md

Done.

============================================================
Vender Resale — Nightly Research — 2026-07-26 02:00
============================================================


[2026-07-26 02:00] Scraping 5 competitor sites...
[FETCH]... ↓ https://plugforinmates.com/collections/all                         
| ✓ | ⏱: 6.21s 
[SCRAPE].. ◆ https://plugforinmates.com/collections/all                         
| ✓ | ⏱: 0.02s 
[COMPLETE] ● https://plugforinmates.com/collections/all                         
| ✓ | ⏱: 6.32s 
  [plugforinmates] https://plugforinmates.com/collections/all → 0 products
[SCRAPE].. ◆ Some images failed to load within timeout 
[SCRAPE].. ◆ Some images failed to load within timeout 
[FETCH]... ↓ https://skyesthelimitcatalog.com/                                  
| ✓ | ⏱: 13.13s 
[SCRAPE].. ◆ https://skyesthelimitcatalog.com/                                  
| ✓ | ⏱: 0.20s 
[COMPLETE] ● https://skyesthelimitcatalog.com/                                  
| ✓ | ⏱: 13.40s 
  [skyesthelimit] https://skyesthelimitcatalog.com/ → 2 products
[SCRAPE].. ◆ Some images failed to load within timeout 
[FETCH]... ↓ https://plugforinmates.com/                                        
| ✓ | ⏱: 9.15s 
[SCRAPE].. ◆ https://plugforinmates.com/                                        
| ✓ | ⏱: 0.13s 
[COMPLETE] ● https://plugforinmates.com/                                        
| ✓ | ⏱: 9.41s 
  [plugforinmates] https://plugforinmates.com/ → 9 products
[FETCH]... ↓ https://cigessentials.com/                                         
| ✓ | ⏱: 16.01s 
[SCRAPE].. ◆ https://cigessentials.com/                                         
| ✓ | ⏱: 0.81s 
[COMPLETE] ● https://cigessentials.com/                                         
| ✓ | ⏱: 16.87s 
  [cigessentials] https://cigessentials.com/ → 16 products
[FETCH]... ↓ https://emmaspremiumservices.com/collections/all                   
| ✓ | ⏱: 20.08s 
[SCRAPE].. ◆ https://emmaspremiumservices.com/collections/all                   
| ✓ | ⏱: 0.50s 
[COMPLETE] ● https://emmaspremiumservices.com/collections/all                   
| ✓ | ⏱: 20.63s 
  [emmaspremiumservices] https://emmaspremiumservices.com/collections/all → 2 products
[FETCH]... ↓ https://skyesthelimitcatalog.com/shop/                             
| ✓ | ⏱: 7.29s 
[SCRAPE].. ◆ https://skyesthelimitcatalog.com/shop/                             
| ✓ | ⏱: 0.00s 
[COMPLETE] ● https://skyesthelimitcatalog.com/shop/                             
| ✓ | ⏱: 7.31s 
  [skyesthelimit] https://skyesthelimitcatalog.com/shop/ → 0 products
[FETCH]... ↓ https://cigessentials.com/collections/all                          
| ✓ | ⏱: 5.50s 
[SCRAPE].. ◆ https://cigessentials.com/collections/all                          
| ✓ | ⏱: 0.14s 
[COMPLETE] ● https://cigessentials.com/collections/all                          
| ✓ | ⏱: 5.67s 
  [cigessentials] https://cigessentials.com/collections/all → 1 products
[FETCH]... ↓ https://nysapprovedvendor.com/                                     
| ✓ | ⏱: 22.91s 
[SCRAPE].. ◆ https://nysapprovedvendor.com/                                     
| ✓ | ⏱: 0.51s 
[COMPLETE] ● https://nysapprovedvendor.com/                                     
| ✓ | ⏱: 23.47s 
  [nysapprovedvendor] https://nysapprovedvendor.com/ → 79 products
[SCRAPE].. ◆ Some images failed to load within timeout 
[FETCH]... ↓ https://emmaspremiumservices.com/collections/food-snacks           
| ✓ | ⏱: 7.07s 
[SCRAPE].. ◆ https://emmaspremiumservices.com/collections/food-snacks           
| ✓ | ⏱: 0.19s 
[COMPLETE] ● https://emmaspremiumservices.com/collections/food-snacks           
| ✓ | ⏱: 7.29s 
  [emmaspremiumservices] https://emmaspremiumservices.com/collections/food-snacks → 0 products
[SCRAPE].. ◆ Some images failed to load within timeout 
[SCRAPE].. ◆ Some images failed to load within timeout 
[FETCH]... ↓ https://emmaspremiumservices.com/collections/hygiene               
| ✓ | ⏱: 5.80s 
[SCRAPE].. ◆ https://emmaspremiumservices.com/collections/hygiene               
| ✓ | ⏱: 0.19s 
[COMPLETE] ● https://emmaspremiumservices.com/collections/hygiene               
| ✓ | ⏱: 6.02s 
  [emmaspremiumservices] https://emmaspremiumservices.com/collections/hygiene → 0 products
[FETCH]... ↓ https://nysapprovedvendor.com/shop/                                
| ✓ | ⏱: 10.85s 
[SCRAPE].. ◆ https://nysapprovedvendor.com/shop/                                
| ✓ | ⏱: 0.38s 
[COMPLETE] ● https://nysapprovedvendor.com/shop/                                
| ✓ | ⏱: 11.26s 
  [nysapprovedvendor] https://nysapprovedvendor.com/shop/ → 79 products
[SCRAPE].. ◆ Some images failed to load within timeout 
[FETCH]... ↓ https://emmaspremiumservices.com/collections/clothing              
| ✓ | ⏱: 10.27s 
[SCRAPE].. ◆ https://emmaspremiumservices.com/collections/clothing              
| ✓ | ⏱: 0.46s 
[COMPLETE] ● https://emmaspremiumservices.com/collections/clothing              
| ✓ | ⏱: 10.77s 
  [emmaspremiumservices] https://emmaspremiumservices.com/collections/clothing → 2 products
[SCRAPE].. ◆ Some images failed to load within timeout 
[FETCH]... ↓ https://emmaspremiumservices.com/collections/electronics           
| ✓ | ⏱: 10.09s 
[SCRAPE].. ◆ https://emmaspremiumservices.com/collections/electronics           
| ✓ | ⏱: 0.39s 
[COMPLETE] ● https://emmaspremiumservices.com/collections/electronics           
| ✓ | ⏱: 10.51s 
  [emmaspremiumservices] https://emmaspremiumservices.com/collections/electronics → 2 products

Compliance check: ['No changes on DOCCS mail/packages page', 'Disapproved vendor list — no changes detected']
New compliant products found: 0

Report saved to: /Users/markususche/Desktop/Vender Resale/research/2026-07-26-daily-report.md
Latest report: /Users/markususche/Desktop/Vender Resale/research/latest-report.md

Done.

============================================================
Vender Resale — Nightly Research — 2026-07-27 02:00
============================================================


[2026-07-27 02:00] Scraping 5 competitor sites...
[SCRAPE].. ◆ Some images failed to load within timeout 
[FETCH]... ↓ https://plugforinmates.com/collections/all                         
| ✓ | ⏱: 5.02s 
[SCRAPE].. ◆ https://plugforinmates.com/collections/all                         
| ✓ | ⏱: 0.01s 
[COMPLETE] ● https://plugforinmates.com/collections/all                         
| ✓ | ⏱: 5.04s 
  [plugforinmates] https://plugforinmates.com/collections/all → 0 products
[SCRAPE].. ◆ Some images failed to load within timeout 
[FETCH]... ↓ https://skyesthelimitcatalog.com/                                  
| ✓ | ⏱: 10.62s 
[SCRAPE].. ◆ https://skyesthelimitcatalog.com/                                  
| ✓ | ⏱: 0.22s 
[COMPLETE] ● https://skyesthelimitcatalog.com/                                  
| ✓ | ⏱: 10.88s 
  [skyesthelimit] https://skyesthelimitcatalog.com/ → 2 products
[FETCH]... ↓ https://skyesthelimitcatalog.com/shop/                             
| ✓ | ⏱: 1.35s 
[SCRAPE].. ◆ https://skyesthelimitcatalog.com/shop/                             
| ✓ | ⏱: 0.00s 
[COMPLETE] ● https://skyesthelimitcatalog.com/shop/                             
| ✓ | ⏱: 1.37s 
  [skyesthelimit] https://skyesthelimitcatalog.com/shop/ → 0 products
[SCRAPE].. ◆ Some images failed to load within timeout 
[FETCH]... ↓ https://cigessentials.com/                                         
| ✓ | ⏱: 12.97s 
[SCRAPE].. ◆ https://cigessentials.com/                                         
| ✓ | ⏱: 0.42s 
[COMPLETE] ● https://cigessentials.com/                                         
| ✓ | ⏱: 13.43s 
  [cigessentials] https://cigessentials.com/ → 16 products
[FETCH]... ↓ https://plugforinmates.com/                                        
| ✓ | ⏱: 9.28s 
[SCRAPE].. ◆ https://plugforinmates.com/                                        
| ✓ | ⏱: 0.07s 
[COMPLETE] ● https://plugforinmates.com/                                        
| ✓ | ⏱: 9.39s 
  [plugforinmates] https://plugforinmates.com/ → 9 products
[FETCH]... ↓ https://emmaspremiumservices.com/collections/all                   
| ✓ | ⏱: 17.14s 
[SCRAPE].. ◆ https://emmaspremiumservices.com/collections/all                   
| ✓ | ⏱: 0.48s 
[COMPLETE] ● https://emmaspremiumservices.com/collections/all                   
| ✓ | ⏱: 17.66s 
  [emmaspremiumservices] https://emmaspremiumservices.com/collections/all → 2 products
[FETCH]... ↓ https://cigessentials.com/collections/all                          
| ✓ | ⏱: 5.17s 
[SCRAPE].. ◆ https://cigessentials.com/collections/all                          
| ✓ | ⏱: 0.13s 
[COMPLETE] ● https://cigessentials.com/collections/all                          
| ✓ | ⏱: 5.33s 
  [cigessentials] https://cigessentials.com/collections/all → 1 products
[FETCH]... ↓ https://nysapprovedvendor.com/                                     
| ✓ | ⏱: 19.30s 
[SCRAPE].. ◆ https://nysapprovedvendor.com/                                     
| ✓ | ⏱: 0.42s 
[COMPLETE] ● https://nysapprovedvendor.com/                                     
| ✓ | ⏱: 19.75s 
  [nysapprovedvendor] https://nysapprovedvendor.com/ → 79 products
[SCRAPE].. ◆ Some images failed to load within timeout 
[FETCH]... ↓ https://emmaspremiumservices.com/collections/food-snacks           
| ✓ | ⏱: 6.31s 
[SCRAPE].. ◆ https://emmaspremiumservices.com/collections/food-snacks           
| ✓ | ⏱: 0.17s 
[COMPLETE] ● https://emmaspremiumservices.com/collections/food-snacks           
| ✓ | ⏱: 6.51s 
  [emmaspremiumservices] https://emmaspremiumservices.com/collections/food-snacks → 0 products
[SCRAPE].. ◆ Some images failed to load within timeout 
[SCRAPE].. ◆ Some images failed to load within timeout 
[FETCH]... ↓ https://emmaspremiumservices.com/collections/hygiene               
| ✓ | ⏱: 5.69s 
[SCRAPE].. ◆ https://emmaspremiumservices.com/collections/hygiene               
| ✓ | ⏱: 0.20s 
[COMPLETE] ● https://emmaspremiumservices.com/collections/hygiene               
| ✓ | ⏱: 5.92s 
  [emmaspremiumservices] https://emmaspremiumservices.com/collections/hygiene → 0 products
[FETCH]... ↓ https://nysapprovedvendor.com/shop/                                
| ✓ | ⏱: 10.83s 
[SCRAPE].. ◆ https://nysapprovedvendor.com/shop/                                
| ✓ | ⏱: 0.42s 
[COMPLETE] ● https://nysapprovedvendor.com/shop/                                
| ✓ | ⏱: 11.41s 
  [nysapprovedvendor] https://nysapprovedvendor.com/shop/ → 79 products
[SCRAPE].. ◆ Some images failed to load within timeout 
[FETCH]... ↓ https://emmaspremiumservices.com/collections/clothing              
| ✓ | ⏱: 9.45s 
[SCRAPE].. ◆ https://emmaspremiumservices.com/collections/clothing              
| ✓ | ⏱: 0.42s 
[COMPLETE] ● https://emmaspremiumservices.com/collections/clothing              
| ✓ | ⏱: 9.91s 
  [emmaspremiumservices] https://emmaspremiumservices.com/collections/clothing → 2 products
[SCRAPE].. ◆ Some images failed to load within timeout 
[FETCH]... ↓ https://emmaspremiumservices.com/collections/electronics           
| ✓ | ⏱: 9.33s 
[SCRAPE].. ◆ https://emmaspremiumservices.com/collections/electronics           
| ✓ | ⏱: 0.39s 
[COMPLETE] ● https://emmaspremiumservices.com/collections/electronics           
| ✓ | ⏱: 9.75s 
  [emmaspremiumservices] https://emmaspremiumservices.com/collections/electronics → 2 products

Compliance check: ['No changes on DOCCS mail/packages page', 'Disapproved vendor list — no changes detected']
New compliant products found: 0

Report saved to: /Users/markususche/Desktop/Vender Resale/research/2026-07-27-daily-report.md
Latest report: /Users/markususche/Desktop/Vender Resale/research/latest-report.md

Done.

============================================================
Vender Resale — Nightly Research — 2026-07-28 02:00
============================================================


[2026-07-28 02:00] Scraping 5 competitor sites...
[SCRAPE].. ◆ Some images failed to load within timeout 
[FETCH]... ↓ https://plugforinmates.com/collections/all                         
| ✓ | ⏱: 6.51s 
[SCRAPE].. ◆ https://plugforinmates.com/collections/all                         
| ✓ | ⏱: 0.03s 
[COMPLETE] ● https://plugforinmates.com/collections/all                         
| ✓ | ⏱: 6.56s 
  [plugforinmates] https://plugforinmates.com/collections/all → 0 products
[SCRAPE].. ◆ Some images failed to load within timeout 
[FETCH]... ↓ https://skyesthelimitcatalog.com/                                  
| ✓ | ⏱: 11.52s 
[SCRAPE].. ◆ https://skyesthelimitcatalog.com/                                  
| ✓ | ⏱: 0.28s 
[COMPLETE] ● https://skyesthelimitcatalog.com/                                  
| ✓ | ⏱: 11.84s 
  [skyesthelimit] https://skyesthelimitcatalog.com/ → 2 products
[FETCH]... ↓ https://cigessentials.com/                                         
| ✓ | ⏱: 13.31s 
[SCRAPE].. ◆ https://cigessentials.com/                                         
| ✓ | ⏱: 0.42s 
[COMPLETE] ● https://cigessentials.com/                                         
| ✓ | ⏱: 13.78s 
  [cigessentials] https://cigessentials.com/ → 16 products
[SCRAPE].. ◆ Some images failed to load within timeout 
[FETCH]... ↓ https://skyesthelimitcatalog.com/shop/                             
| ✓ | ⏱: 3.34s 
[SCRAPE].. ◆ https://skyesthelimitcatalog.com/shop/                             
| ✓ | ⏱: 0.01s 
[COMPLETE] ● https://skyesthelimitcatalog.com/shop/                             
| ✓ | ⏱: 3.37s 
  [skyesthelimit] https://skyesthelimitcatalog.com/shop/ → 0 products
[FETCH]... ↓ https://plugforinmates.com/                                        
| ✓ | ⏱: 9.83s 
[SCRAPE].. ◆ https://plugforinmates.com/                                        
| ✓ | ⏱: 0.08s 
[COMPLETE] ● https://plugforinmates.com/                                        
| ✓ | ⏱: 9.93s 
  [plugforinmates] https://plugforinmates.com/ → 9 products
[SCRAPE].. ◆ Some images failed to load within timeout 
[FETCH]... ↓ https://emmaspremiumservices.com/collections/all                   
| ✓ | ⏱: 17.96s 
[SCRAPE].. ◆ https://emmaspremiumservices.com/collections/all                   
| ✓ | ⏱: 0.46s 
[COMPLETE] ● https://emmaspremiumservices.com/collections/all                   
| ✓ | ⏱: 18.47s 
  [emmaspremiumservices] https://emmaspremiumservices.com/collections/all → 2 products
[FETCH]... ↓ https://cigessentials.com/collections/all                          
| ✓ | ⏱: 6.73s 
[SCRAPE].. ◆ https://cigessentials.com/collections/all                          
| ✓ | ⏱: 0.16s 
[COMPLETE] ● https://cigessentials.com/collections/all                          
| ✓ | ⏱: 6.92s 
  [cigessentials] https://cigessentials.com/collections/all → 1 products
[FETCH]... ↓ https://nysapprovedvendor.com/                                     
| ✓ | ⏱: 20.75s 
[SCRAPE].. ◆ https://nysapprovedvendor.com/                                     
| ✓ | ⏱: 0.41s 
[COMPLETE] ● https://nysapprovedvendor.com/                                     
| ✓ | ⏱: 21.19s 
  [nysapprovedvendor] https://nysapprovedvendor.com/ → 79 products
[FETCH]... ↓ https://emmaspremiumservices.com/collections/food-snacks           
| ✓ | ⏱: 5.31s 
[SCRAPE].. ◆ https://emmaspremiumservices.com/collections/food-snacks           
| ✓ | ⏱: 0.19s 
[COMPLETE] ● https://emmaspremiumservices.com/collections/food-snacks           
| ✓ | ⏱: 5.53s 
  [emmaspremiumservices] https://emmaspremiumservices.com/collections/food-snacks → 0 products
[SCRAPE].. ◆ Some images failed to load within timeout 
[FETCH]... ↓ https://emmaspremiumservices.com/collections/hygiene               
| ✓ | ⏱: 4.85s 
[SCRAPE].. ◆ https://emmaspremiumservices.com/collections/hygiene               
| ✓ | ⏱: 0.20s 
[COMPLETE] ● https://emmaspremiumservices.com/collections/hygiene               
| ✓ | ⏱: 5.09s 
  [emmaspremiumservices] https://emmaspremiumservices.com/collections/hygiene → 0 products
[FETCH]... ↓ https://nysapprovedvendor.com/shop/                                
| ✓ | ⏱: 11.14s 
[SCRAPE].. ◆ https://nysapprovedvendor.com/shop/                                
| ✓ | ⏱: 0.44s 
[COMPLETE] ● https://nysapprovedvendor.com/shop/                                
| ✓ | ⏱: 11.61s 
  [nysapprovedvendor] https://nysapprovedvendor.com/shop/ → 79 products
[FETCH]... ↓ https://emmaspremiumservices.com/collections/clothing              
| ✓ | ⏱: 9.26s 
[SCRAPE].. ◆ https://emmaspremiumservices.com/collections/clothing              
| ✓ | ⏱: 0.40s 
[COMPLETE] ● https://emmaspremiumservices.com/collections/clothing              
| ✓ | ⏱: 9.70s 
  [emmaspremiumservices] https://emmaspremiumservices.com/collections/clothing → 2 products
[FETCH]... ↓ https://emmaspremiumservices.com/collections/electronics           
| ✓ | ⏱: 8.65s 
[SCRAPE].. ◆ https://emmaspremiumservices.com/collections/electronics           
| ✓ | ⏱: 0.36s 
[COMPLETE] ● https://emmaspremiumservices.com/collections/electronics           
| ✓ | ⏱: 9.05s 
  [emmaspremiumservices] https://emmaspremiumservices.com/collections/electronics → 2 products

Compliance check: ['No changes on DOCCS mail/packages page', 'Disapproved vendor list — no changes detected']
New compliant products found: 0

Report saved to: /Users/markususche/Desktop/Vender Resale/research/2026-07-28-daily-report.md
Latest report: /Users/markususche/Desktop/Vender Resale/research/latest-report.md

Done.

============================================================
Vender Resale — Nightly Research — 2026-07-29 02:00
============================================================


[2026-07-29 02:00] Scraping 5 competitor sites...
[SCRAPE].. ◆ Some images failed to load within timeout 
[FETCH]... ↓ https://plugforinmates.com/collections/all                         
| ✓ | ⏱: 20.83s 
[SCRAPE].. ◆ https://plugforinmates.com/collections/all                         
| ✓ | ⏱: 0.62s 
[COMPLETE] ● https://plugforinmates.com/collections/all                         
| ✓ | ⏱: 21.47s 
  [plugforinmates] https://plugforinmates.com/collections/all → 0 products
[SCRAPE].. ◆ Some images failed to load within timeout 
[FETCH]... ↓ https://skyesthelimitcatalog.com/                                  
| ✓ | ⏱: 27.56s 
[SCRAPE].. ◆ https://skyesthelimitcatalog.com/                                  
| ✓ | ⏱: 0.19s 
[COMPLETE] ● https://skyesthelimitcatalog.com/                                  
| ✓ | ⏱: 27.80s 
  [skyesthelimit] https://skyesthelimitcatalog.com/ → 2 products
[FETCH]... ↓ https://cigessentials.com/                                         
| ✓ | ⏱: 29.12s 
[SCRAPE].. ◆ https://cigessentials.com/                                         
| ✓ | ⏱: 0.77s 
[COMPLETE] ● https://cigessentials.com/                                         
| ✓ | ⏱: 29.94s 
  [cigessentials] https://cigessentials.com/ → 16 products
[SCRAPE].. ◆ Some images failed to load within timeout 
[FETCH]... ↓ https://skyesthelimitcatalog.com/shop/                             
| ✓ | ⏱: 3.21s 
[SCRAPE].. ◆ https://skyesthelimitcatalog.com/shop/                             
| ✓ | ⏱: 0.00s 
[COMPLETE] ● https://skyesthelimitcatalog.com/shop/                             
| ✓ | ⏱: 3.24s 
  [skyesthelimit] https://skyesthelimitcatalog.com/shop/ → 0 products
[FETCH]... ↓ https://plugforinmates.com/                                        
| ✓ | ⏱: 11.13s 
[SCRAPE].. ◆ https://plugforinmates.com/                                        
| ✓ | ⏱: 0.08s 
[COMPLETE] ● https://plugforinmates.com/                                        
| ✓ | ⏱: 11.23s 
  [plugforinmates] https://plugforinmates.com/ → 9 products
[FETCH]... ↓ https://emmaspremiumservices.com/collections/all                   
| ✓ | ⏱: 35.22s 
[SCRAPE].. ◆ https://emmaspremiumservices.com/collections/all                   
| ✓ | ⏱: 0.36s 
[COMPLETE] ● https://emmaspremiumservices.com/collections/all                   
| ✓ | ⏱: 35.61s 
  [emmaspremiumservices] https://emmaspremiumservices.com/collections/all → 2 products
[FETCH]... ↓ https://cigessentials.com/collections/all                          
| ✓ | ⏱: 5.87s 
[SCRAPE].. ◆ https://cigessentials.com/collections/all                          
| ✓ | ⏱: 0.11s 
[COMPLETE] ● https://cigessentials.com/collections/all                          
| ✓ | ⏱: 6.01s 
  [cigessentials] https://cigessentials.com/collections/all → 1 products
[FETCH]... ↓ https://nysapprovedvendor.com/                                     
| ✓ | ⏱: 36.61s 
[SCRAPE].. ◆ https://nysapprovedvendor.com/                                     
| ✓ | ⏱: 0.46s 
[COMPLETE] ● https://nysapprovedvendor.com/                                     
| ✓ | ⏱: 37.11s 
  [nysapprovedvendor] https://nysapprovedvendor.com/ → 79 products
[SCRAPE].. ◆ Some images failed to load within timeout 
[SCRAPE].. ◆ Some images failed to load within timeout 
[FETCH]... ↓ https://emmaspremiumservices.com/collections/food-snacks           
| ✓ | ⏱: 6.31s 
[SCRAPE].. ◆ https://emmaspremiumservices.com/collections/food-snacks           
| ✓ | ⏱: 0.16s 
[COMPLETE] ● https://emmaspremiumservices.com/collections/food-snacks           
| ✓ | ⏱: 6.51s 
  [emmaspremiumservices] https://emmaspremiumservices.com/collections/food-snacks → 0 products
[FETCH]... ↓ https://emmaspremiumservices.com/collections/hygiene               
| ✓ | ⏱: 5.04s 
[SCRAPE].. ◆ https://emmaspremiumservices.com/collections/hygiene               
| ✓ | ⏱: 0.20s 
[COMPLETE] ● https://emmaspremiumservices.com/collections/hygiene               
| ✓ | ⏱: 5.27s 
  [emmaspremiumservices] https://emmaspremiumservices.com/collections/hygiene → 0 products
[FETCH]... ↓ https://nysapprovedvendor.com/shop/                                
| ✓ | ⏱: 10.76s 
[SCRAPE].. ◆ https://nysapprovedvendor.com/shop/                                
| ✓ | ⏱: 0.45s 
[COMPLETE] ● https://nysapprovedvendor.com/shop/                                
| ✓ | ⏱: 11.25s 
  [nysapprovedvendor] https://nysapprovedvendor.com/shop/ → 79 products
[FETCH]... ↓ https://emmaspremiumservices.com/collections/clothing              
| ✓ | ⏱: 6.73s 
[SCRAPE].. ◆ https://emmaspremiumservices.com/collections/clothing              
| ✓ | ⏱: 0.29s 
[COMPLETE] ● https://emmaspremiumservices.com/collections/clothing              
| ✓ | ⏱: 7.05s 
  [emmaspremiumservices] https://emmaspremiumservices.com/collections/clothing → 2 products
[FETCH]... ↓ https://emmaspremiumservices.com/collections/electronics           
| ✓ | ⏱: 7.18s 
[SCRAPE].. ◆ https://emmaspremiumservices.com/collections/electronics           
| ✓ | ⏱: 0.32s 
[COMPLETE] ● https://emmaspremiumservices.com/collections/electronics           
| ✓ | ⏱: 7.53s 
  [emmaspremiumservices] https://emmaspremiumservices.com/collections/electronics → 2 products

Compliance check: ['No changes on DOCCS mail/packages page', 'Disapproved vendor list — no changes detected']
New compliant products found: 0

Report saved to: /Users/markususche/Desktop/Vender Resale/research/2026-07-29-daily-report.md
Latest report: /Users/markususche/Desktop/Vender Resale/research/latest-report.md

Done.

============================================================
Vender Resale — Nightly Research — 2026-07-30 02:00
============================================================


[2026-07-30 02:00] Scraping 5 competitor sites...
[FETCH]... ↓ https://plugforinmates.com/collections/all                         
| ✓ | ⏱: 8.76s 
[SCRAPE].. ◆ https://plugforinmates.com/collections/all                         
| ✓ | ⏱: 0.01s 
[COMPLETE] ● https://plugforinmates.com/collections/all                         
| ✓ | ⏱: 8.91s 
  [plugforinmates] https://plugforinmates.com/collections/all → 0 products
[SCRAPE].. ◆ Some images failed to load within timeout 
[SCRAPE].. ◆ Some images failed to load within timeout 
[FETCH]... ↓ https://plugforinmates.com/                                        
| ✓ | ⏱: 10.54s 
[SCRAPE].. ◆ https://plugforinmates.com/                                        
| ✓ | ⏱: 0.48s 
[COMPLETE] ● https://plugforinmates.com/                                        
| ✓ | ⏱: 11.25s 
  [plugforinmates] https://plugforinmates.com/ → 9 products
[FETCH]... ↓ https://cigessentials.com/                                         
| ✓ | ⏱: 23.22s 
[SCRAPE].. ◆ https://cigessentials.com/                                         
| ✓ | ⏱: 2.11s 
[COMPLETE] ● https://cigessentials.com/                                         
| ✓ | ⏱: 25.53s 
  [cigessentials] https://cigessentials.com/ → 16 products
[FETCH]... ↓ https://skyesthelimitcatalog.com/                                  
| ✓ | ⏱: 26.38s 
[SCRAPE].. ◆ https://skyesthelimitcatalog.com/                                  
| ✓ | ⏱: 0.69s 
[COMPLETE] ● https://skyesthelimitcatalog.com/                                  
| ✓ | ⏱: 27.20s 
  [skyesthelimit] https://skyesthelimitcatalog.com/ → 2 products
[SCRAPE].. ◆ Some images failed to load within timeout 
[SCRAPE].. ◆ Some images failed to load within timeout 
[FETCH]... ↓ https://skyesthelimitcatalog.com/shop/                             
| ✓ | ⏱: 2.43s 
[SCRAPE].. ◆ https://skyesthelimitcatalog.com/shop/                             
| ✓ | ⏱: 0.01s 
[COMPLETE] ● https://skyesthelimitcatalog.com/shop/                             
| ✓ | ⏱: 2.46s 
  [skyesthelimit] https://skyesthelimitcatalog.com/shop/ → 0 products
[FETCH]... ↓ https://cigessentials.com/collections/all                          
| ✓ | ⏱: 7.64s 
[SCRAPE].. ◆ https://cigessentials.com/collections/all                          
| ✓ | ⏱: 1.00s 
[COMPLETE] ● https://cigessentials.com/collections/all                          
| ✓ | ⏱: 8.91s 
  [cigessentials] https://cigessentials.com/collections/all → 1 products
[FETCH]... ↓ https://emmaspremiumservices.com/collections/all                   
| ✓ | ⏱: 36.81s 
[SCRAPE].. ◆ https://emmaspremiumservices.com/collections/all                   
| ✓ | ⏱: 0.91s 
[COMPLETE] ● https://emmaspremiumservices.com/collections/all                   
| ✓ | ⏱: 37.78s 
  [emmaspremiumservices] https://emmaspremiumservices.com/collections/all → 2 products
[FETCH]... ↓ https://nysapprovedvendor.com/                                     
| ✓ | ⏱: 39.02s 
[SCRAPE].. ◆ https://nysapprovedvendor.com/                                     
| ✓ | ⏱: 1.41s 
[COMPLETE] ● https://nysapprovedvendor.com/                                     
| ✓ | ⏱: 40.51s 
  [nysapprovedvendor] https://nysapprovedvendor.com/ → 79 products
[SCRAPE].. ◆ Some images failed to load within timeout 
[FETCH]... ↓ https://emmaspremiumservices.com/collections/food-snacks           
| ✓ | ⏱: 9.87s 
[SCRAPE].. ◆ https://emmaspremiumservices.com/collections/food-snacks           
| ✓ | ⏱: 0.39s 
[COMPLETE] ● https://emmaspremiumservices.com/collections/food-snacks           
| ✓ | ⏱: 10.31s 
  [emmaspremiumservices] https://emmaspremiumservices.com/collections/food-snacks → 0 products
[SCRAPE].. ◆ Some images failed to load within timeout 
[SCRAPE].. ◆ Some images failed to load within timeout 
[FETCH]... ↓ https://nysapprovedvendor.com/shop/                                
| ✓ | ⏱: 15.16s 
[SCRAPE].. ◆ https://nysapprovedvendor.com/shop/                                
| ✓ | ⏱: 0.69s 
[COMPLETE] ● https://nysapprovedvendor.com/shop/                                
| ✓ | ⏱: 15.90s 
  [nysapprovedvendor] https://nysapprovedvendor.com/shop/ → 79 products
[FETCH]... ↓ https://emmaspremiumservices.com/collections/hygiene               
| ✓ | ⏱: 9.33s 
[SCRAPE].. ◆ https://emmaspremiumservices.com/collections/hygiene               
| ✓ | ⏱: 0.36s 
[COMPLETE] ● https://emmaspremiumservices.com/collections/hygiene               
| ✓ | ⏱: 9.74s 
  [emmaspremiumservices] https://emmaspremiumservices.com/collections/hygiene → 0 products
[FETCH]... ↓ https://emmaspremiumservices.com/collections/clothing              
| ✓ | ⏱: 10.38s 
[SCRAPE].. ◆ https://emmaspremiumservices.com/collections/clothing              
| ✓ | ⏱: 0.59s 
[COMPLETE] ● https://emmaspremiumservices.com/collections/clothing              
| ✓ | ⏱: 11.01s 
  [emmaspremiumservices] https://emmaspremiumservices.com/collections/clothing → 2 products
[FETCH]... ↓ https://emmaspremiumservices.com/collections/electronics           
| ✓ | ⏱: 9.43s 
[SCRAPE].. ◆ https://emmaspremiumservices.com/collections/electronics           
| ✓ | ⏱: 0.54s 
[COMPLETE] ● https://emmaspremiumservices.com/collections/electronics           
| ✓ | ⏱: 10.01s 
  [emmaspremiumservices] https://emmaspremiumservices.com/collections/electronics → 2 products

Compliance check: ['No changes on DOCCS mail/packages page', 'Disapproved vendor list — no changes detected']
New compliant products found: 0

Report saved to: /Users/markususche/Desktop/Vender Resale/research/2026-07-30-daily-report.md
Latest report: /Users/markususche/Desktop/Vender Resale/research/latest-report.md

Done.

============================================================
Vender Resale — Nightly Research — 2026-07-31 02:00
============================================================


[2026-07-31 02:00] Scraping 5 competitor sites...
[FETCH]... ↓ https://plugforinmates.com/collections/all                         
| ✓ | ⏱: 5.94s 
[SCRAPE].. ◆ https://plugforinmates.com/collections/all                         
| ✓ | ⏱: 0.04s 
[COMPLETE] ● https://plugforinmates.com/collections/all                         
| ✓ | ⏱: 6.03s 
  [plugforinmates] https://plugforinmates.com/collections/all → 0 products
[SCRAPE].. ◆ Some images failed to load within timeout 
[SCRAPE].. ◆ Some images failed to load within timeout 
[FETCH]... ↓ https://skyesthelimitcatalog.com/                                  
| ✓ | ⏱: 11.38s 
[SCRAPE].. ◆ https://skyesthelimitcatalog.com/                                  
| ✓ | ⏱: 0.12s 
[COMPLETE] ● https://skyesthelimitcatalog.com/                                  
| ✓ | ⏱: 11.55s 
  [skyesthelimit] https://skyesthelimitcatalog.com/ → 2 products
[SCRAPE].. ◆ Some images failed to load within timeout 
[FETCH]... ↓ https://cigessentials.com/                                         
| ✓ | ⏱: 12.58s 
[SCRAPE].. ◆ https://cigessentials.com/                                         
| ✓ | ⏱: 0.51s 
[COMPLETE] ● https://cigessentials.com/                                         
| ✓ | ⏱: 13.13s 
  [cigessentials] https://cigessentials.com/ → 16 products
[FETCH]... ↓ https://skyesthelimitcatalog.com/shop/                             
| ✓ | ⏱: 2.65s 
[SCRAPE].. ◆ https://skyesthelimitcatalog.com/shop/                             
| ✓ | ⏱: 0.00s 
[COMPLETE] ● https://skyesthelimitcatalog.com/shop/                             
| ✓ | ⏱: 2.67s 
  [skyesthelimit] https://skyesthelimitcatalog.com/shop/ → 0 products
[FETCH]... ↓ https://plugforinmates.com/                                        
| ✓ | ⏱: 9.17s 
[SCRAPE].. ◆ https://plugforinmates.com/                                        
| ✓ | ⏱: 0.06s 
[COMPLETE] ● https://plugforinmates.com/                                        
| ✓ | ⏱: 9.24s 
  [plugforinmates] https://plugforinmates.com/ → 9 products
[FETCH]... ↓ https://emmaspremiumservices.com/collections/all                   
| ✓ | ⏱: 17.23s 
[SCRAPE].. ◆ https://emmaspremiumservices.com/collections/all                   
| ✓ | ⏱: 0.39s 
[COMPLETE] ● https://emmaspremiumservices.com/collections/all                   
| ✓ | ⏱: 17.65s 
  [emmaspremiumservices] https://emmaspremiumservices.com/collections/all → 2 products
[FETCH]... ↓ https://cigessentials.com/collections/all                          
| ✓ | ⏱: 5.49s 
[SCRAPE].. ◆ https://cigessentials.com/collections/all                          
| ✓ | ⏱: 0.17s 
[COMPLETE] ● https://cigessentials.com/collections/all                          
| ✓ | ⏱: 5.69s 
  [cigessentials] https://cigessentials.com/collections/all → 1 products
[FETCH]... ↓ https://nysapprovedvendor.com/                                     
| ✓ | ⏱: 18.86s 
[SCRAPE].. ◆ https://nysapprovedvendor.com/                                     
| ✓ | ⏱: 0.52s 
[COMPLETE] ● https://nysapprovedvendor.com/                                     
| ✓ | ⏱: 19.41s 
  [nysapprovedvendor] https://nysapprovedvendor.com/ → 79 products
[SCRAPE].. ◆ Some images failed to load within timeout 
[SCRAPE].. ◆ Some images failed to load within timeout 
[FETCH]... ↓ https://emmaspremiumservices.com/collections/food-snacks           
| ✓ | ⏱: 6.36s 
[SCRAPE].. ◆ https://emmaspremiumservices.com/collections/food-snacks           
| ✓ | ⏱: 0.16s 
[COMPLETE] ● https://emmaspremiumservices.com/collections/food-snacks           
| ✓ | ⏱: 6.55s 
  [emmaspremiumservices] https://emmaspremiumservices.com/collections/food-snacks → 0 products
[FETCH]... ↓ https://emmaspremiumservices.com/collections/hygiene               
| ✓ | ⏱: 4.49s 
[SCRAPE].. ◆ https://emmaspremiumservices.com/collections/hygiene               
| ✓ | ⏱: 0.19s 
[COMPLETE] ● https://emmaspremiumservices.com/collections/hygiene               
| ✓ | ⏱: 4.71s 
  [emmaspremiumservices] https://emmaspremiumservices.com/collections/hygiene → 0 products
[FETCH]... ↓ https://nysapprovedvendor.com/shop/                                
| ✓ | ⏱: 10.53s 
[SCRAPE].. ◆ https://nysapprovedvendor.com/shop/                                
| ✓ | ⏱: 0.48s 
[COMPLETE] ● https://nysapprovedvendor.com/shop/                                
| ✓ | ⏱: 11.05s 
  [nysapprovedvendor] https://nysapprovedvendor.com/shop/ → 79 products
[FETCH]... ↓ https://emmaspremiumservices.com/collections/clothing              
| ✓ | ⏱: 8.50s 
[SCRAPE].. ◆ https://emmaspremiumservices.com/collections/clothing              
| ✓ | ⏱: 0.39s 
[COMPLETE] ● https://emmaspremiumservices.com/collections/clothing              
| ✓ | ⏱: 8.92s 
  [emmaspremiumservices] https://emmaspremiumservices.com/collections/clothing → 2 products
[FETCH]... ↓ https://emmaspremiumservices.com/collections/electronics           
| ✓ | ⏱: 8.31s 
[SCRAPE].. ◆ https://emmaspremiumservices.com/collections/electronics           
| ✓ | ⏱: 0.36s 
[COMPLETE] ● https://emmaspremiumservices.com/collections/electronics           
| ✓ | ⏱: 8.70s 
  [emmaspremiumservices] https://emmaspremiumservices.com/collections/electronics → 2 products

Compliance check: ['No changes on DOCCS mail/packages page', 'Disapproved vendor list — no changes detected']
New compliant products found: 0

Report saved to: /Users/markususche/Desktop/Vender Resale/research/2026-07-31-daily-report.md
Latest report: /Users/markususche/Desktop/Vender Resale/research/latest-report.md

Done.

============================================================
Vender Resale — Nightly Research — 2026-08-01 02:00
============================================================


[2026-08-01 02:00] Scraping 5 competitor sites...
[FETCH]... ↓ https://plugforinmates.com/collections/all                         
| ✓ | ⏱: 19.57s 
[SCRAPE].. ◆ https://plugforinmates.com/collections/all                         
| ✓ | ⏱: 0.02s 
[COMPLETE] ● https://plugforinmates.com/collections/all                         
| ✓ | ⏱: 19.66s 
  [plugforinmates] https://plugforinmates.com/collections/all → 0 products
[SCRAPE].. ◆ Some images failed to load within timeout 
[FETCH]... ↓ https://emmaspremiumservices.com/collections/all                   
| ✓ | ⏱: 28.58s 
[SCRAPE].. ◆ https://emmaspremiumservices.com/collections/all                   
| ✓ | ⏱: 1.08s 
[COMPLETE] ● https://emmaspremiumservices.com/collections/all                   
| ✓ | ⏱: 29.73s 
  [emmaspremiumservices] https://emmaspremiumservices.com/collections/all → 2 products
[SCRAPE].. ◆ Some images failed to load within timeout 
[SCRAPE].. ◆ Some images failed to load within timeout 
[FETCH]... ↓ https://nysapprovedvendor.com/                                     
| ✓ | ⏱: 31.98s 
[SCRAPE].. ◆ https://nysapprovedvendor.com/                                     
| ✓ | ⏱: 0.43s 
[COMPLETE] ● https://nysapprovedvendor.com/                                     
| ✓ | ⏱: 32.44s 
  [nysapprovedvendor] https://nysapprovedvendor.com/ → 79 products
[FETCH]... ↓ https://skyesthelimitcatalog.com/                                  
| ✓ | ⏱: 27.25s 
[SCRAPE].. ◆ https://skyesthelimitcatalog.com/                                  
| ✓ | ⏱: 0.18s 
[COMPLETE] ● https://skyesthelimitcatalog.com/                                  
| ✓ | ⏱: 27.46s 
  [skyesthelimit] https://skyesthelimitcatalog.com/ → 2 products
[FETCH]... ↓ https://plugforinmates.com/                                        
| ✓ | ⏱: 10.13s 
[SCRAPE].. ◆ https://plugforinmates.com/                                        
| ✓ | ⏱: 0.07s 
[COMPLETE] ● https://plugforinmates.com/                                        
| ✓ | ⏱: 10.23s 
  [plugforinmates] https://plugforinmates.com/ → 9 products
[FETCH]... ↓ https://emmaspremiumservices.com/collections/food-snacks           
| ✓ | ⏱: 8.46s 
[SCRAPE].. ◆ https://emmaspremiumservices.com/collections/food-snacks           
| ✓ | ⏱: 0.43s 
[COMPLETE] ● https://emmaspremiumservices.com/collections/food-snacks           
| ✓ | ⏱: 8.93s 
  [emmaspremiumservices] https://emmaspremiumservices.com/collections/food-snacks → 0 products
[FETCH]... ↓ https://skyesthelimitcatalog.com/shop/                             
| ✓ | ⏱: 2.16s 
[SCRAPE].. ◆ https://skyesthelimitcatalog.com/shop/                             
| ✓ | ⏱: 0.00s 
[COMPLETE] ● https://skyesthelimitcatalog.com/shop/                             
| ✓ | ⏱: 2.18s 
  [skyesthelimit] https://skyesthelimitcatalog.com/shop/ → 0 products
[SCRAPE].. ◆ Some images failed to load within timeout 
[SCRAPE].. ◆ Some images failed to load within timeout 
[FETCH]... ↓ https://emmaspremiumservices.com/collections/hygiene               
| ✓ | ⏱: 7.43s 
[SCRAPE].. ◆ https://emmaspremiumservices.com/collections/hygiene               
| ✓ | ⏱: 0.20s 
[COMPLETE] ● https://emmaspremiumservices.com/collections/hygiene               
| ✓ | ⏱: 7.66s 
  [emmaspremiumservices] https://emmaspremiumservices.com/collections/hygiene → 0 products
[FETCH]... ↓ https://nysapprovedvendor.com/shop/                                
| ✓ | ⏱: 13.37s 
[SCRAPE].. ◆ https://nysapprovedvendor.com/shop/                                
| ✓ | ⏱: 0.51s 
[COMPLETE] ● https://nysapprovedvendor.com/shop/                                
| ✓ | ⏱: 13.94s 
  [nysapprovedvendor] https://nysapprovedvendor.com/shop/ → 79 products
[SCRAPE].. ◆ Some images failed to load within timeout 
[FETCH]... ↓ https://emmaspremiumservices.com/collections/clothing              
| ✓ | ⏱: 10.59s 
[SCRAPE].. ◆ https://emmaspremiumservices.com/collections/clothing              
| ✓ | ⏱: 0.47s 
[COMPLETE] ● https://emmaspremiumservices.com/collections/clothing              
| ✓ | ⏱: 11.10s 
  [emmaspremiumservices] https://emmaspremiumservices.com/collections/clothing → 2 products
[FETCH]... ↓ https://emmaspremiumservices.com/collections/electronics           
| ✓ | ⏱: 8.83s 
[SCRAPE].. ◆ https://emmaspremiumservices.com/collections/electronics           
| ✓ | ⏱: 0.33s 
[COMPLETE] ● https://emmaspremiumservices.com/collections/electronics           
| ✓ | ⏱: 9.19s 
  [emmaspremiumservices] https://emmaspremiumservices.com/collections/electronics → 2 products
[FETCH]... ↓ https://cigessentials.com/                                         
| ✓ | ⏱: 24.37s 
[SCRAPE].. ◆ https://cigessentials.com/                                         
| ✓ | ⏱: 0.37s 
[COMPLETE] ● https://cigessentials.com/                                         
| ✓ | ⏱: 24.78s 
  [cigessentials] https://cigessentials.com/ → 16 products
[SCRAPE].. ◆ Some images failed to load within timeout 
[FETCH]... ↓ https://cigessentials.com/collections/all                          
| ✓ | ⏱: 5.88s 
[SCRAPE].. ◆ https://cigessentials.com/collections/all                          
| ✓ | ⏱: 0.15s 
[COMPLETE] ● https://cigessentials.com/collections/all                          
| ✓ | ⏱: 6.06s 
  [cigessentials] https://cigessentials.com/collections/all → 1 products

Compliance check: ['No changes on DOCCS mail/packages page', 'Disapproved vendor list — no changes detected']
New compliant products found: 0

Report saved to: /Users/markususche/Desktop/Vender Resale/research/2026-08-01-daily-report.md
Latest report: /Users/markususche/Desktop/Vender Resale/research/latest-report.md

Done.

============================================================
Vender Resale — Nightly Research — 2026-08-02 02:00
============================================================


[2026-08-02 02:00] Scraping 5 competitor sites...
[SCRAPE].. ◆ Some images failed to load within timeout 
[FETCH]... ↓ https://plugforinmates.com/collections/all                         
| ✓ | ⏱: 7.05s 
[SCRAPE].. ◆ https://plugforinmates.com/collections/all                         
| ✓ | ⏱: 0.03s 
[COMPLETE] ● https://plugforinmates.com/collections/all                         
| ✓ | ⏱: 7.09s 
  [plugforinmates] https://plugforinmates.com/collections/all → 0 products
[SCRAPE].. ◆ Some images failed to load within timeout 
[FETCH]... ↓ https://skyesthelimitcatalog.com/                                  
| ✓ | ⏱: 11.76s 
[SCRAPE].. ◆ https://skyesthelimitcatalog.com/                                  
| ✓ | ⏱: 0.17s 
[COMPLETE] ● https://skyesthelimitcatalog.com/                                  
| ✓ | ⏱: 11.96s 
  [skyesthelimit] https://skyesthelimitcatalog.com/ → 2 products
[SCRAPE].. ◆ Some images failed to load within timeout 
[FETCH]... ↓ https://skyesthelimitcatalog.com/shop/                             
| ✓ | ⏱: 2.94s 
[SCRAPE].. ◆ https://skyesthelimitcatalog.com/shop/                             
| ✓ | ⏱: 0.00s 
[COMPLETE] ● https://skyesthelimitcatalog.com/shop/                             
| ✓ | ⏱: 2.96s 
  [skyesthelimit] https://skyesthelimitcatalog.com/shop/ → 0 products
[FETCH]... ↓ https://cigessentials.com/                                         
| ✓ | ⏱: 15.02s 
[SCRAPE].. ◆ https://cigessentials.com/                                         
| ✓ | ⏱: 0.37s 
[COMPLETE] ● https://cigessentials.com/                                         
| ✓ | ⏱: 15.43s 
  [cigessentials] https://cigessentials.com/ → 16 products
[FETCH]... ↓ https://plugforinmates.com/                                        
| ✓ | ⏱: 8.74s 
[SCRAPE].. ◆ https://plugforinmates.com/                                        
| ✓ | ⏱: 0.05s 
[COMPLETE] ● https://plugforinmates.com/                                        
| ✓ | ⏱: 8.82s 
  [plugforinmates] https://plugforinmates.com/ → 9 products
[FETCH]... ↓ https://emmaspremiumservices.com/collections/all                   
| ✓ | ⏱: 17.94s 
[SCRAPE].. ◆ https://emmaspremiumservices.com/collections/all                   
| ✓ | ⏱: 0.39s 
[COMPLETE] ● https://emmaspremiumservices.com/collections/all                   
| ✓ | ⏱: 18.36s 
  [emmaspremiumservices] https://emmaspremiumservices.com/collections/all → 2 products
[FETCH]... ↓ https://nysapprovedvendor.com/                                     
| ✓ | ⏱: 19.97s 
[SCRAPE].. ◆ https://nysapprovedvendor.com/                                     
| ✓ | ⏱: 0.45s 
[COMPLETE] ● https://nysapprovedvendor.com/                                     
| ✓ | ⏱: 20.45s 
  [nysapprovedvendor] https://nysapprovedvendor.com/ → 79 products
[FETCH]... ↓ https://cigessentials.com/collections/all                          
| ✓ | ⏱: 5.44s 
[SCRAPE].. ◆ https://cigessentials.com/collections/all                          
| ✓ | ⏱: 0.11s 
[COMPLETE] ● https://cigessentials.com/collections/all                          
| ✓ | ⏱: 5.57s 
  [cigessentials] https://cigessentials.com/collections/all → 1 products
[FETCH]... ↓ https://emmaspremiumservices.com/collections/food-snacks           
| ✓ | ⏱: 5.09s 
[SCRAPE].. ◆ https://emmaspremiumservices.com/collections/food-snacks           
| ✓ | ⏱: 0.14s 
[COMPLETE] ● https://emmaspremiumservices.com/collections/food-snacks           
| ✓ | ⏱: 5.26s 
  [emmaspremiumservices] https://emmaspremiumservices.com/collections/food-snacks → 0 products
[SCRAPE].. ◆ Some images failed to load within timeout 
[SCRAPE].. ◆ Some images failed to load within timeout 
[FETCH]... ↓ https://emmaspremiumservices.com/collections/hygiene               
| ✓ | ⏱: 5.65s 
[SCRAPE].. ◆ https://emmaspremiumservices.com/collections/hygiene               
| ✓ | ⏱: 0.18s 
[COMPLETE] ● https://emmaspremiumservices.com/collections/hygiene               
| ✓ | ⏱: 5.85s 
  [emmaspremiumservices] https://emmaspremiumservices.com/collections/hygiene → 0 products
[FETCH]... ↓ https://nysapprovedvendor.com/shop/                                
| ✓ | ⏱: 10.32s 
[SCRAPE].. ◆ https://nysapprovedvendor.com/shop/                                
| ✓ | ⏱: 0.42s 
[COMPLETE] ● https://nysapprovedvendor.com/shop/                                
| ✓ | ⏱: 10.77s 
  [nysapprovedvendor] https://nysapprovedvendor.com/shop/ → 79 products
[SCRAPE].. ◆ Some images failed to load within timeout 
[FETCH]... ↓ https://emmaspremiumservices.com/collections/clothing              
| ✓ | ⏱: 9.65s 
[SCRAPE].. ◆ https://emmaspremiumservices.com/collections/clothing              
| ✓ | ⏱: 0.38s 
[COMPLETE] ● https://emmaspremiumservices.com/collections/clothing              
| ✓ | ⏱: 10.06s 
  [emmaspremiumservices] https://emmaspremiumservices.com/collections/clothing → 2 products
[SCRAPE].. ◆ Some images failed to load within timeout 
[FETCH]... ↓ https://emmaspremiumservices.com/collections/electronics           
| ✓ | ⏱: 9.99s 
[SCRAPE].. ◆ https://emmaspremiumservices.com/collections/electronics           
| ✓ | ⏱: 0.68s 
[COMPLETE] ● https://emmaspremiumservices.com/collections/electronics           
| ✓ | ⏱: 10.71s 
  [emmaspremiumservices] https://emmaspremiumservices.com/collections/electronics → 2 products

Compliance check: ['No changes on DOCCS mail/packages page', 'Disapproved vendor list — no changes detected']
New compliant products found: 1

Report saved to: /Users/markususche/Desktop/Vender Resale/research/2026-08-02-daily-report.md
Latest report: /Users/markususche/Desktop/Vender Resale/research/latest-report.md

Done.

============================================================
Vender Resale — Nightly Research — 2026-08-03 02:00
============================================================


[2026-08-03 02:00] Scraping 5 competitor sites...
[FETCH]... ↓ https://plugforinmates.com/collections/all                         
| ✓ | ⏱: 5.67s 
[SCRAPE].. ◆ https://plugforinmates.com/collections/all                         
| ✓ | ⏱: 0.01s 
[COMPLETE] ● https://plugforinmates.com/collections/all                         
| ✓ | ⏱: 5.73s 
  [plugforinmates] https://plugforinmates.com/collections/all → 0 products
[SCRAPE].. ◆ Some images failed to load within timeout 
[SCRAPE].. ◆ Some images failed to load within timeout 
[FETCH]... ↓ https://skyesthelimitcatalog.com/                                  
| ✓ | ⏱: 11.36s 
[SCRAPE].. ◆ https://skyesthelimitcatalog.com/                                  
| ✓ | ⏱: 0.27s 
[COMPLETE] ● https://skyesthelimitcatalog.com/                                  
| ✓ | ⏱: 11.68s 
  [skyesthelimit] https://skyesthelimitcatalog.com/ → 2 products
[FETCH]... ↓ https://skyesthelimitcatalog.com/shop/                             
| ✓ | ⏱: 1.71s 
[SCRAPE].. ◆ https://skyesthelimitcatalog.com/shop/                             
| ✓ | ⏱: 0.00s 
[COMPLETE] ● https://skyesthelimitcatalog.com/shop/                             
| ✓ | ⏱: 1.72s 
  [skyesthelimit] https://skyesthelimitcatalog.com/shop/ → 0 products
[SCRAPE].. ◆ Some images failed to load within timeout 
[FETCH]... ↓ https://plugforinmates.com/                                        
| ✓ | ⏱: 9.10s 
[SCRAPE].. ◆ https://plugforinmates.com/                                        
| ✓ | ⏱: 0.12s 
[COMPLETE] ● https://plugforinmates.com/                                        
| ✓ | ⏱: 9.24s 
  [plugforinmates] https://plugforinmates.com/ → 9 products
[FETCH]... ↓ https://cigessentials.com/                                         
| ✓ | ⏱: 15.51s 
[SCRAPE].. ◆ https://cigessentials.com/                                         
| ✓ | ⏱: 0.52s 
[COMPLETE] ● https://cigessentials.com/                                         
| ✓ | ⏱: 16.07s 
  [cigessentials] https://cigessentials.com/ → 16 products
[FETCH]... ↓ https://emmaspremiumservices.com/collections/all                   
| ✓ | ⏱: 19.56s 
[SCRAPE].. ◆ https://emmaspremiumservices.com/collections/all                   
| ✓ | ⏱: 0.47s 
[COMPLETE] ● https://emmaspremiumservices.com/collections/all                   
| ✓ | ⏱: 20.08s 
  [emmaspremiumservices] https://emmaspremiumservices.com/collections/all → 2 products
[FETCH]... ↓ https://cigessentials.com/collections/all                          
| ✓ | ⏱: 5.06s 
[SCRAPE].. ◆ https://cigessentials.com/collections/all                          
| ✓ | ⏱: 0.20s 
[COMPLETE] ● https://cigessentials.com/collections/all                          
| ✓ | ⏱: 5.30s 
  [cigessentials] https://cigessentials.com/collections/all → 1 products
[FETCH]... ↓ https://nysapprovedvendor.com/                                     
| ✓ | ⏱: 22.00s 
[SCRAPE].. ◆ https://nysapprovedvendor.com/                                     
| ✓ | ⏱: 0.43s 
[COMPLETE] ● https://nysapprovedvendor.com/                                     
| ✓ | ⏱: 22.47s 
  [nysapprovedvendor] https://nysapprovedvendor.com/ → 80 products
[SCRAPE].. ◆ Some images failed to load within timeout 
[FETCH]... ↓ https://emmaspremiumservices.com/collections/food-snacks           
| ✓ | ⏱: 6.68s 
[SCRAPE].. ◆ https://emmaspremiumservices.com/collections/food-snacks           
| ✓ | ⏱: 0.17s 
[COMPLETE] ● https://emmaspremiumservices.com/collections/food-snacks           
| ✓ | ⏱: 6.87s 
  [emmaspremiumservices] https://emmaspremiumservices.com/collections/food-snacks → 0 products
[SCRAPE].. ◆ Some images failed to load within timeout 
[SCRAPE].. ◆ Some images failed to load within timeout 
[FETCH]... ↓ https://emmaspremiumservices.com/collections/hygiene               
| ✓ | ⏱: 5.90s 
[SCRAPE].. ◆ https://emmaspremiumservices.com/collections/hygiene               
| ✓ | ⏱: 0.16s 
[COMPLETE] ● https://emmaspremiumservices.com/collections/hygiene               
| ✓ | ⏱: 6.09s 
  [emmaspremiumservices] https://emmaspremiumservices.com/collections/hygiene → 0 products
[FETCH]... ↓ https://nysapprovedvendor.com/shop/                                
| ✓ | ⏱: 11.24s 
[SCRAPE].. ◆ https://nysapprovedvendor.com/shop/                                
| ✓ | ⏱: 0.79s 
[COMPLETE] ● https://nysapprovedvendor.com/shop/                                
| ✓ | ⏱: 12.08s 
  [nysapprovedvendor] https://nysapprovedvendor.com/shop/ → 80 products
[SCRAPE].. ◆ Some images failed to load within timeout 
[FETCH]... ↓ https://emmaspremiumservices.com/collections/clothing              
| ✓ | ⏱: 10.79s 
[SCRAPE].. ◆ https://emmaspremiumservices.com/collections/clothing              
| ✓ | ⏱: 0.43s 
[COMPLETE] ● https://emmaspremiumservices.com/collections/clothing              
| ✓ | ⏱: 11.25s 
  [emmaspremiumservices] https://emmaspremiumservices.com/collections/clothing → 2 products
[SCRAPE].. ◆ Some images failed to load within timeout 
[FETCH]... ↓ https://emmaspremiumservices.com/collections/electronics           
| ✓ | ⏱: 9.38s 
[SCRAPE].. ◆ https://emmaspremiumservices.com/collections/electronics           
| ✓ | ⏱: 0.35s 
[COMPLETE] ● https://emmaspremiumservices.com/collections/electronics           
| ✓ | ⏱: 9.76s 
  [emmaspremiumservices] https://emmaspremiumservices.com/collections/electronics → 2 products

Compliance check: ['No changes on DOCCS mail/packages page', 'Disapproved vendor list — no changes detected']
New compliant products found: 0

Report saved to: /Users/markususche/Desktop/Vender Resale/research/2026-08-03-daily-report.md
Latest report: /Users/markususche/Desktop/Vender Resale/research/latest-report.md

Done.

============================================================
Vender Resale — Nightly Research — 2026-08-04 02:00
============================================================


[2026-08-04 02:00] Scraping 5 competitor sites...
[SCRAPE].. ◆ Some images failed to load within timeout 
[FETCH]... ↓ https://plugforinmates.com/collections/all                         
| ✓ | ⏱: 5.32s 
[SCRAPE].. ◆ https://plugforinmates.com/collections/all                         
| ✓ | ⏱: 0.03s 
[COMPLETE] ● https://plugforinmates.com/collections/all                         
| ✓ | ⏱: 5.37s 
  [plugforinmates] https://plugforinmates.com/collections/all → 0 products
[SCRAPE].. ◆ Some images failed to load within timeout 
[FETCH]... ↓ https://skyesthelimitcatalog.com/                                  
| ✓ | ⏱: 11.27s 
[SCRAPE].. ◆ https://skyesthelimitcatalog.com/                                  
| ✓ | ⏱: 0.23s 
[COMPLETE] ● https://skyesthelimitcatalog.com/                                  
| ✓ | ⏱: 11.54s 
  [skyesthelimit] https://skyesthelimitcatalog.com/ → 2 products
[SCRAPE].. ◆ Some images failed to load within timeout 
[SCRAPE].. ◆ Some images failed to load within timeout 
[FETCH]... ↓ https://cigessentials.com/                                         
| ✓ | ⏱: 14.38s 
[SCRAPE].. ◆ https://cigessentials.com/                                         
| ✓ | ⏱: 0.38s 
[COMPLETE] ● https://cigessentials.com/                                         
| ✓ | ⏱: 14.80s 
  [cigessentials] https://cigessentials.com/ → 16 products
[FETCH]... ↓ https://skyesthelimitcatalog.com/shop/                             
| ✓ | ⏱: 3.62s 
[SCRAPE].. ◆ https://skyesthelimitcatalog.com/shop/                             
| ✓ | ⏱: 0.00s 
[COMPLETE] ● https://skyesthelimitcatalog.com/shop/                             
| ✓ | ⏱: 3.64s 
  [skyesthelimit] https://skyesthelimitcatalog.com/shop/ → 0 products
[FETCH]... ↓ https://plugforinmates.com/                                        
| ✓ | ⏱: 9.87s 
[SCRAPE].. ◆ https://plugforinmates.com/                                        
| ✓ | ⏱: 0.10s 
[COMPLETE] ● https://plugforinmates.com/                                        
| ✓ | ⏱: 10.04s 
  [plugforinmates] https://plugforinmates.com/ → 9 products
[FETCH]... ↓ https://nysapprovedvendor.com/                                     
| ✓ | ⏱: 18.51s 
[SCRAPE].. ◆ https://nysapprovedvendor.com/                                     
| ✓ | ⏱: 0.34s 
[COMPLETE] ● https://nysapprovedvendor.com/                                     
| ✓ | ⏱: 18.89s 
  [nysapprovedvendor] https://nysapprovedvendor.com/ → 80 products
[FETCH]... ↓ https://emmaspremiumservices.com/collections/all                   
| ✓ | ⏱: 19.80s 
[SCRAPE].. ◆ https://emmaspremiumservices.com/collections/all                   
| ✓ | ⏱: 0.39s 
[COMPLETE] ● https://emmaspremiumservices.com/collections/all                   
| ✓ | ⏱: 20.22s 
  [emmaspremiumservices] https://emmaspremiumservices.com/collections/all → 2 products
[FETCH]... ↓ https://cigessentials.com/collections/all                          
| ✓ | ⏱: 6.08s 
[SCRAPE].. ◆ https://cigessentials.com/collections/all                          
| ✓ | ⏱: 0.26s 
[COMPLETE] ● https://cigessentials.com/collections/all                          
| ✓ | ⏱: 6.37s 
  [cigessentials] https://cigessentials.com/collections/all → 1 products
[SCRAPE].. ◆ Some images failed to load within timeout 
[SCRAPE].. ◆ Some images failed to load within timeout 
[FETCH]... ↓ https://emmaspremiumservices.com/collections/food-snacks           
| ✓ | ⏱: 6.31s 
[SCRAPE].. ◆ https://emmaspremiumservices.com/collections/food-snacks           
| ✓ | ⏱: 0.16s 
[COMPLETE] ● https://emmaspremiumservices.com/collections/food-snacks           
| ✓ | ⏱: 6.49s 
  [emmaspremiumservices] https://emmaspremiumservices.com/collections/food-snacks → 0 products
[FETCH]... ↓ https://nysapprovedvendor.com/shop/                                
| ✓ | ⏱: 11.63s 
[SCRAPE].. ◆ https://nysapprovedvendor.com/shop/                                
| ✓ | ⏱: 0.43s 
[COMPLETE] ● https://nysapprovedvendor.com/shop/                                
| ✓ | ⏱: 12.09s 
  [nysapprovedvendor] https://nysapprovedvendor.com/shop/ → 80 products
[FETCH]... ↓ https://emmaspremiumservices.com/collections/hygiene               
| ✓ | ⏱: 4.63s 
[SCRAPE].. ◆ https://emmaspremiumservices.com/collections/hygiene               
| ✓ | ⏱: 0.16s 
[COMPLETE] ● https://emmaspremiumservices.com/collections/hygiene               
| ✓ | ⏱: 4.81s 
  [emmaspremiumservices] https://emmaspremiumservices.com/collections/hygiene → 0 products
[SCRAPE].. ◆ Some images failed to load within timeout 
[FETCH]... ↓ https://emmaspremiumservices.com/collections/clothing              
| ✓ | ⏱: 9.41s 
[SCRAPE].. ◆ https://emmaspremiumservices.com/collections/clothing              
| ✓ | ⏱: 0.37s 
[COMPLETE] ● https://emmaspremiumservices.com/collections/clothing              
| ✓ | ⏱: 9.81s 
  [emmaspremiumservices] https://emmaspremiumservices.com/collections/clothing → 2 products
[SCRAPE].. ◆ Some images failed to load within timeout 
[FETCH]... ↓ https://emmaspremiumservices.com/collections/electronics           
| ✓ | ⏱: 9.18s 
[SCRAPE].. ◆ https://emmaspremiumservices.com/collections/electronics           
| ✓ | ⏱: 0.57s 
[COMPLETE] ● https://emmaspremiumservices.com/collections/electronics           
| ✓ | ⏱: 9.79s 
  [emmaspremiumservices] https://emmaspremiumservices.com/collections/electronics → 2 products

Compliance check: ['No changes on DOCCS mail/packages page', 'Disapproved vendor list — no changes detected']
New compliant products found: 0

Report saved to: /Users/markususche/Desktop/Vender Resale/research/2026-08-04-daily-report.md
Latest report: /Users/markususche/Desktop/Vender Resale/research/latest-report.md

Done.

============================================================
Vender Resale — Nightly Research — 2026-08-05 02:00
============================================================


[2026-08-05 02:00] Scraping 5 competitor sites...
[FETCH]... ↓ https://plugforinmates.com/collections/all                         
| ✓ | ⏱: 6.00s 
[SCRAPE].. ◆ https://plugforinmates.com/collections/all                         
| ✓ | ⏱: 0.02s 
[COMPLETE] ● https://plugforinmates.com/collections/all                         
| ✓ | ⏱: 6.10s 
  [plugforinmates] https://plugforinmates.com/collections/all → 0 products
[SCRAPE].. ◆ Some images failed to load within timeout 
[SCRAPE].. ◆ Some images failed to load within timeout 
[FETCH]... ↓ https://skyesthelimitcatalog.com/                                  
| ✓ | ⏱: 12.36s 
[SCRAPE].. ◆ https://skyesthelimitcatalog.com/                                  
| ✓ | ⏱: 0.28s 
[COMPLETE] ● https://skyesthelimitcatalog.com/                                  
| ✓ | ⏱: 12.70s 
  [skyesthelimit] https://skyesthelimitcatalog.com/ → 2 products
[FETCH]... ↓ https://cigessentials.com/                                         
| ✓ | ⏱: 14.58s 
[SCRAPE].. ◆ https://cigessentials.com/                                         
| ✓ | ⏱: 0.54s 
[COMPLETE] ● https://cigessentials.com/                                         
| ✓ | ⏱: 15.17s 
  [cigessentials] https://cigessentials.com/ → 16 products
[SCRAPE].. ◆ Some images failed to load within timeout 
[FETCH]... ↓ https://plugforinmates.com/                                        
| ✓ | ⏱: 10.07s 
[SCRAPE].. ◆ https://plugforinmates.com/                                        
| ✓ | ⏱: 0.20s 
[COMPLETE] ● https://plugforinmates.com/                                        
| ✓ | ⏱: 10.30s 
  [plugforinmates] https://plugforinmates.com/ → 9 products
[FETCH]... ↓ https://skyesthelimitcatalog.com/shop/                             
| ✓ | ⏱: 6.21s 
[SCRAPE].. ◆ https://skyesthelimitcatalog.com/shop/                             
| ✓ | ⏱: 0.00s 
[COMPLETE] ● https://skyesthelimitcatalog.com/shop/                             
| ✓ | ⏱: 6.23s 
  [skyesthelimit] https://skyesthelimitcatalog.com/shop/ → 0 products
[FETCH]... ↓ https://emmaspremiumservices.com/collections/all                   
| ✓ | ⏱: 20.41s 
[SCRAPE].. ◆ https://emmaspremiumservices.com/collections/all                   
| ✓ | ⏱: 0.39s 
[COMPLETE] ● https://emmaspremiumservices.com/collections/all                   
| ✓ | ⏱: 20.84s 
  [emmaspremiumservices] https://emmaspremiumservices.com/collections/all → 2 products
[FETCH]... ↓ https://cigessentials.com/collections/all                          
| ✓ | ⏱: 5.96s 
[SCRAPE].. ◆ https://cigessentials.com/collections/all                          
| ✓ | ⏱: 0.11s 
[COMPLETE] ● https://cigessentials.com/collections/all                          
| ✓ | ⏱: 6.10s 
  [cigessentials] https://cigessentials.com/collections/all → 1 products
[FETCH]... ↓ https://nysapprovedvendor.com/                                     
| ✓ | ⏱: 21.98s 
[SCRAPE].. ◆ https://nysapprovedvendor.com/                                     
| ✓ | ⏱: 0.45s 
[COMPLETE] ● https://nysapprovedvendor.com/                                     
| ✓ | ⏱: 22.48s 
  [nysapprovedvendor] https://nysapprovedvendor.com/ → 80 products
[FETCH]... ↓ https://emmaspremiumservices.com/collections/food-snacks           
| ✓ | ⏱: 4.99s 
[SCRAPE].. ◆ https://emmaspremiumservices.com/collections/food-snacks           
| ✓ | ⏱: 0.15s 
[COMPLETE] ● https://emmaspremiumservices.com/collections/food-snacks           
| ✓ | ⏱: 5.17s 
  [emmaspremiumservices] https://emmaspremiumservices.com/collections/food-snacks → 0 products
[SCRAPE].. ◆ Some images failed to load within timeout 
[FETCH]... ↓ https://emmaspremiumservices.com/collections/hygiene               
| ✓ | ⏱: 5.24s 
[SCRAPE].. ◆ https://emmaspremiumservices.com/collections/hygiene               
| ✓ | ⏱: 0.20s 
[COMPLETE] ● https://emmaspremiumservices.com/collections/hygiene               
| ✓ | ⏱: 5.47s 
  [emmaspremiumservices] https://emmaspremiumservices.com/collections/hygiene → 0 products
[FETCH]... ↓ https://nysapprovedvendor.com/shop/                                
| ✓ | ⏱: 10.60s 
[SCRAPE].. ◆ https://nysapprovedvendor.com/shop/                                
| ✓ | ⏱: 0.53s 
[COMPLETE] ● https://nysapprovedvendor.com/shop/                                
| ✓ | ⏱: 11.18s 
  [nysapprovedvendor] https://nysapprovedvendor.com/shop/ → 80 products
[SCRAPE].. ◆ Some images failed to load within timeout 
[FETCH]... ↓ https://emmaspremiumservices.com/collections/clothing              
| ✓ | ⏱: 10.40s 
[SCRAPE].. ◆ https://emmaspremiumservices.com/collections/clothing              
| ✓ | ⏱: 0.39s 
[COMPLETE] ● https://emmaspremiumservices.com/collections/clothing              
| ✓ | ⏱: 10.82s 
  [emmaspremiumservices] https://emmaspremiumservices.com/collections/clothing → 2 products
[FETCH]... ↓ https://emmaspremiumservices.com/collections/electronics           
| ✓ | ⏱: 8.63s 
[SCRAPE].. ◆ https://emmaspremiumservices.com/collections/electronics           
| ✓ | ⏱: 0.35s 
[COMPLETE] ● https://emmaspremiumservices.com/collections/electronics           
| ✓ | ⏱: 9.01s 
  [emmaspremiumservices] https://emmaspremiumservices.com/collections/electronics → 2 products

Compliance check: ['DOCCS mail/packages page content changed — review immediately', 'Disapproved vendor list — no changes detected']
New compliant products found: 0

Report saved to: /Users/markususche/Desktop/Vender Resale/research/2026-08-05-daily-report.md
Latest report: /Users/markususche/Desktop/Vender Resale/research/latest-report.md

*** COMPLIANCE CHANGES DETECTED — CHECK IMMEDIATELY ***

============================================================
Vender Resale — Nightly Research — 2026-08-06 02:00
============================================================


[2026-08-06 02:00] Scraping 5 competitor sites...
[FETCH]... ↓ https://plugforinmates.com/collections/all                         
| ✓ | ⏱: 5.59s 
[SCRAPE].. ◆ https://plugforinmates.com/collections/all                         
| ✓ | ⏱: 0.00s 
[COMPLETE] ● https://plugforinmates.com/collections/all                         
| ✓ | ⏱: 5.65s 
  [plugforinmates] https://plugforinmates.com/collections/all → 0 products
[SCRAPE].. ◆ Some images failed to load within timeout 
[FETCH]... ↓ https://plugforinmates.com/                                        
| ✓ | ⏱: 7.94s 
[SCRAPE].. ◆ https://plugforinmates.com/                                        
| ✓ | ⏱: 0.07s 
[COMPLETE] ● https://plugforinmates.com/                                        
| ✓ | ⏱: 8.03s 
  [plugforinmates] https://plugforinmates.com/ → 9 products
[SCRAPE].. ◆ Some images failed to load within timeout 
[FETCH]... ↓ https://skyesthelimitcatalog.com/                                  
| ✓ | ⏱: 38.83s 
[SCRAPE].. ◆ https://skyesthelimitcatalog.com/                                  
| ✓ | ⏱: 0.16s 
[COMPLETE] ● https://skyesthelimitcatalog.com/                                  
| ✓ | ⏱: 39.05s 
  [skyesthelimit] https://skyesthelimitcatalog.com/ → 2 products
[SCRAPE].. ◆ Some images failed to load within timeout 
[FETCH]... ↓ https://cigessentials.com/                                         
| ✓ | ⏱: 41.27s 
[SCRAPE].. ◆ https://cigessentials.com/                                         
| ✓ | ⏱: 0.38s 
[COMPLETE] ● https://cigessentials.com/                                         
| ✓ | ⏱: 41.69s 
  [cigessentials] https://cigessentials.com/ → 16 products
[FETCH]... ↓ https://emmaspremiumservices.com/collections/all                   
| ✓ | ⏱: 45.86s 
[SCRAPE].. ◆ https://emmaspremiumservices.com/collections/all                   
| ✓ | ⏱: 0.44s 
[COMPLETE] ● https://emmaspremiumservices.com/collections/all                   
| ✓ | ⏱: 46.34s 
  [emmaspremiumservices] https://emmaspremiumservices.com/collections/all → 2 products
[FETCH]... ↓ https://nysapprovedvendor.com/                                     
| ✓ | ⏱: 46.39s 
[SCRAPE].. ◆ https://nysapprovedvendor.com/                                     
| ✓ | ⏱: 0.41s 
[COMPLETE] ● https://nysapprovedvendor.com/                                     
| ✓ | ⏱: 46.84s 
  [nysapprovedvendor] https://nysapprovedvendor.com/ → 80 products
[FETCH]... ↓ https://cigessentials.com/collections/all                          
| ✓ | ⏱: 5.62s 
[SCRAPE].. ◆ https://cigessentials.com/collections/all                          
| ✓ | ⏱: 0.11s 
[COMPLETE] ● https://cigessentials.com/collections/all                          
| ✓ | ⏱: 5.76s 
  [cigessentials] https://cigessentials.com/collections/all → 1 products
[SCRAPE].. ◆ Some images failed to load within timeout 
[SCRAPE].. ◆ Some images failed to load within timeout 
[FETCH]... ↓ https://emmaspremiumservices.com/collections/food-snacks           
| ✓ | ⏱: 6.71s 
[SCRAPE].. ◆ https://emmaspremiumservices.com/collections/food-snacks           
| ✓ | ⏱: 0.15s 
[COMPLETE] ● https://emmaspremiumservices.com/collections/food-snacks           
| ✓ | ⏱: 6.89s 
  [emmaspremiumservices] https://emmaspremiumservices.com/collections/food-snacks → 0 products
[FETCH]... ↓ https://emmaspremiumservices.com/collections/hygiene               
| ✓ | ⏱: 5.23s 
[SCRAPE].. ◆ https://emmaspremiumservices.com/collections/hygiene               
| ✓ | ⏱: 0.23s 
[COMPLETE] ● https://emmaspremiumservices.com/collections/hygiene               
| ✓ | ⏱: 5.49s 
  [emmaspremiumservices] https://emmaspremiumservices.com/collections/hygiene → 0 products
[FETCH]... ↓ https://nysapprovedvendor.com/shop/                                
| ✓ | ⏱: 11.88s 
[SCRAPE].. ◆ https://nysapprovedvendor.com/shop/                                
| ✓ | ⏱: 0.44s 
[COMPLETE] ● https://nysapprovedvendor.com/shop/                                
| ✓ | ⏱: 12.35s 
  [nysapprovedvendor] https://nysapprovedvendor.com/shop/ → 80 products
[SCRAPE].. ◆ Some images failed to load within timeout 
[ANTIBOT]. ℹ https://skyesthelimitcatalog.com/shop/             | Error: Proxy 
direct failed: Failed on navigating ACS-GOTO:
Page.goto: Timeout 30000ms exceeded.
Call log:
  - navigating to "https://skyesthelimitcatalog.com/shop/", waiting until 
"domcontentloaded"
 
[ERROR]... × https://skyesthelimitcatalog.com/shop/             | Error: 
Unexpected error in _crawl_web at line 778 in _crawl_web 
(Library/Python/3.14/lib/python/site-packages/crawl4ai/async_crawler_strategy.py
):
Error: Failed on navigating ACS-GOTO:
Page.goto: Timeout 30000ms exceeded.
Call log:
  - navigating to "https://skyesthelimitcatalog.com/shop/", waiting until 
"domcontentloaded"


Code context:
 773                                   tag="GOTO",
 774                                   params={"url": url},
 775                               )
 776                               response = None
 777                           else:
 778 →                             raise RuntimeError(f"Failed on navigating 
ACS-GOTO:\n{str(e)}")
 779   
 780                       # 
──────────────────────────────────────────────────────────────
 781                       # Walk the redirect chain.  Playwright returns only 
the last
 782                       # hop, so we trace the `request.redirected_from` 
links until the
 783                       # first response that differs from the final one and 
surface its 
  [skyesthelimit] FAIL https://skyesthelimitcatalog.com/shop/: Unexpected error in _crawl_web at line 778 in _crawl_web (Library/Python/3.14/lib/python/site-packages/crawl4ai/async_crawler_strategy.py):
Error: Failed on navigating ACS-GOTO:
Page.goto: Timeout 30000ms exceeded.
Call log:
  - navigating to "https://skyesthelimitcatalog.com/shop/", waiting until "domcontentloaded"


Code context:
 773                                   tag="GOTO",
 774                                   params={"url": url},
 775                               )
 776                               response = None
 777                           else:
 778 →                             raise RuntimeError(f"Failed on navigating ACS-GOTO:\n{str(e)}")
 779   
 780                       # ──────────────────────────────────────────────────────────────
 781                       # Walk the redirect chain.  Playwright returns only the last
 782                       # hop, so we trace the `request.redirected_from` links until the
 783                       # first response that differs from the final one and surface its
[FETCH]... ↓ https://emmaspremiumservices.com/collections/clothing              
| ✓ | ⏱: 10.59s 
[SCRAPE].. ◆ https://emmaspremiumservices.com/collections/clothing              
| ✓ | ⏱: 0.49s 
[COMPLETE] ● https://emmaspremiumservices.com/collections/clothing              
| ✓ | ⏱: 11.11s 
  [emmaspremiumservices] https://emmaspremiumservices.com/collections/clothing → 2 products
[SCRAPE].. ◆ Some images failed to load within timeout 
[FETCH]... ↓ https://emmaspremiumservices.com/collections/electronics           
| ✓ | ⏱: 10.62s 
[SCRAPE].. ◆ https://emmaspremiumservices.com/collections/electronics           
| ✓ | ⏱: 0.37s 
[COMPLETE] ● https://emmaspremiumservices.com/collections/electronics           
| ✓ | ⏱: 11.02s 
  [emmaspremiumservices] https://emmaspremiumservices.com/collections/electronics → 2 products

Compliance check: ['No changes on DOCCS mail/packages page', 'Disapproved vendor list — no changes detected']
New compliant products found: 4

Report saved to: /Users/markususche/Desktop/Vender Resale/research/2026-08-06-daily-report.md
Latest report: /Users/markususche/Desktop/Vender Resale/research/latest-report.md

Done.

============================================================
Vender Resale — Nightly Research — 2026-08-07 02:00
============================================================


[2026-08-07 02:00] Scraping 5 competitor sites...
[FETCH]... ↓ https://plugforinmates.com/collections/all                         
| ✓ | ⏱: 22.05s 
[SCRAPE].. ◆ https://plugforinmates.com/collections/all                         
| ✓ | ⏱: 0.07s 
[COMPLETE] ● https://plugforinmates.com/collections/all                         
| ✓ | ⏱: 22.19s 
  [plugforinmates] https://plugforinmates.com/collections/all → 0 products
[SCRAPE].. ◆ Some images failed to load within timeout 
[SCRAPE].. ◆ Some images failed to load within timeout 
[FETCH]... ↓ https://skyesthelimitcatalog.com/                                  
| ✓ | ⏱: 29.05s 
[SCRAPE].. ◆ https://skyesthelimitcatalog.com/                                  
| ✓ | ⏱: 0.23s 
[COMPLETE] ● https://skyesthelimitcatalog.com/                                  
| ✓ | ⏱: 29.34s 
  [skyesthelimit] https://skyesthelimitcatalog.com/ → 2 products
[FETCH]... ↓ https://plugforinmates.com/                                        
| ✓ | ⏱: 10.68s 
[SCRAPE].. ◆ https://plugforinmates.com/                                        
| ✓ | ⏱: 0.09s 
[COMPLETE] ● https://plugforinmates.com/                                        
| ✓ | ⏱: 10.80s 
  [plugforinmates] https://plugforinmates.com/ → 9 products
[FETCH]... ↓ https://cigessentials.com/                                         
| ✓ | ⏱: 33.83s 
[SCRAPE].. ◆ https://cigessentials.com/                                         
| ✓ | ⏱: 0.43s 
[COMPLETE] ● https://cigessentials.com/                                         
| ✓ | ⏱: 34.62s 
  [cigessentials] https://cigessentials.com/ → 16 products
[SCRAPE].. ◆ Some images failed to load within timeout 
[FETCH]... ↓ https://skyesthelimitcatalog.com/shop/                             
| ✓ | ⏱: 8.09s 
[SCRAPE].. ◆ https://skyesthelimitcatalog.com/shop/                             
| ✓ | ⏱: 0.00s 
[COMPLETE] ● https://skyesthelimitcatalog.com/shop/                             
| ✓ | ⏱: 8.13s 
  [skyesthelimit] https://skyesthelimitcatalog.com/shop/ → 0 products
[FETCH]... ↓ https://cigessentials.com/collections/all                          
| ✓ | ⏱: 5.22s 
[SCRAPE].. ◆ https://cigessentials.com/collections/all                          
| ✓ | ⏱: 0.13s 
[COMPLETE] ● https://cigessentials.com/collections/all                          
| ✓ | ⏱: 5.39s 
  [cigessentials] https://cigessentials.com/collections/all → 1 products
[FETCH]... ↓ https://emmaspremiumservices.com/collections/all                   
| ✓ | ⏱: 39.73s 
[SCRAPE].. ◆ https://emmaspremiumservices.com/collections/all                   
| ✓ | ⏱: 0.45s 
[COMPLETE] ● https://emmaspremiumservices.com/collections/all                   
| ✓ | ⏱: 40.22s 
  [emmaspremiumservices] https://emmaspremiumservices.com/collections/all → 2 products
[FETCH]... ↓ https://nysapprovedvendor.com/                                     
| ✓ | ⏱: 41.67s 
[SCRAPE].. ◆ https://nysapprovedvendor.com/                                     
| ✓ | ⏱: 0.52s 
[COMPLETE] ● https://nysapprovedvendor.com/                                     
| ✓ | ⏱: 42.37s 
  [nysapprovedvendor] https://nysapprovedvendor.com/ → 80 products
[SCRAPE].. ◆ Some images failed to load within timeout 
[SCRAPE].. ◆ Some images failed to load within timeout 
[FETCH]... ↓ https://emmaspremiumservices.com/collections/food-snacks           
| ✓ | ⏱: 7.16s 
[SCRAPE].. ◆ https://emmaspremiumservices.com/collections/food-snacks           
| ✓ | ⏱: 0.15s 
[COMPLETE] ● https://emmaspremiumservices.com/collections/food-snacks           
| ✓ | ⏱: 7.50s 
  [emmaspremiumservices] https://emmaspremiumservices.com/collections/food-snacks → 0 products
[SCRAPE].. ◆ Some images failed to load within timeout 
[FETCH]... ↓ https://nysapprovedvendor.com/shop/                                
| ✓ | ⏱: 11.45s 
[SCRAPE].. ◆ https://nysapprovedvendor.com/shop/                                
| ✓ | ⏱: 0.47s 
[COMPLETE] ● https://nysapprovedvendor.com/shop/                                
| ✓ | ⏱: 11.96s 
  [nysapprovedvendor] https://nysapprovedvendor.com/shop/ → 80 products
[FETCH]... ↓ https://emmaspremiumservices.com/collections/hygiene               
| ✓ | ⏱: 6.50s 
[SCRAPE].. ◆ https://emmaspremiumservices.com/collections/hygiene               
| ✓ | ⏱: 0.17s 
[COMPLETE] ● https://emmaspremiumservices.com/collections/hygiene               
| ✓ | ⏱: 6.70s 
  [emmaspremiumservices] https://emmaspremiumservices.com/collections/hygiene → 0 products
[SCRAPE].. ◆ Some images failed to load within timeout 
[FETCH]... ↓ https://emmaspremiumservices.com/collections/clothing              
| ✓ | ⏱: 10.19s 
[SCRAPE].. ◆ https://emmaspremiumservices.com/collections/clothing              
| ✓ | ⏱: 0.40s 
[COMPLETE] ● https://emmaspremiumservices.com/collections/clothing              
| ✓ | ⏱: 10.61s 
  [emmaspremiumservices] https://emmaspremiumservices.com/collections/clothing → 2 products
[FETCH]... ↓ https://emmaspremiumservices.com/collections/electronics           
| ✓ | ⏱: 8.42s 
[SCRAPE].. ◆ https://emmaspremiumservices.com/collections/electronics           
| ✓ | ⏱: 0.35s 
[COMPLETE] ● https://emmaspremiumservices.com/collections/electronics           
| ✓ | ⏱: 8.81s 
  [emmaspremiumservices] https://emmaspremiumservices.com/collections/electronics → 2 products

Compliance check: ['DOCCS mail/packages page content changed — review immediately', 'Disapproved vendor list — no changes detected']
New compliant products found: 0

Report saved to: /Users/markususche/Desktop/Vender Resale/research/2026-08-07-daily-report.md
Latest report: /Users/markususche/Desktop/Vender Resale/research/latest-report.md

*** COMPLIANCE CHANGES DETECTED — CHECK IMMEDIATELY ***

============================================================
Vender Resale — Nightly Research — 2026-08-08 02:00
============================================================


[2026-08-08 02:00] Scraping 5 competitor sites...
[FETCH]... ↓ https://plugforinmates.com/collections/all                         
| ✓ | ⏱: 6.32s 
[SCRAPE].. ◆ https://plugforinmates.com/collections/all                         
| ✓ | ⏱: 0.03s 
[COMPLETE] ● https://plugforinmates.com/collections/all                         
| ✓ | ⏱: 6.42s 
  [plugforinmates] https://plugforinmates.com/collections/all → 0 products
[SCRAPE].. ◆ Some images failed to load within timeout 
[SCRAPE].. ◆ Some images failed to load within timeout 
[FETCH]... ↓ https://skyesthelimitcatalog.com/                                  
| ✓ | ⏱: 12.85s 
[SCRAPE].. ◆ https://skyesthelimitcatalog.com/                                  
| ✓ | ⏱: 0.33s 
[COMPLETE] ● https://skyesthelimitcatalog.com/                                  
| ✓ | ⏱: 13.34s 
  [skyesthelimit] https://skyesthelimitcatalog.com/ → 2 products
[SCRAPE].. ◆ Some images failed to load within timeout 
[FETCH]... ↓ https://cigessentials.com/                                         
| ✓ | ⏱: 16.14s 
[SCRAPE].. ◆ https://cigessentials.com/                                         
| ✓ | ⏱: 0.40s 
[COMPLETE] ● https://cigessentials.com/                                         
| ✓ | ⏱: 16.58s 
  [cigessentials] https://cigessentials.com/ → 16 products
[FETCH]... ↓ https://plugforinmates.com/                                        
| ✓ | ⏱: 10.71s 
[SCRAPE].. ◆ https://plugforinmates.com/                                        
| ✓ | ⏱: 0.11s 
[COMPLETE] ● https://plugforinmates.com/                                        
| ✓ | ⏱: 10.85s 
  [plugforinmates] https://plugforinmates.com/ → 9 products
[FETCH]... ↓ https://skyesthelimitcatalog.com/shop/                             
| ✓ | ⏱: 4.95s 
[SCRAPE].. ◆ https://skyesthelimitcatalog.com/shop/                             
| ✓ | ⏱: 0.00s 
[COMPLETE] ● https://skyesthelimitcatalog.com/shop/                             
| ✓ | ⏱: 4.99s 
  [skyesthelimit] https://skyesthelimitcatalog.com/shop/ → 0 products
[FETCH]... ↓ https://emmaspremiumservices.com/collections/all                   
| ✓ | ⏱: 20.34s 
[SCRAPE].. ◆ https://emmaspremiumservices.com/collections/all                   
| ✓ | ⏱: 0.45s 
[COMPLETE] ● https://emmaspremiumservices.com/collections/all                   
| ✓ | ⏱: 20.82s 
  [emmaspremiumservices] https://emmaspremiumservices.com/collections/all → 2 products
[FETCH]... ↓ https://nysapprovedvendor.com/                                     
| ✓ | ⏱: 21.78s 
[SCRAPE].. ◆ https://nysapprovedvendor.com/                                     
| ✓ | ⏱: 0.99s 
[COMPLETE] ● https://nysapprovedvendor.com/                                     
| ✓ | ⏱: 22.83s 
  [nysapprovedvendor] https://nysapprovedvendor.com/ → 80 products
[FETCH]... ↓ https://cigessentials.com/collections/all                          
| ✓ | ⏱: 6.80s 
[SCRAPE].. ◆ https://cigessentials.com/collections/all                          
| ✓ | ⏱: 0.14s 
[COMPLETE] ● https://cigessentials.com/collections/all                          
| ✓ | ⏱: 6.98s 
  [cigessentials] https://cigessentials.com/collections/all → 1 products
[SCRAPE].. ◆ Some images failed to load within timeout 
[FETCH]... ↓ https://emmaspremiumservices.com/collections/food-snacks           
| ✓ | ⏱: 7.36s 
[SCRAPE].. ◆ https://emmaspremiumservices.com/collections/food-snacks           
| ✓ | ⏱: 0.17s 
[COMPLETE] ● https://emmaspremiumservices.com/collections/food-snacks           
| ✓ | ⏱: 7.56s 
  [emmaspremiumservices] https://emmaspremiumservices.com/collections/food-snacks → 0 products
[SCRAPE].. ◆ Some images failed to load within timeout 
[FETCH]... ↓ https://emmaspremiumservices.com/collections/hygiene               
| ✓ | ⏱: 5.10s 
[SCRAPE].. ◆ https://emmaspremiumservices.com/collections/hygiene               
| ✓ | ⏱: 0.18s 
[COMPLETE] ● https://emmaspremiumservices.com/collections/hygiene               
| ✓ | ⏱: 5.34s 
  [emmaspremiumservices] https://emmaspremiumservices.com/collections/hygiene → 0 products
[FETCH]... ↓ https://nysapprovedvendor.com/shop/                                
| ✓ | ⏱: 11.81s 
[SCRAPE].. ◆ https://nysapprovedvendor.com/shop/                                
| ✓ | ⏱: 0.43s 
[COMPLETE] ● https://nysapprovedvendor.com/shop/                                
| ✓ | ⏱: 12.28s 
  [nysapprovedvendor] https://nysapprovedvendor.com/shop/ → 80 products
[SCRAPE].. ◆ Some images failed to load within timeout 
[FETCH]... ↓ https://emmaspremiumservices.com/collections/clothing              
| ✓ | ⏱: 9.82s 
[SCRAPE].. ◆ https://emmaspremiumservices.com/collections/clothing              
| ✓ | ⏱: 0.56s 
[COMPLETE] ● https://emmaspremiumservices.com/collections/clothing              
| ✓ | ⏱: 10.43s 
  [emmaspremiumservices] https://emmaspremiumservices.com/collections/clothing → 2 products
[FETCH]... ↓ https://emmaspremiumservices.com/collections/electronics           
| ✓ | ⏱: 8.53s 
[SCRAPE].. ◆ https://emmaspremiumservices.com/collections/electronics           
| ✓ | ⏱: 0.36s 
[COMPLETE] ● https://emmaspremiumservices.com/collections/electronics           
| ✓ | ⏱: 8.92s 
  [emmaspremiumservices] https://emmaspremiumservices.com/collections/electronics → 2 products

Compliance check: ['No changes on DOCCS mail/packages page', 'Disapproved vendor list — no changes detected']
New compliant products found: 0

Report saved to: /Users/markususche/Desktop/Vender Resale/research/2026-08-08-daily-report.md
Latest report: /Users/markususche/Desktop/Vender Resale/research/latest-report.md

Done.

============================================================
Vender Resale — Nightly Research — 2026-08-09 02:00
============================================================


[2026-08-09 02:00] Scraping 5 competitor sites...
[FETCH]... ↓ https://plugforinmates.com/collections/all                         
| ✓ | ⏱: 6.83s 
[SCRAPE].. ◆ https://plugforinmates.com/collections/all                         
| ✓ | ⏱: 0.03s 
[COMPLETE] ● https://plugforinmates.com/collections/all                         
| ✓ | ⏱: 7.07s 
  [plugforinmates] https://plugforinmates.com/collections/all → 0 products
[SCRAPE].. ◆ Some images failed to load within timeout 
[SCRAPE].. ◆ Some images failed to load within timeout 
[FETCH]... ↓ https://skyesthelimitcatalog.com/                                  
| ✓ | ⏱: 13.70s 
[SCRAPE].. ◆ https://skyesthelimitcatalog.com/                                  
| ✓ | ⏱: 0.30s 
[COMPLETE] ● https://skyesthelimitcatalog.com/                                  
| ✓ | ⏱: 14.08s 
  [skyesthelimit] https://skyesthelimitcatalog.com/ → 2 products
[SCRAPE].. ◆ Some images failed to load within timeout 
[FETCH]... ↓ https://plugforinmates.com/                                        
| ✓ | ⏱: 9.94s 
[SCRAPE].. ◆ https://plugforinmates.com/                                        
| ✓ | ⏱: 0.11s 
[COMPLETE] ● https://plugforinmates.com/                                        
| ✓ | ⏱: 10.08s 
  [plugforinmates] https://plugforinmates.com/ → 9 products
[FETCH]... ↓ https://cigessentials.com/                                         
| ✓ | ⏱: 17.48s 
[SCRAPE].. ◆ https://cigessentials.com/                                         
| ✓ | ⏱: 0.56s 
[COMPLETE] ● https://cigessentials.com/                                         
| ✓ | ⏱: 18.07s 
  [cigessentials] https://cigessentials.com/ → 16 products
[FETCH]... ↓ https://skyesthelimitcatalog.com/shop/                             
| ✓ | ⏱: 5.42s 
[SCRAPE].. ◆ https://skyesthelimitcatalog.com/shop/                             
| ✓ | ⏱: 0.01s 
[COMPLETE] ● https://skyesthelimitcatalog.com/shop/                             
| ✓ | ⏱: 5.46s 
  [skyesthelimit] https://skyesthelimitcatalog.com/shop/ → 0 products
[FETCH]... ↓ https://emmaspremiumservices.com/collections/all                   
| ✓ | ⏱: 21.99s 
[SCRAPE].. ◆ https://emmaspremiumservices.com/collections/all                   
| ✓ | ⏱: 0.42s 
[COMPLETE] ● https://emmaspremiumservices.com/collections/all                   
| ✓ | ⏱: 22.45s 
  [emmaspremiumservices] https://emmaspremiumservices.com/collections/all → 2 products
[FETCH]... ↓ https://nysapprovedvendor.com/                                     
| ✓ | ⏱: 23.29s 
[SCRAPE].. ◆ https://nysapprovedvendor.com/                                     
| ✓ | ⏱: 0.53s 
[COMPLETE] ● https://nysapprovedvendor.com/                                     
| ✓ | ⏱: 23.87s 
  [nysapprovedvendor] https://nysapprovedvendor.com/ → 80 products
[FETCH]... ↓ https://cigessentials.com/collections/all                          
| ✓ | ⏱: 6.30s 
[SCRAPE].. ◆ https://cigessentials.com/collections/all                          
| ✓ | ⏱: 0.14s 
[COMPLETE] ● https://cigessentials.com/collections/all                          
| ✓ | ⏱: 6.49s 
  [cigessentials] https://cigessentials.com/collections/all → 1 products
[SCRAPE].. ◆ Some images failed to load within timeout 
[SCRAPE].. ◆ Some images failed to load within timeout 
[FETCH]... ↓ https://emmaspremiumservices.com/collections/food-snacks           
| ✓ | ⏱: 7.15s 
[SCRAPE].. ◆ https://emmaspremiumservices.com/collections/food-snacks           
| ✓ | ⏱: 0.20s 
[COMPLETE] ● https://emmaspremiumservices.com/collections/food-snacks           
| ✓ | ⏱: 7.39s 
  [emmaspremiumservices] https://emmaspremiumservices.com/collections/food-snacks → 0 products
[SCRAPE].. ◆ Some images failed to load within timeout 
[FETCH]... ↓ https://nysapprovedvendor.com/shop/                                
| ✓ | ⏱: 10.67s 
[SCRAPE].. ◆ https://nysapprovedvendor.com/shop/                                
| ✓ | ⏱: 0.43s 
[COMPLETE] ● https://nysapprovedvendor.com/shop/                                
| ✓ | ⏱: 11.14s 
  [nysapprovedvendor] https://nysapprovedvendor.com/shop/ → 80 products
[FETCH]... ↓ https://emmaspremiumservices.com/collections/hygiene               
| ✓ | ⏱: 6.27s 
[SCRAPE].. ◆ https://emmaspremiumservices.com/collections/hygiene               
| ✓ | ⏱: 0.15s 
[COMPLETE] ● https://emmaspremiumservices.com/collections/hygiene               
| ✓ | ⏱: 6.46s 
  [emmaspremiumservices] https://emmaspremiumservices.com/collections/hygiene → 0 products
[SCRAPE].. ◆ Some images failed to load within timeout 
[FETCH]... ↓ https://emmaspremiumservices.com/collections/clothing              
| ✓ | ⏱: 10.06s 
[SCRAPE].. ◆ https://emmaspremiumservices.com/collections/clothing              
| ✓ | ⏱: 0.41s 
[COMPLETE] ● https://emmaspremiumservices.com/collections/clothing              
| ✓ | ⏱: 10.51s 
  [emmaspremiumservices] https://emmaspremiumservices.com/collections/clothing → 2 products
[SCRAPE].. ◆ Some images failed to load within timeout 
[FETCH]... ↓ https://emmaspremiumservices.com/collections/electronics           
| ✓ | ⏱: 9.36s 
[SCRAPE].. ◆ https://emmaspremiumservices.com/collections/electronics           
| ✓ | ⏱: 0.37s 
[COMPLETE] ● https://emmaspremiumservices.com/collections/electronics           
| ✓ | ⏱: 9.76s 
  [emmaspremiumservices] https://emmaspremiumservices.com/collections/electronics → 2 products

Compliance check: ['No changes on DOCCS mail/packages page', 'Disapproved vendor list — no changes detected']
New compliant products found: 0

Report saved to: /Users/markususche/Desktop/Vender Resale/research/2026-08-09-daily-report.md
Latest report: /Users/markususche/Desktop/Vender Resale/research/latest-report.md

Done.

============================================================
Vender Resale — Nightly Research — 2026-08-10 02:00
============================================================


[2026-08-10 02:00] Scraping 5 competitor sites...
[FETCH]... ↓ https://plugforinmates.com/collections/all                         
| ✓ | ⏱: 6.23s 
[SCRAPE].. ◆ https://plugforinmates.com/collections/all                         
| ✓ | ⏱: 0.07s 
[COMPLETE] ● https://plugforinmates.com/collections/all                         
| ✓ | ⏱: 6.44s 
  [plugforinmates] https://plugforinmates.com/collections/all → 0 products
[SCRAPE].. ◆ Some images failed to load within timeout 
[SCRAPE].. ◆ Some images failed to load within timeout 
[FETCH]... ↓ https://skyesthelimitcatalog.com/                                  
| ✓ | ⏱: 11.82s 
[SCRAPE].. ◆ https://skyesthelimitcatalog.com/                                  
| ✓ | ⏱: 0.26s 
[COMPLETE] ● https://skyesthelimitcatalog.com/                                  
| ✓ | ⏱: 12.13s 
  [skyesthelimit] https://skyesthelimitcatalog.com/ → 2 products
[SCRAPE].. ◆ Some images failed to load within timeout 
[FETCH]... ↓ https://plugforinmates.com/                                        
| ✓ | ⏱: 8.86s 
[SCRAPE].. ◆ https://plugforinmates.com/                                        
| ✓ | ⏱: 0.12s 
[COMPLETE] ● https://plugforinmates.com/                                        
| ✓ | ⏱: 9.02s 
  [plugforinmates] https://plugforinmates.com/ → 9 products
[FETCH]... ↓ https://cigessentials.com/                                         
| ✓ | ⏱: 15.49s 
[SCRAPE].. ◆ https://cigessentials.com/                                         
| ✓ | ⏱: 0.43s 
[COMPLETE] ● https://cigessentials.com/                                         
| ✓ | ⏱: 15.96s 
  [cigessentials] https://cigessentials.com/ → 16 products
[FETCH]... ↓ https://skyesthelimitcatalog.com/shop/                             
| ✓ | ⏱: 4.98s 
[SCRAPE].. ◆ https://skyesthelimitcatalog.com/shop/                             
| ✓ | ⏱: 0.00s 
[COMPLETE] ● https://skyesthelimitcatalog.com/shop/                             
| ✓ | ⏱: 5.00s 
  [skyesthelimit] https://skyesthelimitcatalog.com/shop/ → 0 products
[FETCH]... ↓ https://emmaspremiumservices.com/collections/all                   
| ✓ | ⏱: 19.58s 
[SCRAPE].. ◆ https://emmaspremiumservices.com/collections/all                   
| ✓ | ⏱: 0.40s 
[COMPLETE] ● https://emmaspremiumservices.com/collections/all                   
| ✓ | ⏱: 20.01s 
  [emmaspremiumservices] https://emmaspremiumservices.com/collections/all → 2 products
[FETCH]... ↓ https://cigessentials.com/collections/all                          
| ✓ | ⏱: 5.58s 
[SCRAPE].. ◆ https://cigessentials.com/collections/all                          
| ✓ | ⏱: 0.17s 
[COMPLETE] ● https://cigessentials.com/collections/all                          
| ✓ | ⏱: 5.78s 
  [cigessentials] https://cigessentials.com/collections/all → 1 products
[FETCH]... ↓ https://nysapprovedvendor.com/                                     
| ✓ | ⏱: 22.01s 
[SCRAPE].. ◆ https://nysapprovedvendor.com/                                     
| ✓ | ⏱: 0.43s 
[COMPLETE] ● https://nysapprovedvendor.com/                                     
| ✓ | ⏱: 22.48s 
  [nysapprovedvendor] https://nysapprovedvendor.com/ → 80 products
[SCRAPE].. ◆ Some images failed to load within timeout 
[FETCH]... ↓ https://emmaspremiumservices.com/collections/food-snacks           
| ✓ | ⏱: 6.47s 
[SCRAPE].. ◆ https://emmaspremiumservices.com/collections/food-snacks           
| ✓ | ⏱: 0.16s 
[COMPLETE] ● https://emmaspremiumservices.com/collections/food-snacks           
| ✓ | ⏱: 6.66s 
  [emmaspremiumservices] https://emmaspremiumservices.com/collections/food-snacks → 0 products
[SCRAPE].. ◆ Some images failed to load within timeout 
[SCRAPE].. ◆ Some images failed to load within timeout 
[FETCH]... ↓ https://emmaspremiumservices.com/collections/hygiene               
| ✓ | ⏱: 5.49s 
[SCRAPE].. ◆ https://emmaspremiumservices.com/collections/hygiene               
| ✓ | ⏱: 0.20s 
[COMPLETE] ● https://emmaspremiumservices.com/collections/hygiene               
| ✓ | ⏱: 5.72s 
  [emmaspremiumservices] https://emmaspremiumservices.com/collections/hygiene → 0 products
[FETCH]... ↓ https://nysapprovedvendor.com/shop/                                
| ✓ | ⏱: 10.58s 
[SCRAPE].. ◆ https://nysapprovedvendor.com/shop/                                
| ✓ | ⏱: 0.57s 
[COMPLETE] ● https://nysapprovedvendor.com/shop/                                
| ✓ | ⏱: 11.19s 
  [nysapprovedvendor] https://nysapprovedvendor.com/shop/ → 80 products
[SCRAPE].. ◆ Some images failed to load within timeout 
[FETCH]... ↓ https://emmaspremiumservices.com/collections/clothing              
| ✓ | ⏱: 9.72s 
[SCRAPE].. ◆ https://emmaspremiumservices.com/collections/clothing              
| ✓ | ⏱: 0.40s 
[COMPLETE] ● https://emmaspremiumservices.com/collections/clothing              
| ✓ | ⏱: 10.15s 
  [emmaspremiumservices] https://emmaspremiumservices.com/collections/clothing → 2 products
[SCRAPE].. ◆ Some images failed to load within timeout 
[FETCH]... ↓ https://emmaspremiumservices.com/collections/electronics           
| ✓ | ⏱: 9.43s 
[SCRAPE].. ◆ https://emmaspremiumservices.com/collections/electronics           
| ✓ | ⏱: 0.38s 
[COMPLETE] ● https://emmaspremiumservices.com/collections/electronics           
| ✓ | ⏱: 9.85s 
  [emmaspremiumservices] https://emmaspremiumservices.com/collections/electronics → 2 products

Compliance check: ['No changes on DOCCS mail/packages page', 'Disapproved vendor list — no changes detected']
New compliant products found: 0

Report saved to: /Users/markususche/Desktop/Vender Resale/research/2026-08-10-daily-report.md
Latest report: /Users/markususche/Desktop/Vender Resale/research/latest-report.md

Done.

============================================================
Vender Resale — Nightly Research — 2026-08-11 02:00
============================================================


[2026-08-11 02:00] Scraping 5 competitor sites...
[FETCH]... ↓ https://plugforinmates.com/collections/all                         
| ✓ | ⏱: 11.16s 
[SCRAPE].. ◆ https://plugforinmates.com/collections/all                         
| ✓ | ⏱: 0.34s 
[COMPLETE] ● https://plugforinmates.com/collections/all                         
| ✓ | ⏱: 11.66s 
  [plugforinmates] https://plugforinmates.com/collections/all → 0 products
[SCRAPE].. ◆ Some images failed to load within timeout 
[FETCH]... ↓ https://skyesthelimitcatalog.com/                                  
| ✓ | ⏱: 23.58s 
[SCRAPE].. ◆ https://skyesthelimitcatalog.com/                                  
| ✓ | ⏱: 0.94s 
[COMPLETE] ● https://skyesthelimitcatalog.com/                                  
| ✓ | ⏱: 24.59s 
  [skyesthelimit] https://skyesthelimitcatalog.com/ → 2 products
[FETCH]... ↓ https://plugforinmates.com/                                        
| ✓ | ⏱: 13.46s 
[SCRAPE].. ◆ https://plugforinmates.com/                                        
| ✓ | ⏱: 0.19s 
[COMPLETE] ● https://plugforinmates.com/                                        
| ✓ | ⏱: 13.72s 
  [plugforinmates] https://plugforinmates.com/ → 9 products
[FETCH]... ↓ https://cigessentials.com/                                         
| ✓ | ⏱: 29.88s 
[SCRAPE].. ◆ https://cigessentials.com/                                         
| ✓ | ⏱: 2.78s 
[COMPLETE] ● https://cigessentials.com/                                         
| ✓ | ⏱: 32.97s 
  [cigessentials] https://cigessentials.com/ → 16 products
[SCRAPE].. ◆ Some images failed to load within timeout 
[FETCH]... ↓ https://emmaspremiumservices.com/collections/all                   
| ✓ | ⏱: 40.26s 
[SCRAPE].. ◆ https://emmaspremiumservices.com/collections/all                   
| ✓ | ⏱: 2.66s 
[COMPLETE] ● https://emmaspremiumservices.com/collections/all                   
| ✓ | ⏱: 43.02s 
  [emmaspremiumservices] https://emmaspremiumservices.com/collections/all → 2 products
[FETCH]... ↓ https://nysapprovedvendor.com/                                     
| ✓ | ⏱: 46.76s 
[SCRAPE].. ◆ https://nysapprovedvendor.com/                                     
| ✓ | ⏱: 2.10s 
[COMPLETE] ● https://nysapprovedvendor.com/                                     
| ✓ | ⏱: 49.10s 
  [nysapprovedvendor] https://nysapprovedvendor.com/ → 80 products
[FETCH]... ↓ https://skyesthelimitcatalog.com/shop/                             
| ✓ | ⏱: 25.03s 
[SCRAPE].. ◆ https://skyesthelimitcatalog.com/shop/                             
| ✓ | ⏱: 0.01s 
[COMPLETE] ● https://skyesthelimitcatalog.com/shop/                             
| ✓ | ⏱: 25.07s 
  [skyesthelimit] https://skyesthelimitcatalog.com/shop/ → 0 products
[FETCH]... ↓ https://cigessentials.com/collections/all                          
| ✓ | ⏱: 16.68s 
[SCRAPE].. ◆ https://cigessentials.com/collections/all                          
| ✓ | ⏱: 0.82s 
[COMPLETE] ● https://cigessentials.com/collections/all                          
| ✓ | ⏱: 17.63s 
  [cigessentials] https://cigessentials.com/collections/all → 1 products
[SCRAPE].. ◆ Some images failed to load within timeout 
[FETCH]... ↓ https://emmaspremiumservices.com/collections/food-snacks           
| ✓ | ⏱: 17.14s 
[SCRAPE].. ◆ https://emmaspremiumservices.com/collections/food-snacks           
| ✓ | ⏱: 1.73s 
[COMPLETE] ● https://emmaspremiumservices.com/collections/food-snacks           
| ✓ | ⏱: 18.94s 
  [emmaspremiumservices] https://emmaspremiumservices.com/collections/food-snacks → 0 products
[SCRAPE].. ◆ Some images failed to load within timeout 
[FETCH]... ↓ https://nysapprovedvendor.com/shop/                                
| ✓ | ⏱: 25.10s 
[SCRAPE].. ◆ https://nysapprovedvendor.com/shop/                                
| ✓ | ⏱: 2.90s 
[COMPLETE] ● https://nysapprovedvendor.com/shop/                                
| ✓ | ⏱: 28.13s 
  [nysapprovedvendor] https://nysapprovedvendor.com/shop/ → 80 products
[FETCH]... ↓ https://emmaspremiumservices.com/collections/hygiene               
| ✓ | ⏱: 16.31s 
[SCRAPE].. ◆ https://emmaspremiumservices.com/collections/hygiene               
| ✓ | ⏱: 1.13s 
[COMPLETE] ● https://emmaspremiumservices.com/collections/hygiene               
| ✓ | ⏱: 18.55s 
  [emmaspremiumservices] https://emmaspremiumservices.com/collections/hygiene → 0 products
[FETCH]... ↓ https://emmaspremiumservices.com/collections/clothing              
| ✓ | ⏱: 16.44s 
[SCRAPE].. ◆ https://emmaspremiumservices.com/collections/clothing              
| ✓ | ⏱: 0.67s 
[COMPLETE] ● https://emmaspremiumservices.com/collections/clothing              
| ✓ | ⏱: 17.16s 
  [emmaspremiumservices] https://emmaspremiumservices.com/collections/clothing → 2 products
[FETCH]... ↓ https://emmaspremiumservices.com/collections/electronics           
| ✓ | ⏱: 11.20s 
[SCRAPE].. ◆ https://emmaspremiumservices.com/collections/electronics           
| ✓ | ⏱: 0.51s 
[COMPLETE] ● https://emmaspremiumservices.com/collections/electronics           
| ✓ | ⏱: 11.76s 
  [emmaspremiumservices] https://emmaspremiumservices.com/collections/electronics → 2 products

Compliance check: ['No changes on DOCCS mail/packages page', 'Disapproved vendor list — no changes detected']
New compliant products found: 0

Report saved to: /Users/markususche/Desktop/Vender Resale/research/2026-08-11-daily-report.md
Latest report: /Users/markususche/Desktop/Vender Resale/research/latest-report.md

Done.

============================================================
Vender Resale — Nightly Research — 2026-08-12 02:00
============================================================


[2026-08-12 02:00] Scraping 5 competitor sites...
[FETCH]... ↓ https://plugforinmates.com/collections/all                         
| ✓ | ⏱: 6.40s 
[SCRAPE].. ◆ https://plugforinmates.com/collections/all                         
| ✓ | ⏱: 0.03s 
[COMPLETE] ● https://plugforinmates.com/collections/all                         
| ✓ | ⏱: 6.50s 
  [plugforinmates] https://plugforinmates.com/collections/all → 0 products
[SCRAPE].. ◆ Some images failed to load within timeout 
[SCRAPE].. ◆ Some images failed to load within timeout 
[FETCH]... ↓ https://skyesthelimitcatalog.com/                                  
| ✓ | ⏱: 12.38s 
[SCRAPE].. ◆ https://skyesthelimitcatalog.com/                                  
| ✓ | ⏱: 0.28s 
[COMPLETE] ● https://skyesthelimitcatalog.com/                                  
| ✓ | ⏱: 12.70s 
  [skyesthelimit] https://skyesthelimitcatalog.com/ → 2 products
[SCRAPE].. ◆ Some images failed to load within timeout 
[FETCH]... ↓ https://plugforinmates.com/                                        
| ✓ | ⏱: 8.71s 
[SCRAPE].. ◆ https://plugforinmates.com/                                        
| ✓ | ⏱: 0.10s 
[COMPLETE] ● https://plugforinmates.com/                                        
| ✓ | ⏱: 8.84s 
  [plugforinmates] https://plugforinmates.com/ → 9 products
[SCRAPE].. ◆ Some images failed to load within timeout 
[FETCH]... ↓ https://cigessentials.com/                                         
| ✓ | ⏱: 15.94s 
[SCRAPE].. ◆ https://cigessentials.com/                                         
| ✓ | ⏱: 0.41s 
[COMPLETE] ● https://cigessentials.com/                                         
| ✓ | ⏱: 16.39s 
  [cigessentials] https://cigessentials.com/ → 16 products
[FETCH]... ↓ https://skyesthelimitcatalog.com/shop/                             
| ✓ | ⏱: 4.84s 
[SCRAPE].. ◆ https://skyesthelimitcatalog.com/shop/                             
| ✓ | ⏱: 0.00s 
[COMPLETE] ● https://skyesthelimitcatalog.com/shop/                             
| ✓ | ⏱: 4.86s 
  [skyesthelimit] https://skyesthelimitcatalog.com/shop/ → 0 products
[FETCH]... ↓ https://cigessentials.com/collections/all                          
| ✓ | ⏱: 4.99s 
[SCRAPE].. ◆ https://cigessentials.com/collections/all                          
| ✓ | ⏱: 0.19s 
[COMPLETE] ● https://cigessentials.com/collections/all                          
| ✓ | ⏱: 5.22s 
  [cigessentials] https://cigessentials.com/collections/all → 1 products
[FETCH]... ↓ https://emmaspremiumservices.com/collections/all                   
| ✓ | ⏱: 21.90s 
[SCRAPE].. ◆ https://emmaspremiumservices.com/collections/all                   
| ✓ | ⏱: 0.45s 
[COMPLETE] ● https://emmaspremiumservices.com/collections/all                   
| ✓ | ⏱: 22.39s 
  [emmaspremiumservices] https://emmaspremiumservices.com/collections/all → 2 products
[FETCH]... ↓ https://nysapprovedvendor.com/                                     
| ✓ | ⏱: 22.79s 
[SCRAPE].. ◆ https://nysapprovedvendor.com/                                     
| ✓ | ⏱: 0.98s 
[COMPLETE] ● https://nysapprovedvendor.com/                                     
| ✓ | ⏱: 23.81s 
  [nysapprovedvendor] https://nysapprovedvendor.com/ → 80 products
[SCRAPE].. ◆ Some images failed to load within timeout 
[SCRAPE].. ◆ Some images failed to load within timeout 
[FETCH]... ↓ https://emmaspremiumservices.com/collections/food-snacks           
| ✓ | ⏱: 5.96s 
[SCRAPE].. ◆ https://emmaspremiumservices.com/collections/food-snacks           
| ✓ | ⏱: 0.17s 
[COMPLETE] ● https://emmaspremiumservices.com/collections/food-snacks           
| ✓ | ⏱: 6.15s 
  [emmaspremiumservices] https://emmaspremiumservices.com/collections/food-snacks → 0 products
[SCRAPE].. ◆ Some images failed to load within timeout 
[FETCH]... ↓ https://nysapprovedvendor.com/shop/                                
| ✓ | ⏱: 10.16s 
[SCRAPE].. ◆ https://nysapprovedvendor.com/shop/                                
| ✓ | ⏱: 0.41s 
[COMPLETE] ● https://nysapprovedvendor.com/shop/                                
| ✓ | ⏱: 10.61s 
  [nysapprovedvendor] https://nysapprovedvendor.com/shop/ → 80 products
[FETCH]... ↓ https://emmaspremiumservices.com/collections/hygiene               
| ✓ | ⏱: 6.02s 
[SCRAPE].. ◆ https://emmaspremiumservices.com/collections/hygiene               
| ✓ | ⏱: 0.17s 
[COMPLETE] ● https://emmaspremiumservices.com/collections/hygiene               
| ✓ | ⏱: 6.21s 
  [emmaspremiumservices] https://emmaspremiumservices.com/collections/hygiene → 0 products
[SCRAPE].. ◆ Some images failed to load within timeout 
[FETCH]... ↓ https://emmaspremiumservices.com/collections/clothing              
| ✓ | ⏱: 9.63s 
[SCRAPE].. ◆ https://emmaspremiumservices.com/collections/clothing              
| ✓ | ⏱: 0.46s 
[COMPLETE] ● https://emmaspremiumservices.com/collections/clothing              
| ✓ | ⏱: 10.12s 
  [emmaspremiumservices] https://emmaspremiumservices.com/collections/clothing → 2 products
[SCRAPE].. ◆ Some images failed to load within timeout 
[FETCH]... ↓ https://emmaspremiumservices.com/collections/electronics           
| ✓ | ⏱: 9.12s 
[SCRAPE].. ◆ https://emmaspremiumservices.com/collections/electronics           
| ✓ | ⏱: 0.35s 
[COMPLETE] ● https://emmaspremiumservices.com/collections/electronics           
| ✓ | ⏱: 9.50s 
  [emmaspremiumservices] https://emmaspremiumservices.com/collections/electronics → 2 products

Compliance check: ['No changes on DOCCS mail/packages page', 'Disapproved vendor list — no changes detected']
New compliant products found: 0

Report saved to: /Users/markususche/Desktop/Vender Resale/research/2026-08-12-daily-report.md
Latest report: /Users/markususche/Desktop/Vender Resale/research/latest-report.md

Done.

============================================================
Vender Resale — Nightly Research — 2026-08-13 02:00
============================================================


[2026-08-13 02:00] Scraping 5 competitor sites...
[FETCH]... ↓ https://plugforinmates.com/collections/all                         
| ✓ | ⏱: 6.65s 
[SCRAPE].. ◆ https://plugforinmates.com/collections/all                         
| ✓ | ⏱: 0.07s 
[COMPLETE] ● https://plugforinmates.com/collections/all                         
| ✓ | ⏱: 6.88s 
  [plugforinmates] https://plugforinmates.com/collections/all → 0 products
[SCRAPE].. ◆ Some images failed to load within timeout 
[SCRAPE].. ◆ Some images failed to load within timeout 
[FETCH]... ↓ https://skyesthelimitcatalog.com/                                  
| ✓ | ⏱: 14.46s 
[SCRAPE].. ◆ https://skyesthelimitcatalog.com/                                  
| ✓ | ⏱: 0.53s 
[COMPLETE] ● https://skyesthelimitcatalog.com/                                  
| ✓ | ⏱: 15.06s 
  [skyesthelimit] https://skyesthelimitcatalog.com/ → 2 products
[FETCH]... ↓ https://plugforinmates.com/                                        
| ✓ | ⏱: 10.55s 
[SCRAPE].. ◆ https://plugforinmates.com/                                        
| ✓ | ⏱: 0.10s 
[COMPLETE] ● https://plugforinmates.com/                                        
| ✓ | ⏱: 10.67s 
  [plugforinmates] https://plugforinmates.com/ → 9 products
[FETCH]... ↓ https://cigessentials.com/                                         
| ✓ | ⏱: 18.19s 
[SCRAPE].. ◆ https://cigessentials.com/                                         
| ✓ | ⏱: 0.47s 
[COMPLETE] ● https://cigessentials.com/                                         
| ✓ | ⏱: 18.71s 
  [cigessentials] https://cigessentials.com/ → 16 products
[SCRAPE].. ◆ Some images failed to load within timeout 
[FETCH]... ↓ https://skyesthelimitcatalog.com/shop/                             
| ✓ | ⏱: 4.42s 
[SCRAPE].. ◆ https://skyesthelimitcatalog.com/shop/                             
| ✓ | ⏱: 0.00s 
[COMPLETE] ● https://skyesthelimitcatalog.com/shop/                             
| ✓ | ⏱: 4.44s 
  [skyesthelimit] https://skyesthelimitcatalog.com/shop/ → 0 products
[FETCH]... ↓ https://cigessentials.com/collections/all                          
| ✓ | ⏱: 5.22s 
[SCRAPE].. ◆ https://cigessentials.com/collections/all                          
| ✓ | ⏱: 0.14s 
[COMPLETE] ● https://cigessentials.com/collections/all                          
| ✓ | ⏱: 5.39s 
  [cigessentials] https://cigessentials.com/collections/all → 1 products
[FETCH]... ↓ https://emmaspremiumservices.com/collections/all                   
| ✓ | ⏱: 23.72s 
[SCRAPE].. ◆ https://emmaspremiumservices.com/collections/all                   
| ✓ | ⏱: 0.53s 
[COMPLETE] ● https://emmaspremiumservices.com/collections/all                   
| ✓ | ⏱: 24.31s 
  [emmaspremiumservices] https://emmaspremiumservices.com/collections/all → 2 products
[FETCH]... ↓ https://nysapprovedvendor.com/                                     
| ✓ | ⏱: 25.27s 
[SCRAPE].. ◆ https://nysapprovedvendor.com/                                     
| ✓ | ⏱: 0.83s 
[COMPLETE] ● https://nysapprovedvendor.com/                                     
| ✓ | ⏱: 26.16s 
  [nysapprovedvendor] https://nysapprovedvendor.com/ → 80 products
[SCRAPE].. ◆ Some images failed to load within timeout 
[SCRAPE].. ◆ Some images failed to load within timeout 
[FETCH]... ↓ https://emmaspremiumservices.com/collections/food-snacks           
| ✓ | ⏱: 7.01s 
[SCRAPE].. ◆ https://emmaspremiumservices.com/collections/food-snacks           
| ✓ | ⏱: 0.20s 
[COMPLETE] ● https://emmaspremiumservices.com/collections/food-snacks           
| ✓ | ⏱: 7.25s 
  [emmaspremiumservices] https://emmaspremiumservices.com/collections/food-snacks → 0 products
[SCRAPE].. ◆ Some images failed to load within timeout 
[FETCH]... ↓ https://nysapprovedvendor.com/shop/                                
| ✓ | ⏱: 10.87s 
[SCRAPE].. ◆ https://nysapprovedvendor.com/shop/                                
| ✓ | ⏱: 0.39s 
[COMPLETE] ● https://nysapprovedvendor.com/shop/                                
| ✓ | ⏱: 11.30s 
  [nysapprovedvendor] https://nysapprovedvendor.com/shop/ → 80 products
[FETCH]... ↓ https://emmaspremiumservices.com/collections/hygiene               
| ✓ | ⏱: 6.08s 
[SCRAPE].. ◆ https://emmaspremiumservices.com/collections/hygiene               
| ✓ | ⏱: 0.16s 
[COMPLETE] ● https://emmaspremiumservices.com/collections/hygiene               
| ✓ | ⏱: 6.27s 
  [emmaspremiumservices] https://emmaspremiumservices.com/collections/hygiene → 0 products
[SCRAPE].. ◆ Some images failed to load within timeout 
[FETCH]... ↓ https://emmaspremiumservices.com/collections/clothing              
| ✓ | ⏱: 9.96s 
[SCRAPE].. ◆ https://emmaspremiumservices.com/collections/clothing              
| ✓ | ⏱: 0.49s 
[COMPLETE] ● https://emmaspremiumservices.com/collections/clothing              
| ✓ | ⏱: 10.48s 
  [emmaspremiumservices] https://emmaspremiumservices.com/collections/clothing → 2 products
[FETCH]... ↓ https://emmaspremiumservices.com/collections/electronics           
| ✓ | ⏱: 8.64s 
[SCRAPE].. ◆ https://emmaspremiumservices.com/collections/electronics           
| ✓ | ⏱: 0.45s 
[COMPLETE] ● https://emmaspremiumservices.com/collections/electronics           
| ✓ | ⏱: 9.13s 
  [emmaspremiumservices] https://emmaspremiumservices.com/collections/electronics → 2 products

Compliance check: ['DOCCS mail/packages page content changed — review immediately', 'Disapproved vendor list — no changes detected']
New compliant products found: 0

Report saved to: /Users/markususche/Desktop/Vender Resale/research/2026-08-13-daily-report.md
Latest report: /Users/markususche/Desktop/Vender Resale/research/latest-report.md

*** COMPLIANCE CHANGES DETECTED — CHECK IMMEDIATELY ***

============================================================
Vender Resale — Nightly Research — 2026-08-14 02:00
============================================================


[2026-08-14 02:00] Scraping 5 competitor sites...
[FETCH]... ↓ https://plugforinmates.com/collections/all                         
| ✓ | ⏱: 9.19s 
[SCRAPE].. ◆ https://plugforinmates.com/collections/all                         
| ✓ | ⏱: 0.04s 
[COMPLETE] ● https://plugforinmates.com/collections/all                         
| ✓ | ⏱: 9.66s 
  [plugforinmates] https://plugforinmates.com/collections/all → 0 products
[SCRAPE].. ◆ Some images failed to load within timeout 
[SCRAPE].. ◆ Some images failed to load within timeout 
[FETCH]... ↓ https://skyesthelimitcatalog.com/                                  
| ✓ | ⏱: 17.70s 
[SCRAPE].. ◆ https://skyesthelimitcatalog.com/                                  
| ✓ | ⏱: 0.60s 
[COMPLETE] ● https://skyesthelimitcatalog.com/                                  
| ✓ | ⏱: 18.37s 
  [skyesthelimit] https://skyesthelimitcatalog.com/ → 2 products
[FETCH]... ↓ https://plugforinmates.com/                                        
| ✓ | ⏱: 11.52s 
[SCRAPE].. ◆ https://plugforinmates.com/                                        
| ✓ | ⏱: 0.28s 
[COMPLETE] ● https://plugforinmates.com/                                        
| ✓ | ⏱: 11.88s 
  [plugforinmates] https://plugforinmates.com/ → 9 products
[SCRAPE].. ◆ Some images failed to load within timeout 
[FETCH]... ↓ https://cigessentials.com/                                         
| ✓ | ⏱: 23.22s 
[SCRAPE].. ◆ https://cigessentials.com/                                         
| ✓ | ⏱: 0.64s 
[COMPLETE] ● https://cigessentials.com/                                         
| ✓ | ⏱: 23.91s 
  [cigessentials] https://cigessentials.com/ → 16 products
[FETCH]... ↓ https://skyesthelimitcatalog.com/shop/                             
| ✓ | ⏱: 6.08s 
[SCRAPE].. ◆ https://skyesthelimitcatalog.com/shop/                             
| ✓ | ⏱: 0.05s 
[COMPLETE] ● https://skyesthelimitcatalog.com/shop/                             
| ✓ | ⏱: 6.16s 
  [skyesthelimit] https://skyesthelimitcatalog.com/shop/ → 0 products
[FETCH]... ↓ https://emmaspremiumservices.com/collections/all                   
| ✓ | ⏱: 28.74s 
[SCRAPE].. ◆ https://emmaspremiumservices.com/collections/all                   
| ✓ | ⏱: 0.45s 
[COMPLETE] ● https://emmaspremiumservices.com/collections/all                   
| ✓ | ⏱: 29.23s 
  [emmaspremiumservices] https://emmaspremiumservices.com/collections/all → 2 products
[FETCH]... ↓ https://cigessentials.com/collections/all                          
| ✓ | ⏱: 6.09s 
[SCRAPE].. ◆ https://cigessentials.com/collections/all                          
| ✓ | ⏱: 0.25s 
[COMPLETE] ● https://cigessentials.com/collections/all                          
| ✓ | ⏱: 6.37s 
  [cigessentials] https://cigessentials.com/collections/all → 1 products
[FETCH]... ↓ https://nysapprovedvendor.com/                                     
| ✓ | ⏱: 31.05s 
[SCRAPE].. ◆ https://nysapprovedvendor.com/                                     
| ✓ | ⏱: 0.74s 
[COMPLETE] ● https://nysapprovedvendor.com/                                     
| ✓ | ⏱: 31.84s 
  [nysapprovedvendor] https://nysapprovedvendor.com/ → 80 products
[SCRAPE].. ◆ Some images failed to load within timeout 
[SCRAPE].. ◆ Some images failed to load within timeout 
[FETCH]... ↓ https://emmaspremiumservices.com/collections/food-snacks           
| ✓ | ⏱: 7.22s 
[SCRAPE].. ◆ https://emmaspremiumservices.com/collections/food-snacks           
| ✓ | ⏱: 0.21s 
[COMPLETE] ● https://emmaspremiumservices.com/collections/food-snacks           
| ✓ | ⏱: 7.47s 
  [emmaspremiumservices] https://emmaspremiumservices.com/collections/food-snacks → 0 products
[SCRAPE].. ◆ Some images failed to load within timeout 
[FETCH]... ↓ https://nysapprovedvendor.com/shop/                                
| ✓ | ⏱: 10.84s 
[SCRAPE].. ◆ https://nysapprovedvendor.com/shop/                                
| ✓ | ⏱: 0.48s 
[COMPLETE] ● https://nysapprovedvendor.com/shop/                                
| ✓ | ⏱: 11.35s 
  [nysapprovedvendor] https://nysapprovedvendor.com/shop/ → 80 products
[FETCH]... ↓ https://emmaspremiumservices.com/collections/hygiene               
| ✓ | ⏱: 6.67s 
[SCRAPE].. ◆ https://emmaspremiumservices.com/collections/hygiene               
| ✓ | ⏱: 0.20s 
[COMPLETE] ● https://emmaspremiumservices.com/collections/hygiene               
| ✓ | ⏱: 6.90s 
  [emmaspremiumservices] https://emmaspremiumservices.com/collections/hygiene → 0 products
[SCRAPE].. ◆ Some images failed to load within timeout 
[FETCH]... ↓ https://emmaspremiumservices.com/collections/clothing              
| ✓ | ⏱: 10.34s 
[SCRAPE].. ◆ https://emmaspremiumservices.com/collections/clothing              
| ✓ | ⏱: 0.45s 
[COMPLETE] ● https://emmaspremiumservices.com/collections/clothing              
| ✓ | ⏱: 10.83s 
  [emmaspremiumservices] https://emmaspremiumservices.com/collections/clothing → 2 products
[SCRAPE].. ◆ Some images failed to load within timeout 
[FETCH]... ↓ https://emmaspremiumservices.com/collections/electronics           
| ✓ | ⏱: 10.44s 
[SCRAPE].. ◆ https://emmaspremiumservices.com/collections/electronics           
| ✓ | ⏱: 0.47s 
[COMPLETE] ● https://emmaspremiumservices.com/collections/electronics           
| ✓ | ⏱: 10.95s 
  [emmaspremiumservices] https://emmaspremiumservices.com/collections/electronics → 2 products

Compliance check: ['No changes on DOCCS mail/packages page', 'Disapproved vendor list — no changes detected']
New compliant products found: 0

Report saved to: /Users/markususche/Desktop/Vender Resale/research/2026-08-14-daily-report.md
Latest report: /Users/markususche/Desktop/Vender Resale/research/latest-report.md

Done.

============================================================
Vender Resale — Nightly Research — 2026-08-15 02:00
============================================================


[2026-08-15 02:00] Scraping 5 competitor sites...
[FETCH]... ↓ https://plugforinmates.com/collections/all                         
| ✓ | ⏱: 8.08s 
[SCRAPE].. ◆ https://plugforinmates.com/collections/all                         
| ✓ | ⏱: 0.14s 
[COMPLETE] ● https://plugforinmates.com/collections/all                         
| ✓ | ⏱: 8.32s 
  [plugforinmates] https://plugforinmates.com/collections/all → 0 products
[SCRAPE].. ◆ Some images failed to load within timeout 
[SCRAPE].. ◆ Some images failed to load within timeout 
[FETCH]... ↓ https://skyesthelimitcatalog.com/                                  
| ✓ | ⏱: 16.64s 
[SCRAPE].. ◆ https://skyesthelimitcatalog.com/                                  
| ✓ | ⏱: 0.69s 
[COMPLETE] ● https://skyesthelimitcatalog.com/                                  
| ✓ | ⏱: 17.47s 
  [skyesthelimit] https://skyesthelimitcatalog.com/ → 2 products
[FETCH]... ↓ https://plugforinmates.com/                                        
| ✓ | ⏱: 11.86s 
[SCRAPE].. ◆ https://plugforinmates.com/                                        
| ✓ | ⏱: 0.14s 
[COMPLETE] ● https://plugforinmates.com/                                        
| ✓ | ⏱: 12.04s 
  [plugforinmates] https://plugforinmates.com/ → 9 products
[FETCH]... ↓ https://cigessentials.com/                                         
| ✓ | ⏱: 21.33s 
[SCRAPE].. ◆ https://cigessentials.com/                                         
| ✓ | ⏱: 0.72s 
[COMPLETE] ● https://cigessentials.com/                                         
| ✓ | ⏱: 22.09s 
  [cigessentials] https://cigessentials.com/ → 16 products
[SCRAPE].. ◆ Some images failed to load within timeout 
[FETCH]... ↓ https://skyesthelimitcatalog.com/shop/                             
| ✓ | ⏱: 6.18s 
[SCRAPE].. ◆ https://skyesthelimitcatalog.com/shop/                             
| ✓ | ⏱: 0.00s 
[COMPLETE] ● https://skyesthelimitcatalog.com/shop/                             
| ✓ | ⏱: 6.24s 
  [skyesthelimit] https://skyesthelimitcatalog.com/shop/ → 0 products
[FETCH]... ↓ https://emmaspremiumservices.com/collections/all                   
| ✓ | ⏱: 27.27s 
[SCRAPE].. ◆ https://emmaspremiumservices.com/collections/all                   
| ✓ | ⏱: 0.55s 
[COMPLETE] ● https://emmaspremiumservices.com/collections/all                   
| ✓ | ⏱: 27.86s 
  [emmaspremiumservices] https://emmaspremiumservices.com/collections/all → 2 products
[FETCH]... ↓ https://cigessentials.com/collections/all                          
| ✓ | ⏱: 6.85s 
[SCRAPE].. ◆ https://cigessentials.com/collections/all                          
| ✓ | ⏱: 0.43s 
[COMPLETE] ● https://cigessentials.com/collections/all                          
| ✓ | ⏱: 7.33s 
  [cigessentials] https://cigessentials.com/collections/all → 1 products
[FETCH]... ↓ https://nysapprovedvendor.com/                                     
| ✓ | ⏱: 30.44s 
[SCRAPE].. ◆ https://nysapprovedvendor.com/                                     
| ✓ | ⏱: 0.69s 
[COMPLETE] ● https://nysapprovedvendor.com/                                     
| ✓ | ⏱: 31.18s 
  [nysapprovedvendor] https://nysapprovedvendor.com/ → 80 products
[SCRAPE].. ◆ Some images failed to load within timeout 
[FETCH]... ↓ https://emmaspremiumservices.com/collections/food-snacks           
| ✓ | ⏱: 8.75s 
[SCRAPE].. ◆ https://emmaspremiumservices.com/collections/food-snacks           
| ✓ | ⏱: 0.23s 
[COMPLETE] ● https://emmaspremiumservices.com/collections/food-snacks           
| ✓ | ⏱: 9.02s 
  [emmaspremiumservices] https://emmaspremiumservices.com/collections/food-snacks → 0 products
[SCRAPE].. ◆ Some images failed to load within timeout 
[SCRAPE].. ◆ Some images failed to load within timeout 
[FETCH]... ↓ https://nysapprovedvendor.com/shop/                                
| ✓ | ⏱: 12.68s 
[SCRAPE].. ◆ https://nysapprovedvendor.com/shop/                                
| ✓ | ⏱: 0.75s 
[COMPLETE] ● https://nysapprovedvendor.com/shop/                                
| ✓ | ⏱: 13.53s 
  [nysapprovedvendor] https://nysapprovedvendor.com/shop/ → 80 products
[FETCH]... ↓ https://emmaspremiumservices.com/collections/hygiene               
| ✓ | ⏱: 8.28s 
[SCRAPE].. ◆ https://emmaspremiumservices.com/collections/hygiene               
| ✓ | ⏱: 0.29s 
[COMPLETE] ● https://emmaspremiumservices.com/collections/hygiene               
| ✓ | ⏱: 8.60s 
  [emmaspremiumservices] https://emmaspremiumservices.com/collections/hygiene → 0 products
[FETCH]... ↓ https://emmaspremiumservices.com/collections/clothing              
| ✓ | ⏱: 10.39s 
[SCRAPE].. ◆ https://emmaspremiumservices.com/collections/clothing              
| ✓ | ⏱: 0.47s 
[COMPLETE] ● https://emmaspremiumservices.com/collections/clothing              
| ✓ | ⏱: 10.90s 
  [emmaspremiumservices] https://emmaspremiumservices.com/collections/clothing → 2 products
[SCRAPE].. ◆ Some images failed to load within timeout 
[FETCH]... ↓ https://emmaspremiumservices.com/collections/electronics           
| ✓ | ⏱: 10.19s 
[SCRAPE].. ◆ https://emmaspremiumservices.com/collections/electronics           
| ✓ | ⏱: 0.48s 
[COMPLETE] ● https://emmaspremiumservices.com/collections/electronics           
| ✓ | ⏱: 10.71s 
  [emmaspremiumservices] https://emmaspremiumservices.com/collections/electronics → 2 products

Compliance check: ['No changes on DOCCS mail/packages page', 'Disapproved vendor list — no changes detected']
New compliant products found: 0

Report saved to: /Users/markususche/Desktop/Vender Resale/research/2026-08-15-daily-report.md
Latest report: /Users/markususche/Desktop/Vender Resale/research/latest-report.md

Done.

============================================================
Vender Resale — Nightly Research — 2026-08-16 02:00
============================================================


[2026-08-16 02:00] Scraping 5 competitor sites...
[FETCH]... ↓ https://plugforinmates.com/collections/all                         
| ✓ | ⏱: 6.15s 
[SCRAPE].. ◆ https://plugforinmates.com/collections/all                         
| ✓ | ⏱: 0.11s 
[COMPLETE] ● https://plugforinmates.com/collections/all                         
| ✓ | ⏱: 6.39s 
  [plugforinmates] https://plugforinmates.com/collections/all → 0 products
[SCRAPE].. ◆ Some images failed to load within timeout 
[SCRAPE].. ◆ Some images failed to load within timeout 
[FETCH]... ↓ https://skyesthelimitcatalog.com/                                  
| ✓ | ⏱: 12.77s 
[SCRAPE].. ◆ https://skyesthelimitcatalog.com/                                  
| ✓ | ⏱: 0.39s 
[COMPLETE] ● https://skyesthelimitcatalog.com/                                  
| ✓ | ⏱: 13.27s 
  [skyesthelimit] https://skyesthelimitcatalog.com/ → 2 products
[FETCH]... ↓ https://plugforinmates.com/                                        
| ✓ | ⏱: 9.60s 
[SCRAPE].. ◆ https://plugforinmates.com/                                        
| ✓ | ⏱: 0.13s 
[COMPLETE] ● https://plugforinmates.com/                                        
| ✓ | ⏱: 9.80s 
  [plugforinmates] https://plugforinmates.com/ → 9 products
[SCRAPE].. ◆ Some images failed to load within timeout 
[FETCH]... ↓ https://cigessentials.com/                                         
| ✓ | ⏱: 17.66s 
[SCRAPE].. ◆ https://cigessentials.com/                                         
| ✓ | ⏱: 0.51s 
[COMPLETE] ● https://cigessentials.com/                                         
| ✓ | ⏱: 18.22s 
  [cigessentials] https://cigessentials.com/ → 16 products
[FETCH]... ↓ https://skyesthelimitcatalog.com/shop/                             
| ✓ | ⏱: 5.57s 
[SCRAPE].. ◆ https://skyesthelimitcatalog.com/shop/                             
| ✓ | ⏱: 0.00s 
[COMPLETE] ● https://skyesthelimitcatalog.com/shop/                             
| ✓ | ⏱: 5.61s 
  [skyesthelimit] https://skyesthelimitcatalog.com/shop/ → 0 products
[FETCH]... ↓ https://emmaspremiumservices.com/collections/all                   
| ✓ | ⏱: 21.94s 
[SCRAPE].. ◆ https://emmaspremiumservices.com/collections/all                   
| ✓ | ⏱: 0.60s 
[COMPLETE] ● https://emmaspremiumservices.com/collections/all                   
| ✓ | ⏱: 22.58s 
  [emmaspremiumservices] https://emmaspremiumservices.com/collections/all → 2 products
[FETCH]... ↓ https://cigessentials.com/collections/all                          
| ✓ | ⏱: 5.84s 
[SCRAPE].. ◆ https://cigessentials.com/collections/all                          
| ✓ | ⏱: 0.16s 
[COMPLETE] ● https://cigessentials.com/collections/all                          
| ✓ | ⏱: 6.04s 
  [cigessentials] https://cigessentials.com/collections/all → 1 products
[FETCH]... ↓ https://nysapprovedvendor.com/                                     
| ✓ | ⏱: 25.05s 
[SCRAPE].. ◆ https://nysapprovedvendor.com/                                     
| ✓ | ⏱: 0.45s 
[COMPLETE] ● https://nysapprovedvendor.com/                                     
| ✓ | ⏱: 25.55s 
  [nysapprovedvendor] https://nysapprovedvendor.com/ → 80 products
[SCRAPE].. ◆ Some images failed to load within timeout 
[FETCH]... ↓ https://emmaspremiumservices.com/collections/food-snacks           
| ✓ | ⏱: 6.65s 
[SCRAPE].. ◆ https://emmaspremiumservices.com/collections/food-snacks           
| ✓ | ⏱: 0.21s 
[COMPLETE] ● https://emmaspremiumservices.com/collections/food-snacks           
| ✓ | ⏱: 6.88s 
  [emmaspremiumservices] https://emmaspremiumservices.com/collections/food-snacks → 0 products
[SCRAPE].. ◆ Some images failed to load within timeout 
[SCRAPE].. ◆ Some images failed to load within timeout 
[FETCH]... ↓ https://emmaspremiumservices.com/collections/hygiene               
| ✓ | ⏱: 6.70s 
[SCRAPE].. ◆ https://emmaspremiumservices.com/collections/hygiene               
| ✓ | ⏱: 0.18s 
[COMPLETE] ● https://emmaspremiumservices.com/collections/hygiene               
| ✓ | ⏱: 6.91s 
  [emmaspremiumservices] https://emmaspremiumservices.com/collections/hygiene → 0 products
[FETCH]... ↓ https://nysapprovedvendor.com/shop/                                
| ✓ | ⏱: 12.61s 
[SCRAPE].. ◆ https://nysapprovedvendor.com/shop/                                
| ✓ | ⏱: 0.43s 
[COMPLETE] ● https://nysapprovedvendor.com/shop/                                
| ✓ | ⏱: 13.07s 
  [nysapprovedvendor] https://nysapprovedvendor.com/shop/ → 80 products
[SCRAPE].. ◆ Some images failed to load within timeout 
[FETCH]... ↓ https://emmaspremiumservices.com/collections/clothing              
| ✓ | ⏱: 9.93s 
[SCRAPE].. ◆ https://emmaspremiumservices.com/collections/clothing              
| ✓ | ⏱: 0.41s 
[COMPLETE] ● https://emmaspremiumservices.com/collections/clothing              
| ✓ | ⏱: 10.39s 
  [emmaspremiumservices] https://emmaspremiumservices.com/collections/clothing → 2 products
[SCRAPE].. ◆ Some images failed to load within timeout 
[FETCH]... ↓ https://emmaspremiumservices.com/collections/electronics           
| ✓ | ⏱: 9.42s 
[SCRAPE].. ◆ https://emmaspremiumservices.com/collections/electronics           
| ✓ | ⏱: 0.36s 
[COMPLETE] ● https://emmaspremiumservices.com/collections/electronics           
| ✓ | ⏱: 9.81s 
  [emmaspremiumservices] https://emmaspremiumservices.com/collections/electronics → 2 products

Compliance check: ['No changes on DOCCS mail/packages page', 'Disapproved vendor list — no changes detected']
New compliant products found: 0

Report saved to: /Users/markususche/Desktop/Vender Resale/research/2026-08-16-daily-report.md
Latest report: /Users/markususche/Desktop/Vender Resale/research/latest-report.md

Done.

============================================================
Vender Resale — Nightly Research — 2026-08-17 02:00
============================================================


[2026-08-17 02:00] Scraping 5 competitor sites...
[FETCH]... ↓ https://plugforinmates.com/collections/all                         
| ✓ | ⏱: 6.03s 
[SCRAPE].. ◆ https://plugforinmates.com/collections/all                         
| ✓ | ⏱: 0.07s 
[COMPLETE] ● https://plugforinmates.com/collections/all                         
| ✓ | ⏱: 6.17s 
  [plugforinmates] https://plugforinmates.com/collections/all → 0 products
[SCRAPE].. ◆ Some images failed to load within timeout 
[SCRAPE].. ◆ Some images failed to load within timeout 
[FETCH]... ↓ https://skyesthelimitcatalog.com/                                  
| ✓ | ⏱: 11.95s 
[SCRAPE].. ◆ https://skyesthelimitcatalog.com/                                  
| ✓ | ⏱: 0.23s 
[COMPLETE] ● https://skyesthelimitcatalog.com/                                  
| ✓ | ⏱: 12.23s 
  [skyesthelimit] https://skyesthelimitcatalog.com/ → 2 products
[FETCH]... ↓ https://skyesthelimitcatalog.com/shop/                             
| ✓ | ⏱: 1.42s 
[SCRAPE].. ◆ https://skyesthelimitcatalog.com/shop/                             
| ✓ | ⏱: 0.01s 
[COMPLETE] ● https://skyesthelimitcatalog.com/shop/                             
| ✓ | ⏱: 1.45s 
  [skyesthelimit] https://skyesthelimitcatalog.com/shop/ → 0 products
[SCRAPE].. ◆ Some images failed to load within timeout 
[SCRAPE].. ◆ Some images failed to load within timeout 
[FETCH]... ↓ https://plugforinmates.com/                                        
| ✓ | ⏱: 9.12s 
[SCRAPE].. ◆ https://plugforinmates.com/                                        
| ✓ | ⏱: 0.07s 
[COMPLETE] ● https://plugforinmates.com/                                        
| ✓ | ⏱: 9.21s 
  [plugforinmates] https://plugforinmates.com/ → 9 products
[FETCH]... ↓ https://cigessentials.com/                                         
| ✓ | ⏱: 15.40s 
[SCRAPE].. ◆ https://cigessentials.com/                                         
| ✓ | ⏱: 0.46s 
[COMPLETE] ● https://cigessentials.com/                                         
| ✓ | ⏱: 15.91s 
  [cigessentials] https://cigessentials.com/ → 16 products
[FETCH]... ↓ https://emmaspremiumservices.com/collections/all                   
| ✓ | ⏱: 20.58s 
[SCRAPE].. ◆ https://emmaspremiumservices.com/collections/all                   
| ✓ | ⏱: 0.40s 
[COMPLETE] ● https://emmaspremiumservices.com/collections/all                   
| ✓ | ⏱: 21.01s 
  [emmaspremiumservices] https://emmaspremiumservices.com/collections/all → 2 products
[FETCH]... ↓ https://nysapprovedvendor.com/                                     
| ✓ | ⏱: 21.08s 
[SCRAPE].. ◆ https://nysapprovedvendor.com/                                     
| ✓ | ⏱: 0.60s 
[COMPLETE] ● https://nysapprovedvendor.com/                                     
| ✓ | ⏱: 21.74s 
  [nysapprovedvendor] https://nysapprovedvendor.com/ → 80 products
[FETCH]... ↓ https://cigessentials.com/collections/all                          
| ✓ | ⏱: 5.94s 
[SCRAPE].. ◆ https://cigessentials.com/collections/all                          
| ✓ | ⏱: 0.31s 
[COMPLETE] ● https://cigessentials.com/collections/all                          
| ✓ | ⏱: 6.31s 
  [cigessentials] https://cigessentials.com/collections/all → 1 products
[SCRAPE].. ◆ Some images failed to load within timeout 
[SCRAPE].. ◆ Some images failed to load within timeout 
[FETCH]... ↓ https://emmaspremiumservices.com/collections/food-snacks           
| ✓ | ⏱: 6.79s 
[SCRAPE].. ◆ https://emmaspremiumservices.com/collections/food-snacks           
| ✓ | ⏱: 0.19s 
[COMPLETE] ● https://emmaspremiumservices.com/collections/food-snacks           
| ✓ | ⏱: 7.00s 
  [emmaspremiumservices] https://emmaspremiumservices.com/collections/food-snacks → 0 products
[SCRAPE].. ◆ Some images failed to load within timeout 
[FETCH]... ↓ https://nysapprovedvendor.com/shop/                                
| ✓ | ⏱: 10.65s 
[SCRAPE].. ◆ https://nysapprovedvendor.com/shop/                                
| ✓ | ⏱: 0.41s 
[COMPLETE] ● https://nysapprovedvendor.com/shop/                                
| ✓ | ⏱: 11.09s 
  [nysapprovedvendor] https://nysapprovedvendor.com/shop/ → 80 products
[FETCH]... ↓ https://emmaspremiumservices.com/collections/hygiene               
| ✓ | ⏱: 6.32s 
[SCRAPE].. ◆ https://emmaspremiumservices.com/collections/hygiene               
| ✓ | ⏱: 0.18s 
[COMPLETE] ● https://emmaspremiumservices.com/collections/hygiene               
| ✓ | ⏱: 6.53s 
  [emmaspremiumservices] https://emmaspremiumservices.com/collections/hygiene → 0 products
[FETCH]... ↓ https://emmaspremiumservices.com/collections/clothing              
| ✓ | ⏱: 8.61s 
[SCRAPE].. ◆ https://emmaspremiumservices.com/collections/clothing              
| ✓ | ⏱: 0.52s 
[COMPLETE] ● https://emmaspremiumservices.com/collections/clothing              
| ✓ | ⏱: 9.17s 
  [emmaspremiumservices] https://emmaspremiumservices.com/collections/clothing → 2 products
[FETCH]... ↓ https://emmaspremiumservices.com/collections/electronics           
| ✓ | ⏱: 8.98s 
[SCRAPE].. ◆ https://emmaspremiumservices.com/collections/electronics           
| ✓ | ⏱: 0.38s 
[COMPLETE] ● https://emmaspremiumservices.com/collections/electronics           
| ✓ | ⏱: 9.40s 
  [emmaspremiumservices] https://emmaspremiumservices.com/collections/electronics → 2 products

Compliance check: ['No changes on DOCCS mail/packages page', 'Disapproved vendor list — no changes detected']
New compliant products found: 0

Report saved to: /Users/markususche/Desktop/Vender Resale/research/2026-08-17-daily-report.md
Latest report: /Users/markususche/Desktop/Vender Resale/research/latest-report.md

Done.

============================================================
Vender Resale — Nightly Research — 2026-08-18 02:00
============================================================


[2026-08-18 02:00] Scraping 5 competitor sites...
[FETCH]... ↓ https://plugforinmates.com/collections/all                         
| ✓ | ⏱: 7.18s 
[SCRAPE].. ◆ https://plugforinmates.com/collections/all                         
| ✓ | ⏱: 0.03s 
[COMPLETE] ● https://plugforinmates.com/collections/all                         
| ✓ | ⏱: 7.28s 
  [plugforinmates] https://plugforinmates.com/collections/all → 0 products
[SCRAPE].. ◆ Some images failed to load within timeout 
[SCRAPE].. ◆ Some images failed to load within timeout 
[FETCH]... ↓ https://skyesthelimitcatalog.com/                                  
| ✓ | ⏱: 15.60s 
[SCRAPE].. ◆ https://skyesthelimitcatalog.com/                                  
| ✓ | ⏱: 0.26s 
[COMPLETE] ● https://skyesthelimitcatalog.com/                                  
| ✓ | ⏱: 15.93s 
  [skyesthelimit] https://skyesthelimitcatalog.com/ → 2 products
[FETCH]... ↓ https://plugforinmates.com/                                        
| ✓ | ⏱: 10.36s 
[SCRAPE].. ◆ https://plugforinmates.com/                                        
| ✓ | ⏱: 0.13s 
[COMPLETE] ● https://plugforinmates.com/                                        
| ✓ | ⏱: 10.60s 
  [plugforinmates] https://plugforinmates.com/ → 9 products
[SCRAPE].. ◆ Some images failed to load within timeout 
[SCRAPE].. ◆ Some images failed to load within timeout 
[FETCH]... ↓ https://cigessentials.com/                                         
| ✓ | ⏱: 18.86s 
[SCRAPE].. ◆ https://cigessentials.com/                                         
| ✓ | ⏱: 0.54s 
[COMPLETE] ● https://cigessentials.com/                                         
| ✓ | ⏱: 19.44s 
  [cigessentials] https://cigessentials.com/ → 16 products
[FETCH]... ↓ https://skyesthelimitcatalog.com/shop/                             
| ✓ | ⏱: 6.47s 
[SCRAPE].. ◆ https://skyesthelimitcatalog.com/shop/                             
| ✓ | ⏱: 0.01s 
[COMPLETE] ● https://skyesthelimitcatalog.com/shop/                             
| ✓ | ⏱: 6.50s 
  [skyesthelimit] https://skyesthelimitcatalog.com/shop/ → 0 products
[FETCH]... ↓ https://cigessentials.com/collections/all                          
| ✓ | ⏱: 5.39s 
[SCRAPE].. ◆ https://cigessentials.com/collections/all                          
| ✓ | ⏱: 0.25s 
[COMPLETE] ● https://cigessentials.com/collections/all                          
| ✓ | ⏱: 5.68s 
  [cigessentials] https://cigessentials.com/collections/all → 1 products
[FETCH]... ↓ https://emmaspremiumservices.com/collections/all                   
| ✓ | ⏱: 24.81s 
[SCRAPE].. ◆ https://emmaspremiumservices.com/collections/all                   
| ✓ | ⏱: 0.47s 
[COMPLETE] ● https://emmaspremiumservices.com/collections/all                   
| ✓ | ⏱: 25.33s 
  [emmaspremiumservices] https://emmaspremiumservices.com/collections/all → 2 products
[FETCH]... ↓ https://nysapprovedvendor.com/                                     
| ✓ | ⏱: 25.74s 
[SCRAPE].. ◆ https://nysapprovedvendor.com/                                     
| ✓ | ⏱: 0.55s 
[COMPLETE] ● https://nysapprovedvendor.com/                                     
| ✓ | ⏱: 26.34s 
  [nysapprovedvendor] https://nysapprovedvendor.com/ → 79 products
[SCRAPE].. ◆ Some images failed to load within timeout 
[FETCH]... ↓ https://emmaspremiumservices.com/collections/food-snacks           
| ✓ | ⏱: 6.60s 
[SCRAPE].. ◆ https://emmaspremiumservices.com/collections/food-snacks           
| ✓ | ⏱: 0.21s 
[COMPLETE] ● https://emmaspremiumservices.com/collections/food-snacks           
| ✓ | ⏱: 6.84s 
  [emmaspremiumservices] https://emmaspremiumservices.com/collections/food-snacks → 0 products
[SCRAPE].. ◆ Some images failed to load within timeout 
[SCRAPE].. ◆ Some images failed to load within timeout 
[FETCH]... ↓ https://nysapprovedvendor.com/shop/                                
| ✓ | ⏱: 12.53s 
[SCRAPE].. ◆ https://nysapprovedvendor.com/shop/                                
| ✓ | ⏱: 0.52s 
[COMPLETE] ● https://nysapprovedvendor.com/shop/                                
| ✓ | ⏱: 13.11s 
  [nysapprovedvendor] https://nysapprovedvendor.com/shop/ → 79 products
[FETCH]... ↓ https://emmaspremiumservices.com/collections/hygiene               
| ✓ | ⏱: 7.37s 
[SCRAPE].. ◆ https://emmaspremiumservices.com/collections/hygiene               
| ✓ | ⏱: 0.17s 
[COMPLETE] ● https://emmaspremiumservices.com/collections/hygiene               
| ✓ | ⏱: 7.58s 
  [emmaspremiumservices] https://emmaspremiumservices.com/collections/hygiene → 0 products
[SCRAPE].. ◆ Some images failed to load within timeout 
[FETCH]... ↓ https://emmaspremiumservices.com/collections/clothing              
| ✓ | ⏱: 10.87s 
[SCRAPE].. ◆ https://emmaspremiumservices.com/collections/clothing              
| ✓ | ⏱: 0.77s 
[COMPLETE] ● https://emmaspremiumservices.com/collections/clothing              
| ✓ | ⏱: 11.70s 
  [emmaspremiumservices] https://emmaspremiumservices.com/collections/clothing → 2 products
[SCRAPE].. ◆ Some images failed to load within timeout 
[FETCH]... ↓ https://emmaspremiumservices.com/collections/electronics           
| ✓ | ⏱: 10.15s 
[SCRAPE].. ◆ https://emmaspremiumservices.com/collections/electronics           
| ✓ | ⏱: 0.45s 
[COMPLETE] ● https://emmaspremiumservices.com/collections/electronics           
| ✓ | ⏱: 10.64s 
  [emmaspremiumservices] https://emmaspremiumservices.com/collections/electronics → 2 products

Compliance check: ['No changes on DOCCS mail/packages page', 'Disapproved vendor list — no changes detected']
New compliant products found: 0

Report saved to: /Users/markususche/Desktop/Vender Resale/research/2026-08-18-daily-report.md
Latest report: /Users/markususche/Desktop/Vender Resale/research/latest-report.md

Done.

============================================================
Vender Resale — Nightly Research — 2026-08-19 02:00
============================================================


[2026-08-19 02:00] Scraping 5 competitor sites...
[FETCH]... ↓ https://plugforinmates.com/collections/all                         
| ✓ | ⏱: 8.02s 
[SCRAPE].. ◆ https://plugforinmates.com/collections/all                         
| ✓ | ⏱: 0.24s 
[COMPLETE] ● https://plugforinmates.com/collections/all                         
| ✓ | ⏱: 8.33s 
  [plugforinmates] https://plugforinmates.com/collections/all → 0 products
[SCRAPE].. ◆ Some images failed to load within timeout 
[SCRAPE].. ◆ Some images failed to load within timeout 
[FETCH]... ↓ https://skyesthelimitcatalog.com/                                  
| ✓ | ⏱: 15.23s 
[SCRAPE].. ◆ https://skyesthelimitcatalog.com/                                  
| ✓ | ⏱: 0.76s 
[COMPLETE] ● https://skyesthelimitcatalog.com/                                  
| ✓ | ⏱: 16.11s 
  [skyesthelimit] https://skyesthelimitcatalog.com/ → 2 products
[FETCH]... ↓ https://plugforinmates.com/                                        
| ✓ | ⏱: 11.19s 
[SCRAPE].. ◆ https://plugforinmates.com/                                        
| ✓ | ⏱: 0.15s 
[COMPLETE] ● https://plugforinmates.com/                                        
| ✓ | ⏱: 11.44s 
  [plugforinmates] https://plugforinmates.com/ → 9 products
[FETCH]... ↓ https://cigessentials.com/                                         
| ✓ | ⏱: 20.74s 
[SCRAPE].. ◆ https://cigessentials.com/                                         
| ✓ | ⏱: 0.65s 
[COMPLETE] ● https://cigessentials.com/                                         
| ✓ | ⏱: 21.43s 
  [cigessentials] https://cigessentials.com/ → 16 products
[SCRAPE].. ◆ Some images failed to load within timeout 
[FETCH]... ↓ https://skyesthelimitcatalog.com/shop/                             
| ✓ | ⏱: 6.13s 
[SCRAPE].. ◆ https://skyesthelimitcatalog.com/shop/                             
| ✓ | ⏱: 0.01s 
[COMPLETE] ● https://skyesthelimitcatalog.com/shop/                             
| ✓ | ⏱: 6.15s 
  [skyesthelimit] https://skyesthelimitcatalog.com/shop/ → 0 products
[FETCH]... ↓ https://emmaspremiumservices.com/collections/all                   
| ✓ | ⏱: 26.63s 
[SCRAPE].. ◆ https://emmaspremiumservices.com/collections/all                   
| ✓ | ⏱: 0.67s 
[COMPLETE] ● https://emmaspremiumservices.com/collections/all                   
| ✓ | ⏱: 27.34s 
  [emmaspremiumservices] https://emmaspremiumservices.com/collections/all → 2 products
[FETCH]... ↓ https://cigessentials.com/collections/all                          
| ✓ | ⏱: 6.54s 
[SCRAPE].. ◆ https://cigessentials.com/collections/all                          
| ✓ | ⏱: 0.44s 
[COMPLETE] ● https://cigessentials.com/collections/all                          
| ✓ | ⏱: 7.05s 
  [cigessentials] https://cigessentials.com/collections/all → 1 products
[FETCH]... ↓ https://nysapprovedvendor.com/                                     
| ✓ | ⏱: 29.91s 
[SCRAPE].. ◆ https://nysapprovedvendor.com/                                     
| ✓ | ⏱: 0.91s 
[COMPLETE] ● https://nysapprovedvendor.com/                                     
| ✓ | ⏱: 30.90s 
  [nysapprovedvendor] https://nysapprovedvendor.com/ → 79 products
[FETCH]... ↓ https://emmaspremiumservices.com/collections/food-snacks           
| ✓ | ⏱: 8.66s 
[SCRAPE].. ◆ https://emmaspremiumservices.com/collections/food-snacks           
| ✓ | ⏱: 0.23s 
[COMPLETE] ● https://emmaspremiumservices.com/collections/food-snacks           
| ✓ | ⏱: 8.92s 
  [emmaspremiumservices] https://emmaspremiumservices.com/collections/food-snacks → 0 products
[SCRAPE].. ◆ Some images failed to load within timeout 
[FETCH]... ↓ https://emmaspremiumservices.com/collections/hygiene               
| ✓ | ⏱: 6.50s 
[SCRAPE].. ◆ https://emmaspremiumservices.com/collections/hygiene               
| ✓ | ⏱: 0.42s 
[COMPLETE] ● https://emmaspremiumservices.com/collections/hygiene               
| ✓ | ⏱: 6.95s 
  [emmaspremiumservices] https://emmaspremiumservices.com/collections/hygiene → 0 products
[FETCH]... ↓ https://nysapprovedvendor.com/shop/                                
| ✓ | ⏱: 13.29s 
[SCRAPE].. ◆ https://nysapprovedvendor.com/shop/                                
| ✓ | ⏱: 0.90s 
[COMPLETE] ● https://nysapprovedvendor.com/shop/                                
| ✓ | ⏱: 14.24s 
  [nysapprovedvendor] https://nysapprovedvendor.com/shop/ → 79 products
[SCRAPE].. ◆ Some images failed to load within timeout 
[FETCH]... ↓ https://emmaspremiumservices.com/collections/clothing              
| ✓ | ⏱: 11.28s 
[SCRAPE].. ◆ https://emmaspremiumservices.com/collections/clothing              
| ✓ | ⏱: 0.72s 
[COMPLETE] ● https://emmaspremiumservices.com/collections/clothing              
| ✓ | ⏱: 12.06s 
  [emmaspremiumservices] https://emmaspremiumservices.com/collections/clothing → 2 products
[SCRAPE].. ◆ Some images failed to load within timeout 
[FETCH]... ↓ https://emmaspremiumservices.com/collections/electronics           
| ✓ | ⏱: 11.47s 
[SCRAPE].. ◆ https://emmaspremiumservices.com/collections/electronics           
| ✓ | ⏱: 0.61s 
[COMPLETE] ● https://emmaspremiumservices.com/collections/electronics           
| ✓ | ⏱: 12.13s 
  [emmaspremiumservices] https://emmaspremiumservices.com/collections/electronics → 2 products

Compliance check: ['No changes on DOCCS mail/packages page', 'Disapproved vendor list — no changes detected']
New compliant products found: 0

Report saved to: /Users/markususche/Desktop/Vender Resale/research/2026-08-19-daily-report.md
Latest report: /Users/markususche/Desktop/Vender Resale/research/latest-report.md

Done.

============================================================
Vender Resale — Nightly Research — 2026-08-20 02:00
============================================================


[2026-08-20 02:00] Scraping 5 competitor sites...
[SCRAPE].. ◆ Some images failed to load within timeout 
[FETCH]... ↓ https://plugforinmates.com/collections/all                         
| ✓ | ⏱: 6.88s 
[SCRAPE].. ◆ https://plugforinmates.com/collections/all                         
| ✓ | ⏱: 0.08s 
[COMPLETE] ● https://plugforinmates.com/collections/all                         
| ✓ | ⏱: 7.06s 
  [plugforinmates] https://plugforinmates.com/collections/all → 0 products
[SCRAPE].. ◆ Some images failed to load within timeout 
[FETCH]... ↓ https://skyesthelimitcatalog.com/                                  
| ✓ | ⏱: 14.00s 
[SCRAPE].. ◆ https://skyesthelimitcatalog.com/                                  
| ✓ | ⏱: 0.66s 
[COMPLETE] ● https://skyesthelimitcatalog.com/                                  
| ✓ | ⏱: 14.83s 
  [skyesthelimit] https://skyesthelimitcatalog.com/ → 2 products
[SCRAPE].. ◆ Some images failed to load within timeout 
[FETCH]... ↓ https://plugforinmates.com/                                        
| ✓ | ⏱: 10.86s 
[SCRAPE].. ◆ https://plugforinmates.com/                                        
| ✓ | ⏱: 0.19s 
[COMPLETE] ● https://plugforinmates.com/                                        
| ✓ | ⏱: 11.08s 
  [plugforinmates] https://plugforinmates.com/ → 9 products
[FETCH]... ↓ https://skyesthelimitcatalog.com/shop/                             
| ✓ | ⏱: 7.50s 
[SCRAPE].. ◆ https://skyesthelimitcatalog.com/shop/                             
| ✓ | ⏱: 0.01s 
[COMPLETE] ● https://skyesthelimitcatalog.com/shop/                             
| ✓ | ⏱: 7.53s 
  [skyesthelimit] https://skyesthelimitcatalog.com/shop/ → 0 products
[FETCH]... ↓ https://emmaspremiumservices.com/collections/all                   
| ✓ | ⏱: 30.91s 
[SCRAPE].. ◆ https://emmaspremiumservices.com/collections/all                   
| ✓ | ⏱: 1.20s 
[COMPLETE] ● https://emmaspremiumservices.com/collections/all                   
| ✓ | ⏱: 32.16s 
  [emmaspremiumservices] https://emmaspremiumservices.com/collections/all → 2 products
[FETCH]... ↓ https://nysapprovedvendor.com/                                     
| ✓ | ⏱: 38.29s 
[SCRAPE].. ◆ https://nysapprovedvendor.com/                                     
| ✓ | ⏱: 1.81s 
[COMPLETE] ● https://nysapprovedvendor.com/                                     
| ✓ | ⏱: 40.16s 
  [nysapprovedvendor] https://nysapprovedvendor.com/ → 79 products
[SCRAPE].. ◆ Some images failed to load within timeout 
[FETCH]... ↓ https://emmaspremiumservices.com/collections/food-snacks           
| ✓ | ⏱: 11.18s 
[SCRAPE].. ◆ https://emmaspremiumservices.com/collections/food-snacks           
| ✓ | ⏱: 0.93s 
[COMPLETE] ● https://emmaspremiumservices.com/collections/food-snacks           
| ✓ | ⏱: 12.28s 
  [emmaspremiumservices] https://emmaspremiumservices.com/collections/food-snacks → 0 products
[SCRAPE].. ◆ Some images failed to load within timeout 
[FETCH]... ↓ https://nysapprovedvendor.com/shop/                                
| ✓ | ⏱: 20.47s 
[SCRAPE].. ◆ https://nysapprovedvendor.com/shop/                                
| ✓ | ⏱: 1.27s 
[COMPLETE] ● https://nysapprovedvendor.com/shop/                                
| ✓ | ⏱: 21.85s 
  [nysapprovedvendor] https://nysapprovedvendor.com/shop/ → 79 products
[FETCH]... ↓ https://emmaspremiumservices.com/collections/hygiene               
| ✓ | ⏱: 13.84s 
[SCRAPE].. ◆ https://emmaspremiumservices.com/collections/hygiene               
| ✓ | ⏱: 0.47s 
[COMPLETE] ● https://emmaspremiumservices.com/collections/hygiene               
| ✓ | ⏱: 14.37s 
  [emmaspremiumservices] https://emmaspremiumservices.com/collections/hygiene → 0 products
[FETCH]... ↓ https://cigessentials.com/                                         
| ✓ | ⏱: 18.67s 
[SCRAPE].. ◆ https://cigessentials.com/                                         
| ✓ | ⏱: 1.14s 
[COMPLETE] ● https://cigessentials.com/                                         
| ✓ | ⏱: 19.88s 
  [cigessentials] https://cigessentials.com/ → 16 products
[SCRAPE].. ◆ Some images failed to load within timeout 
[FETCH]... ↓ https://cigessentials.com/collections/all                          
| ✓ | ⏱: 6.75s 
[SCRAPE].. ◆ https://cigessentials.com/collections/all                          
| ✓ | ⏱: 0.16s 
[COMPLETE] ● https://cigessentials.com/collections/all                          
| ✓ | ⏱: 6.96s 
  [cigessentials] https://cigessentials.com/collections/all → 1 products
[FETCH]... ↓ https://emmaspremiumservices.com/collections/clothing              
| ✓ | ⏱: 17.00s 
[SCRAPE].. ◆ https://emmaspremiumservices.com/collections/clothing              
| ✓ | ⏱: 0.61s 
[COMPLETE] ● https://emmaspremiumservices.com/collections/clothing              
| ✓ | ⏱: 17.71s 
  [emmaspremiumservices] https://emmaspremiumservices.com/collections/clothing → 2 products
[SCRAPE].. ◆ Some images failed to load within timeout 
[FETCH]... ↓ https://emmaspremiumservices.com/collections/electronics           
| ✓ | ⏱: 13.85s 
[SCRAPE].. ◆ https://emmaspremiumservices.com/collections/electronics           
| ✓ | ⏱: 0.83s 
[COMPLETE] ● https://emmaspremiumservices.com/collections/electronics           
| ✓ | ⏱: 14.79s 
  [emmaspremiumservices] https://emmaspremiumservices.com/collections/electronics → 2 products

Compliance check: ['No changes on DOCCS mail/packages page', 'Disapproved vendor list — no changes detected']
New compliant products found: 0

Report saved to: /Users/markususche/Desktop/Vender Resale/research/2026-08-20-daily-report.md
Latest report: /Users/markususche/Desktop/Vender Resale/research/latest-report.md

Done.

============================================================
Vender Resale — Nightly Research — 2026-08-21 02:00
============================================================


[2026-08-21 02:00] Scraping 5 competitor sites...
[ANTIBOT]. ℹ https://cigessentials.com/                         | Error: Proxy 
direct failed: Failed on navigating ACS-GOTO:
Page.goto: Timeout 30000ms exceeded.
Call log:
  - navigating to "https://cigessentials.com/", waiting until "domcontentloaded"
 
[ERROR]... × https://cigessentials.com/                         | Error: 
Unexpected error in _crawl_web at line 778 in _crawl_web 
(Library/Python/3.14/lib/python/site-packages/crawl4ai/async_crawler_strategy.py
):
Error: Failed on navigating ACS-GOTO:
Page.goto: Timeout 30000ms exceeded.
Call log:
  - navigating to "https://cigessentials.com/", waiting until "domcontentloaded"


Code context:
 773                                   tag="GOTO",
 774                                   params={"url": url},
 775                               )
 776                               response = None
 777                           else:
 778 →                             raise RuntimeError(f"Failed on navigating 
ACS-GOTO:\n{str(e)}")
 779   
 780                       # 
──────────────────────────────────────────────────────────────
 781                       # Walk the redirect chain.  Playwright returns only 
the last
 782                       # hop, so we trace the `request.redirected_from` 
links until the
 783                       # first response that differs from the final one and 
surface its 
  [cigessentials] FAIL https://cigessentials.com/: Unexpected error in _crawl_web at line 778 in _crawl_web (Library/Python/3.14/lib/python/site-packages/crawl4ai/async_crawler_strategy.py):
Error: Failed on navigating ACS-GOTO:
Page.goto: Timeout 30000ms exceeded.
Call log:
  - navigating to "https://cigessentials.com/", waiting until "domcontentloaded"


Code context:
 773                                   tag="GOTO",
 774                                   params={"url": url},
 775                               )
 776                               response = None
 777                           else:
 778 →                             raise RuntimeError(f"Failed on navigating ACS-GOTO:\n{str(e)}")
 779   
 780                       # ──────────────────────────────────────────────────────────────
 781                       # Walk the redirect chain.  Playwright returns only the last
 782                       # hop, so we trace the `request.redirected_from` links until the
 783                       # first response that differs from the final one and surface its
[FETCH]... ↓ https://skyesthelimitcatalog.com/                                  
| ✓ | ⏱: 40.48s 
[SCRAPE].. ◆ https://skyesthelimitcatalog.com/                                  
| ✓ | ⏱: 1.41s 
[COMPLETE] ● https://skyesthelimitcatalog.com/                                  
| ✓ | ⏱: 42.08s 
  [skyesthelimit] https://skyesthelimitcatalog.com/ → 2 products
[FETCH]... ↓ https://skyesthelimitcatalog.com/shop/                             
| ✓ | ⏱: 15.39s 
[SCRAPE].. ◆ https://skyesthelimitcatalog.com/shop/                             
| ✓ | ⏱: 0.02s 
[COMPLETE] ● https://skyesthelimitcatalog.com/shop/                             
| ✓ | ⏱: 15.52s 

============================================================
Vender Resale — Nightly Research — 2026-08-22 02:00
============================================================


[2026-08-22 02:00] Scraping 5 competitor sites...
[FETCH]... ↓ https://plugforinmates.com/collections/all                         
| ✓ | ⏱: 15.07s 
[SCRAPE].. ◆ https://plugforinmates.com/collections/all                         
| ✓ | ⏱: 0.37s 
[COMPLETE] ● https://plugforinmates.com/collections/all                         
| ✓ | ⏱: 15.54s 
  [plugforinmates] https://plugforinmates.com/collections/all → 0 products
[SCRAPE].. ◆ Some images failed to load within timeout 
[SCRAPE].. ◆ Some images failed to load within timeout 
[FETCH]... ↓ https://skyesthelimitcatalog.com/                                  
| ✓ | ⏱: 30.56s 
[SCRAPE].. ◆ https://skyesthelimitcatalog.com/                                  
| ✓ | ⏱: 2.48s 
[COMPLETE] ● https://skyesthelimitcatalog.com/                                  
| ✓ | ⏱: 33.09s 
  [skyesthelimit] https://skyesthelimitcatalog.com/ → 2 products
[FETCH]... ↓ https://plugforinmates.com/                                        
| ✓ | ⏱: 18.81s 
[SCRAPE].. ◆ https://plugforinmates.com/                                        
| ✓ | ⏱: 0.76s 
[COMPLETE] ● https://plugforinmates.com/                                        
| ✓ | ⏱: 19.76s 
  [plugforinmates] https://plugforinmates.com/ → 9 products
[ANTIBOT]. ℹ https://nysapprovedvendor.com/                     | Error: Proxy 
direct failed: Failed on navigating ACS-GOTO:
Page.goto: Timeout 30000ms exceeded.
Call log:
  - navigating to "https://nysapprovedvendor.com/", waiting until 
"domcontentloaded"
 
[ERROR]... × https://nysapprovedvendor.com/                     | Error: 
Unexpected error in _crawl_web at line 778 in _crawl_web 
(Library/Python/3.14/lib/python/site-packages/crawl4ai/async_crawler_strategy.py
):
Error: Failed on navigating ACS-GOTO:
Page.goto: Timeout 30000ms exceeded.
Call log:
  - navigating to "https://nysapprovedvendor.com/", waiting until 
"domcontentloaded"


Code context:
 773                                   tag="GOTO",
 774                                   params={"url": url},
 775                               )
 776                               response = None
 777                           else:
 778 →                             raise RuntimeError(f"Failed on navigating 
ACS-GOTO:\n{str(e)}")
 779   
 780                       # 
──────────────────────────────────────────────────────────────
 781                       # Walk the redirect chain.  Playwright returns only 
the last
 782                       # hop, so we trace the `request.redirected_from` 
links until the
 783                       # first response that differs from the final one and 
surface its 
  [nysapprovedvendor] FAIL https://nysapprovedvendor.com/: Unexpected error in _crawl_web at line 778 in _crawl_web (Library/Python/3.14/lib/python/site-packages/crawl4ai/async_crawler_strategy.py):
Error: Failed on navigating ACS-GOTO:
Page.goto: Timeout 30000ms exceeded.
Call log:
  - navigating to "https://nysapprovedvendor.com/", waiting until "domcontentloaded"


Code context:
 773                                   tag="GOTO",
 774                                   params={"url": url},
 775                               )
 776                               response = None
 777                           else:
 778 →                             raise RuntimeError(f"Failed on navigating ACS-GOTO:\n{str(e)}")
 779   
 780                       # ──────────────────────────────────────────────────────────────
 781                       # Walk the redirect chain.  Playwright returns only the last
 782                       # hop, so we trace the `request.redirected_from` links until the
 783                       # first response that differs from the final one and surface its
[FETCH]... ↓ https://cigessentials.com/                                         
| ✓ | ⏱: 40.64s 
[SCRAPE].. ◆ https://cigessentials.com/                                         
| ✓ | ⏱: 6.52s 
[COMPLETE] ● https://cigessentials.com/                                         
| ✓ | ⏱: 47.60s 
  [cigessentials] https://cigessentials.com/ → 16 products
[SCRAPE].. ◆ Some images failed to load within timeout 
[FETCH]... ↓ https://emmaspremiumservices.com/collections/all                   
| ✓ | ⏱: 61.66s 
[SCRAPE].. ◆ https://emmaspremiumservices.com/collections/all                   
| ✓ | ⏱: 6.42s 
[COMPLETE] ● https://emmaspremiumservices.com/collections/all                   
| ✓ | ⏱: 68.82s 
  [emmaspremiumservices] https://emmaspremiumservices.com/collections/all → 2 products
[ANTIBOT]. ℹ https://skyesthelimitcatalog.com/shop/             | Error: Proxy 
direct failed: Failed on navigating ACS-GOTO:
Page.goto: Timeout 30000ms exceeded.
Call log:
  - navigating to "https://skyesthelimitcatalog.com/shop/", waiting until 
"domcontentloaded"
 
[ERROR]... × https://skyesthelimitcatalog.com/shop/             | Error: 
Unexpected error in _crawl_web at line 778 in _crawl_web 
(Library/Python/3.14/lib/python/site-packages/crawl4ai/async_crawler_strategy.py
):
Error: Failed on navigating ACS-GOTO:
Page.goto: Timeout 30000ms exceeded.
Call log:
  - navigating to "https://skyesthelimitcatalog.com/shop/", waiting until 
"domcontentloaded"


Code context:
 773                                   tag="GOTO",
 774                                   params={"url": url},
 775                               )
 776                               response = None
 777                           else:
 778 →                             raise RuntimeError(f"Failed on navigating 
ACS-GOTO:\n{str(e)}")
 779   
 780                       # 
──────────────────────────────────────────────────────────────
 781                       # Walk the redirect chain.  Playwright returns only 
the last
 782                       # hop, so we trace the `request.redirected_from` 
links until the
 783                       # first response that differs from the final one and 
surface its 
  [skyesthelimit] FAIL https://skyesthelimitcatalog.com/shop/: Unexpected error in _crawl_web at line 778 in _crawl_web (Library/Python/3.14/lib/python/site-packages/crawl4ai/async_crawler_strategy.py):
Error: Failed on navigating ACS-GOTO:
Page.goto: Timeout 30000ms exceeded.
Call log:
  - navigating to "https://skyesthelimitcatalog.com/shop/", waiting until "domcontentloaded"


Code context:
 773                                   tag="GOTO",
 774                                   params={"url": url},
 775                               )
 776                               response = None
 777                           else:
 778 →                             raise RuntimeError(f"Failed on navigating ACS-GOTO:\n{str(e)}")
 779   
 780                       # ──────────────────────────────────────────────────────────────
 781                       # Walk the redirect chain.  Playwright returns only the last
 782                       # hop, so we trace the `request.redirected_from` links until the
 783                       # first response that differs from the final one and surface its
[FETCH]... ↓ https://cigessentials.com/collections/all                          
| ✓ | ⏱: 30.03s 
[SCRAPE].. ◆ https://cigessentials.com/collections/all                          
| ✓ | ⏱: 5.09s 
[COMPLETE] ● https://cigessentials.com/collections/all                          
| ✓ | ⏱: 35.49s 
  [cigessentials] https://cigessentials.com/collections/all → 1 products
[SCRAPE].. ◆ Some images failed to load within timeout 
[SCRAPE].. ◆ Some images failed to load within timeout 
[FETCH]... ↓ https://nysapprovedvendor.com/shop/                                
| ✓ | ⏱: 60.24s 
[SCRAPE].. ◆ https://nysapprovedvendor.com/shop/                                
| ✓ | ⏱: 4.30s 
[COMPLETE] ● https://nysapprovedvendor.com/shop/                                
| ✓ | ⏱: 64.59s 
  [nysapprovedvendor] https://nysapprovedvendor.com/shop/ → 79 products
[FETCH]... ↓ https://emmaspremiumservices.com/collections/food-snacks           
| ✓ | ⏱: 37.82s 
[SCRAPE].. ◆ https://emmaspremiumservices.com/collections/food-snacks           
| ✓ | ⏱: 0.76s 
[COMPLETE] ● https://emmaspremiumservices.com/collections/food-snacks           
| ✓ | ⏱: 38.77s 
  [emmaspremiumservices] https://emmaspremiumservices.com/collections/food-snacks → 0 products
[FETCH]... ↓ https://emmaspremiumservices.com/collections/hygiene               
| ✓ | ⏱: 16.45s 
[SCRAPE].. ◆ https://emmaspremiumservices.com/collections/hygiene               
| ✓ | ⏱: 1.37s 
[COMPLETE] ● https://emmaspremiumservices.com/collections/hygiene               
| ✓ | ⏱: 17.91s 
  [emmaspremiumservices] https://emmaspremiumservices.com/collections/hygiene → 0 products
[FETCH]... ↓ https://emmaspremiumservices.com/collections/clothing              
| ✓ | ⏱: 24.30s 
[SCRAPE].. ◆ https://emmaspremiumservices.com/collections/clothing              
| ✓ | ⏱: 2.12s 
[COMPLETE] ● https://emmaspremiumservices.com/collections/clothing              
| ✓ | ⏱: 26.50s 
  [emmaspremiumservices] https://emmaspremiumservices.com/collections/clothing → 2 products
[FETCH]... ↓ https://emmaspremiumservices.com/collections/electronics           
| ✓ | ⏱: 26.61s 
[SCRAPE].. ◆ https://emmaspremiumservices.com/collections/electronics           
| ✓ | ⏱: 1.00s 
[COMPLETE] ● https://emmaspremiumservices.com/collections/electronics           
| ✓ | ⏱: 27.65s 
  [emmaspremiumservices] https://emmaspremiumservices.com/collections/electronics → 2 products

Compliance check: ['No changes on DOCCS mail/packages page', 'Disapproved vendor list — no changes detected']
New compliant products found: 0

Report saved to: /Users/markususche/Desktop/Vender Resale/research/2026-08-22-daily-report.md
Latest report: /Users/markususche/Desktop/Vender Resale/research/latest-report.md

Done.

============================================================
Vender Resale — Nightly Research — 2026-08-23 02:00
============================================================


[2026-08-23 02:00] Scraping 5 competitor sites...
[FETCH]... ↓ https://plugforinmates.com/collections/all                         
| ✓ | ⏱: 26.08s 
[SCRAPE].. ◆ https://plugforinmates.com/collections/all                         
| ✓ | ⏱: 5.87s 
[COMPLETE] ● https://plugforinmates.com/collections/all                         
| ✓ | ⏱: 33.04s 
  [plugforinmates] https://plugforinmates.com/collections/all → 0 products
[ANTIBOT]. ℹ https://nysapprovedvendor.com/                     | Error: Proxy 
direct failed: Failed on navigating ACS-GOTO:
Page.goto: Timeout 30000ms exceeded.
Call log:
  - navigating to "https://nysapprovedvendor.com/", waiting until 
"domcontentloaded"
 
[ERROR]... × https://nysapprovedvendor.com/                     | Error: 
Unexpected error in _crawl_web at line 778 in _crawl_web 
(Library/Python/3.14/lib/python/site-packages/crawl4ai/async_crawler_strategy.py
):
Error: Failed on navigating ACS-GOTO:
Page.goto: Timeout 30000ms exceeded.
Call log:
  - navigating to "https://nysapprovedvendor.com/", waiting until 
"domcontentloaded"


Code context:
 773                                   tag="GOTO",
 774                                   params={"url": url},
 775                               )
 776                               response = None
 777                           else:
 778 →                             raise RuntimeError(f"Failed on navigating 
ACS-GOTO:\n{str(e)}")
 779   
 780                       # 
──────────────────────────────────────────────────────────────
 781                       # Walk the redirect chain.  Playwright returns only 
the last
 782                       # hop, so we trace the `request.redirected_from` 
links until the
 783                       # first response that differs from the final one and 
surface its 
  [nysapprovedvendor] FAIL https://nysapprovedvendor.com/: Unexpected error in _crawl_web at line 778 in _crawl_web (Library/Python/3.14/lib/python/site-packages/crawl4ai/async_crawler_strategy.py):
Error: Failed on navigating ACS-GOTO:
Page.goto: Timeout 30000ms exceeded.
Call log:
  - navigating to "https://nysapprovedvendor.com/", waiting until "domcontentloaded"


Code context:
 773                                   tag="GOTO",
 774                                   params={"url": url},
 775                               )
 776                               response = None
 777                           else:
 778 →                             raise RuntimeError(f"Failed on navigating ACS-GOTO:\n{str(e)}")
 779   
 780                       # ──────────────────────────────────────────────────────────────
 781                       # Walk the redirect chain.  Playwright returns only the last
 782                       # hop, so we trace the `request.redirected_from` links until the
 783                       # first response that differs from the final one and surface its
[ANTIBOT]. ℹ https://emmaspremiumservices.com/collections/all   | Error: Proxy 
direct failed: Failed on navigating ACS-GOTO:
Page.goto: Timeout 30000ms exceeded.
Call log:
  - navigating to "https://emmaspremiumservices.com/collections/all", waiting 
until "domcontentloaded"
 
[ERROR]... × https://emmaspremiumservices.com/collections/all   | Error: 
Unexpected error in _crawl_web at line 778 in _crawl_web 
(Library/Python/3.14/lib/python/site-packages/crawl4ai/async_crawler_strategy.py
):
Error: Failed on navigating ACS-GOTO:
Page.goto: Timeout 30000ms exceeded.
Call log:
  - navigating to "https://emmaspremiumservices.com/collections/all", waiting 
until "domcontentloaded"


Code context:
 773                                   tag="GOTO",
 774                                   params={"url": url},
 775                               )
 776                               response = None
 777                           else:
 778 →                             raise RuntimeError(f"Failed on navigating 
ACS-GOTO:\n{str(e)}")
 779   
 780                       # 
──────────────────────────────────────────────────────────────
 781                       # Walk the redirect chain.  Playwright returns only 
the last
 782                       # hop, so we trace the `request.redirected_from` 
links until the
 783                       # first response that differs from the final one and 
surface its 
  [emmaspremiumservices] FAIL https://emmaspremiumservices.com/collections/all: Unexpected error in _crawl_web at line 778 in _crawl_web (Library/Python/3.14/lib/python/site-packages/crawl4ai/async_crawler_strategy.py):
Error: Failed on navigating ACS-GOTO:
Page.goto: Timeout 30000ms exceeded.
Call log:
  - navigating to "https://emmaspremiumservices.com/collections/all", waiting until "domcontentloaded"


Code context:
 773                                   tag="GOTO",
 774                                   params={"url": url},
 775                               )
 776                               response = None
 777                           else:
 778 →                             raise RuntimeError(f"Failed on navigating ACS-GOTO:\n{str(e)}")
 779   
 780                       # ──────────────────────────────────────────────────────────────
 781                       # Walk the redirect chain.  Playwright returns only the last
 782                       # hop, so we trace the `request.redirected_from` links until the
 783                       # first response that differs from the final one and surface its
[ANTIBOT]. ℹ https://cigessentials.com/                         | Error: Proxy 
direct failed: Failed on navigating ACS-GOTO:
Page.goto: Timeout 30000ms exceeded.
Call log:
  - navigating to "https://cigessentials.com/", waiting until "domcontentloaded"
 
[ERROR]... × https://cigessentials.com/                         | Error: 
Unexpected error in _crawl_web at line 778 in _crawl_web 
(Library/Python/3.14/lib/python/site-packages/crawl4ai/async_crawler_strategy.py
):
Error: Failed on navigating ACS-GOTO:
Page.goto: Timeout 30000ms exceeded.
Call log:
  - navigating to "https://cigessentials.com/", waiting until "domcontentloaded"


Code context:
 773                                   tag="GOTO",
 774                                   params={"url": url},
 775                               )
 776                               response = None
 777                           else:
 778 →                             raise RuntimeError(f"Failed on navigating 
ACS-GOTO:\n{str(e)}")
 779   
 780                       # 
──────────────────────────────────────────────────────────────
 781                       # Walk the redirect chain.  Playwright returns only 
the last
 782                       # hop, so we trace the `request.redirected_from` 
links until the
 783                       # first response that differs from the final one and 
surface its 
  [cigessentials] FAIL https://cigessentials.com/: Unexpected error in _crawl_web at line 778 in _crawl_web (Library/Python/3.14/lib/python/site-packages/crawl4ai/async_crawler_strategy.py):
Error: Failed on navigating ACS-GOTO:
Page.goto: Timeout 30000ms exceeded.
Call log:
  - navigating to "https://cigessentials.com/", waiting until "domcontentloaded"


Code context:
 773                                   tag="GOTO",
 774                                   params={"url": url},
 775                               )
 776                               response = None
 777                           else:
 778 →                             raise RuntimeError(f"Failed on navigating ACS-GOTO:\n{str(e)}")
 779   
 780                       # ──────────────────────────────────────────────────────────────
 781                       # Walk the redirect chain.  Playwright returns only the last
 782                       # hop, so we trace the `request.redirected_from` links until the
 783                       # first response that differs from the final one and surface its
[SCRAPE].. ◆ Some images failed to load within timeout 
[ANTIBOT]. ℹ https://nysapprovedvendor.com/shop/                | Error: Proxy 
direct failed: Failed on navigating ACS-GOTO:
Page.goto: Timeout 30000ms exceeded.
Call log:
  - navigating to "https://nysapprovedvendor.com/shop/", waiting until 
"domcontentloaded"
 
[ERROR]... × https://nysapprovedvendor.com/shop/                | Error: 
Unexpected error in _crawl_web at line 778 in _crawl_web 
(Library/Python/3.14/lib/python/site-packages/crawl4ai/async_crawler_strategy.py
):
Error: Failed on navigating ACS-GOTO:
Page.goto: Timeout 30000ms exceeded.
Call log:
  - navigating to "https://nysapprovedvendor.com/shop/", waiting until 
"domcontentloaded"


Code context:
 773                                   tag="GOTO",
 774                                   params={"url": url},
 775                               )
 776                               response = None
 777                           else:
 778 →                             raise RuntimeError(f"Failed on navigating 
ACS-GOTO:\n{str(e)}")
 779   
 780                       # 
──────────────────────────────────────────────────────────────
 781                       # Walk the redirect chain.  Playwright returns only 
the last
 782                       # hop, so we trace the `request.redirected_from` 
links until the
 783                       # first response that differs from the final one and 
surface its 
  [nysapprovedvendor] FAIL https://nysapprovedvendor.com/shop/: Unexpected error in _crawl_web at line 778 in _crawl_web (Library/Python/3.14/lib/python/site-packages/crawl4ai/async_crawler_strategy.py):
Error: Failed on navigating ACS-GOTO:
Page.goto: Timeout 30000ms exceeded.
Call log:
  - navigating to "https://nysapprovedvendor.com/shop/", waiting until "domcontentloaded"


Code context:
 773                                   tag="GOTO",
 774                                   params={"url": url},
 775                               )
 776                               response = None
 777                           else:
 778 →                             raise RuntimeError(f"Failed on navigating ACS-GOTO:\n{str(e)}")
 779   
 780                       # ──────────────────────────────────────────────────────────────
 781                       # Walk the redirect chain.  Playwright returns only the last
 782                       # hop, so we trace the `request.redirected_from` links until the
 783                       # first response that differs from the final one and surface its
[ANTIBOT]. ℹ https://emmaspremiumser...collections/food-snacks  | Error: Proxy 
direct failed: Failed on navigating ACS-GOTO:
Page.goto: Timeout 30000ms exceeded.
Call log:
  - navigating to "https://emmaspremiumservices.com/collections/food-snacks", 
waiting until "domcontentloaded"
 
[ERROR]... × https://emmaspremiumser...collections/food-snacks  | Error: 
Unexpected error in _crawl_web at line 778 in _crawl_web 
(Library/Python/3.14/lib/python/site-packages/crawl4ai/async_crawler_strategy.py
):
Error: Failed on navigating ACS-GOTO:
Page.goto: Timeout 30000ms exceeded.
Call log:
  - navigating to "https://emmaspremiumservices.com/collections/food-snacks", 
waiting until "domcontentloaded"


Code context:
 773                                   tag="GOTO",
 774                                   params={"url": url},
 775                               )
 776                               response = None
 777                           else:
 778 →                             raise RuntimeError(f"Failed on navigating 
ACS-GOTO:\n{str(e)}")
 779   
 780                       # 
──────────────────────────────────────────────────────────────
 781                       # Walk the redirect chain.  Playwright returns only 
the last
 782                       # hop, so we trace the `request.redirected_from` 
links until the
 783                       # first response that differs from the final one and 
surface its 
  [emmaspremiumservices] FAIL https://emmaspremiumservices.com/collections/food-snacks: Unexpected error in _crawl_web at line 778 in _crawl_web (Library/Python/3.14/lib/python/site-packages/crawl4ai/async_crawler_strategy.py):
Error: Failed on navigating ACS-GOTO:
Page.goto: Timeout 30000ms exceeded.
Call log:
  - navigating to "https://emmaspremiumservices.com/collections/food-snacks", waiting until "domcontentloaded"


Code context:
 773                                   tag="GOTO",
 774                                   params={"url": url},
 775                               )
 776                               response = None
 777                           else:
 778 →                             raise RuntimeError(f"Failed on navigating ACS-GOTO:\n{str(e)}")
 779   
 780                       # ──────────────────────────────────────────────────────────────
 781                       # Walk the redirect chain.  Playwright returns only the last
 782                       # hop, so we trace the `request.redirected_from` links until the
 783                       # first response that differs from the final one and surface its
[SCRAPE].. ◆ Some images failed to load within timeout 
[ANTIBOT]. ℹ https://cigessentials.com/collections/all          | Error: Proxy 
direct failed: Failed on navigating ACS-GOTO:
Page.goto: Timeout 30000ms exceeded.
Call log:
  - navigating to "https://cigessentials.com/collections/all", waiting until 
"domcontentloaded"
 
[ERROR]... × https://cigessentials.com/collections/all          | Error: 
Unexpected error in _crawl_web at line 778 in _crawl_web 
(Library/Python/3.14/lib/python/site-packages/crawl4ai/async_crawler_strategy.py
):
Error: Failed on navigating ACS-GOTO:
Page.goto: Timeout 30000ms exceeded.
Call log:
  - navigating to "https://cigessentials.com/collections/all", waiting until 
"domcontentloaded"


Code context:
 773                                   tag="GOTO",
 774                                   params={"url": url},
 775                               )
 776                               response = None
 777                           else:
 778 →                             raise RuntimeError(f"Failed on navigating 
ACS-GOTO:\n{str(e)}")
 779   
 780                       # 
──────────────────────────────────────────────────────────────
 781                       # Walk the redirect chain.  Playwright returns only 
the last
 782                       # hop, so we trace the `request.redirected_from` 
links until the
 783                       # first response that differs from the final one and 
surface its 
  [cigessentials] FAIL https://cigessentials.com/collections/all: Unexpected error in _crawl_web at line 778 in _crawl_web (Library/Python/3.14/lib/python/site-packages/crawl4ai/async_crawler_strategy.py):
Error: Failed on navigating ACS-GOTO:
Page.goto: Timeout 30000ms exceeded.
Call log:
  - navigating to "https://cigessentials.com/collections/all", waiting until "domcontentloaded"


Code context:
 773                                   tag="GOTO",
 774                                   params={"url": url},
 775                               )
 776                               response = None
 777                           else:
 778 →                             raise RuntimeError(f"Failed on navigating ACS-GOTO:\n{str(e)}")
 779   
 780                       # ──────────────────────────────────────────────────────────────
 781                       # Walk the redirect chain.  Playwright returns only the last
 782                       # hop, so we trace the `request.redirected_from` links until the
 783                       # first response that differs from the final one and surface its
[FETCH]... ↓ https://skyesthelimitcatalog.com/                                  
| ✓ | ⏱: 100.94s 
[SCRAPE].. ◆ https://skyesthelimitcatalog.com/                                  
| ✓ | ⏱: 4.40s 
[COMPLETE] ● https://skyesthelimitcatalog.com/                                  
| ✓ | ⏱: 107.33s 
  [skyesthelimit] https://skyesthelimitcatalog.com/ → 2 products
[FETCH]... ↓ https://plugforinmates.com/                                        
| ✓ | ⏱: 74.54s 
[SCRAPE].. ◆ https://plugforinmates.com/                                        
| ✓ | ⏱: 2.35s 
[COMPLETE] ● https://plugforinmates.com/                                        
| ✓ | ⏱: 76.92s 
  [plugforinmates] https://plugforinmates.com/ → 9 products
[ANTIBOT]. ℹ https://emmaspremiumser...com/collections/hygiene  | Error: Proxy 
direct failed: Failed on navigating ACS-GOTO:
Page.goto: Timeout 30000ms exceeded.
Call log:
  - navigating to "https://emmaspremiumservices.com/collections/hygiene", 
waiting until "domcontentloaded"
 
[ERROR]... × https://emmaspremiumser...com/collections/hygiene  | Error: 
Unexpected error in _crawl_web at line 778 in _crawl_web 
(Library/Python/3.14/lib/python/site-packages/crawl4ai/async_crawler_strategy.py
):
Error: Failed on navigating ACS-GOTO:
Page.goto: Timeout 30000ms exceeded.
Call log:
  - navigating to "https://emmaspremiumservices.com/collections/hygiene", 
waiting until "domcontentloaded"


Code context:
 773                                   tag="GOTO",
 774                                   params={"url": url},
 775                               )
 776                               response = None
 777                           else:
 778 →                             raise RuntimeError(f"Failed on navigating 
ACS-GOTO:\n{str(e)}")
 779   
 780                       # 
──────────────────────────────────────────────────────────────
 781                       # Walk the redirect chain.  Playwright returns only 
the last
 782                       # hop, so we trace the `request.redirected_from` 
links until the
 783                       # first response that differs from the final one and 
surface its 
  [emmaspremiumservices] FAIL https://emmaspremiumservices.com/collections/hygiene: Unexpected error in _crawl_web at line 778 in _crawl_web (Library/Python/3.14/lib/python/site-packages/crawl4ai/async_crawler_strategy.py):
Error: Failed on navigating ACS-GOTO:
Page.goto: Timeout 30000ms exceeded.
Call log:
  - navigating to "https://emmaspremiumservices.com/collections/hygiene", waiting until "domcontentloaded"


Code context:
 773                                   tag="GOTO",
 774                                   params={"url": url},
 775                               )
 776                               response = None
 777                           else:
 778 →                             raise RuntimeError(f"Failed on navigating ACS-GOTO:\n{str(e)}")
 779   
 780                       # ──────────────────────────────────────────────────────────────
 781                       # Walk the redirect chain.  Playwright returns only the last
 782                       # hop, so we trace the `request.redirected_from` links until the
 783                       # first response that differs from the final one and surface its
[ANTIBOT]. ℹ https://skyesthelimitcatalog.com/shop/             | Error: Proxy 
direct failed: Failed on navigating ACS-GOTO:
Page.goto: Timeout 30000ms exceeded.
Call log:
  - navigating to "https://skyesthelimitcatalog.com/shop/", waiting until 
"domcontentloaded"
 
[ERROR]... × https://skyesthelimitcatalog.com/shop/             | Error: 
Unexpected error in _crawl_web at line 778 in _crawl_web 
(Library/Python/3.14/lib/python/site-packages/crawl4ai/async_crawler_strategy.py
):
Error: Failed on navigating ACS-GOTO:
Page.goto: Timeout 30000ms exceeded.
Call log:
  - navigating to "https://skyesthelimitcatalog.com/shop/", waiting until 
"domcontentloaded"


Code context:
 773                                   tag="GOTO",
 774                                   params={"url": url},
 775                               )
 776                               response = None
 777                           else:
 778 →                             raise RuntimeError(f"Failed on navigating 
ACS-GOTO:\n{str(e)}")
 779   
 780                       # 
──────────────────────────────────────────────────────────────
 781                       # Walk the redirect chain.  Playwright returns only 
the last
 782                       # hop, so we trace the `request.redirected_from` 
links until the
 783                       # first response that differs from the final one and 
surface its 
  [skyesthelimit] FAIL https://skyesthelimitcatalog.com/shop/: Unexpected error in _crawl_web at line 778 in _crawl_web (Library/Python/3.14/lib/python/site-packages/crawl4ai/async_crawler_strategy.py):
Error: Failed on navigating ACS-GOTO:
Page.goto: Timeout 30000ms exceeded.
Call log:
  - navigating to "https://skyesthelimitcatalog.com/shop/", waiting until "domcontentloaded"


Code context:
 773                                   tag="GOTO",
 774                                   params={"url": url},
 775                               )
 776                               response = None
 777                           else:
 778 →                             raise RuntimeError(f"Failed on navigating ACS-GOTO:\n{str(e)}")
 779   
 780                       # ──────────────────────────────────────────────────────────────
 781                       # Walk the redirect chain.  Playwright returns only the last
 782                       # hop, so we trace the `request.redirected_from` links until the
 783                       # first response that differs from the final one and surface its
[ANTIBOT]. ℹ https://emmaspremiumser...om/collections/clothing  | Error: Proxy 
direct failed: Failed on navigating ACS-GOTO:
Page.goto: Timeout 30000ms exceeded.
Call log:
  - navigating to "https://emmaspremiumservices.com/collections/clothing", 
waiting until "domcontentloaded"
 
[ERROR]... × https://emmaspremiumser...om/collections/clothing  | Error: 
Unexpected error in _crawl_web at line 778 in _crawl_web 
(Library/Python/3.14/lib/python/site-packages/crawl4ai/async_crawler_strategy.py
):
Error: Failed on navigating ACS-GOTO:
Page.goto: Timeout 30000ms exceeded.
Call log:
  - navigating to "https://emmaspremiumservices.com/collections/clothing", 
waiting until "domcontentloaded"


Code context:
 773                                   tag="GOTO",
 774                                   params={"url": url},
 775                               )
 776                               response = None
 777                           else:
 778 →                             raise RuntimeError(f"Failed on navigating 
ACS-GOTO:\n{str(e)}")
 779   
 780                       # 
──────────────────────────────────────────────────────────────
 781                       # Walk the redirect chain.  Playwright returns only 
the last
 782                       # hop, so we trace the `request.redirected_from` 
links until the
 783                       # first response that differs from the final one and 
surface its 
  [emmaspremiumservices] FAIL https://emmaspremiumservices.com/collections/clothing: Unexpected error in _crawl_web at line 778 in _crawl_web (Library/Python/3.14/lib/python/site-packages/crawl4ai/async_crawler_strategy.py):
Error: Failed on navigating ACS-GOTO:
Page.goto: Timeout 30000ms exceeded.
Call log:
  - navigating to "https://emmaspremiumservices.com/collections/clothing", waiting until "domcontentloaded"


Code context:
 773                                   tag="GOTO",
 774                                   params={"url": url},
 775                               )
 776                               response = None
 777                           else:
 778 →                             raise RuntimeError(f"Failed on navigating ACS-GOTO:\n{str(e)}")
 779   
 780                       # ──────────────────────────────────────────────────────────────
 781                       # Walk the redirect chain.  Playwright returns only the last
 782                       # hop, so we trace the `request.redirected_from` links until the
 783                       # first response that differs from the final one and surface its
[FETCH]... ↓ https://emmaspremiumservices.com/collections/electronics           
| ✓ | ⏱: 48.45s 
[SCRAPE].. ◆ https://emmaspremiumservices.com/collections/electronics           
| ✓ | ⏱: 5.32s 
[COMPLETE] ● https://emmaspremiumservices.com/collections/electronics           
| ✓ | ⏱: 54.47s 
  [emmaspremiumservices] https://emmaspremiumservices.com/collections/electronics → 2 products

Compliance check: ['No changes on DOCCS mail/packages page', 'Disapproved vendor list — no changes detected']
New compliant products found: 0

Report saved to: /Users/markususche/Desktop/Vender Resale/research/2026-08-23-daily-report.md
Latest report: /Users/markususche/Desktop/Vender Resale/research/latest-report.md

Done.

============================================================
Vender Resale — Nightly Research — 2026-08-24 02:00
============================================================


[2026-08-24 02:00] Scraping 5 competitor sites...
[FETCH]... ↓ https://plugforinmates.com/collections/all                         
| ✓ | ⏱: 7.48s 
[SCRAPE].. ◆ https://plugforinmates.com/collections/all                         
| ✓ | ⏱: 0.21s 
[COMPLETE] ● https://plugforinmates.com/collections/all                         
| ✓ | ⏱: 7.76s 
  [plugforinmates] https://plugforinmates.com/collections/all → 0 products
[SCRAPE].. ◆ Some images failed to load within timeout 
[SCRAPE].. ◆ Some images failed to load within timeout 
[FETCH]... ↓ https://skyesthelimitcatalog.com/                                  
| ✓ | ⏱: 15.69s 
[SCRAPE].. ◆ https://skyesthelimitcatalog.com/                                  
| ✓ | ⏱: 0.26s 
[COMPLETE] ● https://skyesthelimitcatalog.com/                                  
| ✓ | ⏱: 16.03s 
  [skyesthelimit] https://skyesthelimitcatalog.com/ → 2 products
[SCRAPE].. ◆ Some images failed to load within timeout 
[FETCH]... ↓ https://plugforinmates.com/                                        
| ✓ | ⏱: 10.00s 
[SCRAPE].. ◆ https://plugforinmates.com/                                        
| ✓ | ⏱: 0.15s 
[COMPLETE] ● https://plugforinmates.com/                                        
| ✓ | ⏱: 10.37s 
  [plugforinmates] https://plugforinmates.com/ → 9 products
[SCRAPE].. ◆ Some images failed to load within timeout 
[FETCH]... ↓ https://cigessentials.com/                                         
| ✓ | ⏱: 18.23s 
[SCRAPE].. ◆ https://cigessentials.com/                                         
| ✓ | ⏱: 0.96s 
[COMPLETE] ● https://cigessentials.com/                                         
| ✓ | ⏱: 19.25s 
  [cigessentials] https://cigessentials.com/ → 16 products
[FETCH]... ↓ https://skyesthelimitcatalog.com/shop/                             
| ✓ | ⏱: 5.72s 
[SCRAPE].. ◆ https://skyesthelimitcatalog.com/shop/                             
| ✓ | ⏱: 0.01s 
[COMPLETE] ● https://skyesthelimitcatalog.com/shop/                             
| ✓ | ⏱: 5.76s 
  [skyesthelimit] https://skyesthelimitcatalog.com/shop/ → 0 products
[FETCH]... ↓ https://emmaspremiumservices.com/collections/all                   
| ✓ | ⏱: 25.05s 
[SCRAPE].. ◆ https://emmaspremiumservices.com/collections/all                   
| ✓ | ⏱: 0.67s 
[COMPLETE] ● https://emmaspremiumservices.com/collections/all                   
| ✓ | ⏱: 25.76s 
  [emmaspremiumservices] https://emmaspremiumservices.com/collections/all → 2 products
[FETCH]... ↓ https://nysapprovedvendor.com/                                     
| ✓ | ⏱: 26.10s 
[SCRAPE].. ◆ https://nysapprovedvendor.com/                                     
| ✓ | ⏱: 1.18s 
[COMPLETE] ● https://nysapprovedvendor.com/                                     
| ✓ | ⏱: 27.37s 
  [nysapprovedvendor] https://nysapprovedvendor.com/ → 79 products
[FETCH]... ↓ https://cigessentials.com/collections/all                          
| ✓ | ⏱: 8.28s 
[SCRAPE].. ◆ https://cigessentials.com/collections/all                          
| ✓ | ⏱: 0.45s 
[COMPLETE] ● https://cigessentials.com/collections/all                          
| ✓ | ⏱: 8.83s 
  [cigessentials] https://cigessentials.com/collections/all → 1 products
[SCRAPE].. ◆ Some images failed to load within timeout 
[FETCH]... ↓ https://emmaspremiumservices.com/collections/food-snacks           
| ✓ | ⏱: 9.11s 
[SCRAPE].. ◆ https://emmaspremiumservices.com/collections/food-snacks           
| ✓ | ⏱: 0.27s 
[COMPLETE] ● https://emmaspremiumservices.com/collections/food-snacks           
| ✓ | ⏱: 9.45s 
  [emmaspremiumservices] https://emmaspremiumservices.com/collections/food-snacks → 0 products
[SCRAPE].. ◆ Some images failed to load within timeout 
[SCRAPE].. ◆ Some images failed to load within timeout 
[FETCH]... ↓ https://nysapprovedvendor.com/shop/                                
| ✓ | ⏱: 14.42s 
[SCRAPE].. ◆ https://nysapprovedvendor.com/shop/                                
| ✓ | ⏱: 0.65s 
[COMPLETE] ● https://nysapprovedvendor.com/shop/                                
| ✓ | ⏱: 15.10s 
  [nysapprovedvendor] https://nysapprovedvendor.com/shop/ → 79 products
[FETCH]... ↓ https://emmaspremiumservices.com/collections/hygiene               
| ✓ | ⏱: 7.52s 
[SCRAPE].. ◆ https://emmaspremiumservices.com/collections/hygiene               
| ✓ | ⏱: 0.22s 
[COMPLETE] ● https://emmaspremiumservices.com/collections/hygiene               
| ✓ | ⏱: 7.80s 
  [emmaspremiumservices] https://emmaspremiumservices.com/collections/hygiene → 0 products
[SCRAPE].. ◆ Some images failed to load within timeout 
[FETCH]... ↓ https://emmaspremiumservices.com/collections/clothing              
| ✓ | ⏱: 11.46s 
[SCRAPE].. ◆ https://emmaspremiumservices.com/collections/clothing              
| ✓ | ⏱: 0.75s 
[COMPLETE] ● https://emmaspremiumservices.com/collections/clothing              
| ✓ | ⏱: 12.29s 
  [emmaspremiumservices] https://emmaspremiumservices.com/collections/clothing → 2 products
[SCRAPE].. ◆ Some images failed to load within timeout 
[FETCH]... ↓ https://emmaspremiumservices.com/collections/electronics           
| ✓ | ⏱: 11.27s 
[SCRAPE].. ◆ https://emmaspremiumservices.com/collections/electronics           
| ✓ | ⏱: 0.53s 
[COMPLETE] ● https://emmaspremiumservices.com/collections/electronics           
| ✓ | ⏱: 11.85s 
  [emmaspremiumservices] https://emmaspremiumservices.com/collections/electronics → 2 products

Compliance check: ['No changes on DOCCS mail/packages page', 'Disapproved vendor list — no changes detected']
New compliant products found: 0

Report saved to: /Users/markususche/Desktop/Vender Resale/research/2026-08-24-daily-report.md
Latest report: /Users/markususche/Desktop/Vender Resale/research/latest-report.md

Done.

============================================================
Vender Resale — Nightly Research — 2026-08-25 02:00
============================================================


[2026-08-25 02:00] Scraping 5 competitor sites...
[FETCH]... ↓ https://plugforinmates.com/collections/all                         
| ✓ | ⏱: 9.97s 
[SCRAPE].. ◆ https://plugforinmates.com/collections/all                         
| ✓ | ⏱: 0.25s 
[COMPLETE] ● https://plugforinmates.com/collections/all                         
| ✓ | ⏱: 10.57s 
  [plugforinmates] https://plugforinmates.com/collections/all → 0 products
[SCRAPE].. ◆ Some images failed to load within timeout 
[FETCH]... ↓ https://skyesthelimitcatalog.com/                                  
| ✓ | ⏱: 21.07s 
[SCRAPE].. ◆ https://skyesthelimitcatalog.com/                                  
| ✓ | ⏱: 1.05s 
[COMPLETE] ● https://skyesthelimitcatalog.com/                                  
| ✓ | ⏱: 22.45s 
  [skyesthelimit] https://skyesthelimitcatalog.com/ → 2 products
[FETCH]... ↓ https://plugforinmates.com/                                        
| ✓ | ⏱: 12.43s 
[SCRAPE].. ◆ https://plugforinmates.com/                                        
| ✓ | ⏱: 0.37s 
[COMPLETE] ● https://plugforinmates.com/                                        
| ✓ | ⏱: 12.88s 
  [plugforinmates] https://plugforinmates.com/ → 9 products
[FETCH]... ↓ https://cigessentials.com/                                         
| ✓ | ⏱: 26.86s 
[SCRAPE].. ◆ https://cigessentials.com/                                         
| ✓ | ⏱: 1.27s 
[COMPLETE] ● https://cigessentials.com/                                         
| ✓ | ⏱: 28.16s 
  [cigessentials] https://cigessentials.com/ → 16 products
[SCRAPE].. ◆ Some images failed to load within timeout 
[FETCH]... ↓ https://cigessentials.com/collections/all                          
| ✓ | ⏱: 6.42s 
[SCRAPE].. ◆ https://cigessentials.com/collections/all                          
| ✓ | ⏱: 0.22s 
[COMPLETE] ● https://cigessentials.com/collections/all                          
| ✓ | ⏱: 6.71s 
  [cigessentials] https://cigessentials.com/collections/all → 1 products
[FETCH]... ↓ https://nysapprovedvendor.com/                                     
| ✓ | ⏱: 35.96s 
[SCRAPE].. ◆ https://nysapprovedvendor.com/                                     
| ✓ | ⏱: 1.26s 
[COMPLETE] ● https://nysapprovedvendor.com/                                     
| ✓ | ⏱: 37.31s 
  [nysapprovedvendor] https://nysapprovedvendor.com/ → 79 products
[FETCH]... ↓ https://emmaspremiumservices.com/collections/all                   
| ✓ | ⏱: 42.15s 
[SCRAPE].. ◆ https://emmaspremiumservices.com/collections/all                   
| ✓ | ⏱: 0.86s 
[COMPLETE] ● https://emmaspremiumservices.com/collections/all                   
| ✓ | ⏱: 43.09s 
  [emmaspremiumservices] https://emmaspremiumservices.com/collections/all → 2 products
[SCRAPE].. ◆ Some images failed to load within timeout 
[SCRAPE].. ◆ Some images failed to load within timeout 
[ANTIBOT]. ℹ https://skyesthelimitcatalog.com/shop/             | Error: Proxy 
direct failed: Failed on navigating ACS-GOTO:
Page.goto: Timeout 30000ms exceeded.
Call log:
  - navigating to "https://skyesthelimitcatalog.com/shop/", waiting until 
"domcontentloaded"
 
[ERROR]... × https://skyesthelimitcatalog.com/shop/             | Error: 
Unexpected error in _crawl_web at line 778 in _crawl_web 
(Library/Python/3.14/lib/python/site-packages/crawl4ai/async_crawler_strategy.py
):
Error: Failed on navigating ACS-GOTO:
Page.goto: Timeout 30000ms exceeded.
Call log:
  - navigating to "https://skyesthelimitcatalog.com/shop/", waiting until 
"domcontentloaded"


Code context:
 773                                   tag="GOTO",
 774                                   params={"url": url},
 775                               )
 776                               response = None
 777                           else:
 778 →                             raise RuntimeError(f"Failed on navigating 
ACS-GOTO:\n{str(e)}")
 779   
 780                       # 
──────────────────────────────────────────────────────────────
 781                       # Walk the redirect chain.  Playwright returns only 
the last
 782                       # hop, so we trace the `request.redirected_from` 
links until the
 783                       # first response that differs from the final one and 
surface its 
  [skyesthelimit] FAIL https://skyesthelimitcatalog.com/shop/: Unexpected error in _crawl_web at line 778 in _crawl_web (Library/Python/3.14/lib/python/site-packages/crawl4ai/async_crawler_strategy.py):
Error: Failed on navigating ACS-GOTO:
Page.goto: Timeout 30000ms exceeded.
Call log:
  - navigating to "https://skyesthelimitcatalog.com/shop/", waiting until "domcontentloaded"


Code context:
 773                                   tag="GOTO",
 774                                   params={"url": url},
 775                               )
 776                               response = None
 777                           else:
 778 →                             raise RuntimeError(f"Failed on navigating ACS-GOTO:\n{str(e)}")
 779   
 780                       # ──────────────────────────────────────────────────────────────
 781                       # Walk the redirect chain.  Playwright returns only the last
 782                       # hop, so we trace the `request.redirected_from` links until the
 783                       # first response that differs from the final one and surface its
[FETCH]... ↓ https://emmaspremiumservices.com/collections/food-snacks           
| ✓ | ⏱: 10.05s 
[SCRAPE].. ◆ https://emmaspremiumservices.com/collections/food-snacks           
| ✓ | ⏱: 0.32s 
[COMPLETE] ● https://emmaspremiumservices.com/collections/food-snacks           
| ✓ | ⏱: 10.54s 
  [emmaspremiumservices] https://emmaspremiumservices.com/collections/food-snacks → 0 products
[FETCH]... ↓ https://nysapprovedvendor.com/shop/                                
| ✓ | ⏱: 17.12s 
[SCRAPE].. ◆ https://nysapprovedvendor.com/shop/                                
| ✓ | ⏱: 1.70s 
[COMPLETE] ● https://nysapprovedvendor.com/shop/                                
| ✓ | ⏱: 18.91s 
  [nysapprovedvendor] https://nysapprovedvendor.com/shop/ → 79 products
[SCRAPE].. ◆ Some images failed to load within timeout 
[FETCH]... ↓ https://emmaspremiumservices.com/collections/hygiene               
| ✓ | ⏱: 9.72s 
[SCRAPE].. ◆ https://emmaspremiumservices.com/collections/hygiene               
| ✓ | ⏱: 0.47s 
[COMPLETE] ● https://emmaspremiumservices.com/collections/hygiene               
| ✓ | ⏱: 10.25s 
  [emmaspremiumservices] https://emmaspremiumservices.com/collections/hygiene → 0 products
[SCRAPE].. ◆ Some images failed to load within timeout 
[FETCH]... ↓ https://emmaspremiumservices.com/collections/clothing              
| ✓ | ⏱: 13.81s 
[SCRAPE].. ◆ https://emmaspremiumservices.com/collections/clothing              
| ✓ | ⏱: 0.94s 
[COMPLETE] ● https://emmaspremiumservices.com/collections/clothing              
| ✓ | ⏱: 14.81s 
  [emmaspremiumservices] https://emmaspremiumservices.com/collections/clothing → 2 products
[FETCH]... ↓ https://emmaspremiumservices.com/collections/electronics           
| ✓ | ⏱: 11.97s 
[SCRAPE].. ◆ https://emmaspremiumservices.com/collections/electronics           
| ✓ | ⏱: 0.78s 
[COMPLETE] ● https://emmaspremiumservices.com/collections/electronics           
| ✓ | ⏱: 12.88s 
  [emmaspremiumservices] https://emmaspremiumservices.com/collections/electronics → 2 products

Compliance check: ['No changes on DOCCS mail/packages page', 'Disapproved vendor list — no changes detected']
New compliant products found: 0

Report saved to: /Users/markususche/Desktop/Vender Resale/research/2026-08-25-daily-report.md
Latest report: /Users/markususche/Desktop/Vender Resale/research/latest-report.md

Done.

============================================================
Vender Resale — Nightly Research — 2026-08-26 02:00
============================================================


[2026-08-26 02:00] Scraping 5 competitor sites...
[FETCH]... ↓ https://plugforinmates.com/collections/all                         
| ✓ | ⏱: 17.24s 
[SCRAPE].. ◆ https://plugforinmates.com/collections/all                         
| ✓ | ⏱: 0.02s 
[COMPLETE] ● https://plugforinmates.com/collections/all                         
| ✓ | ⏱: 18.20s 
  [plugforinmates] https://plugforinmates.com/collections/all → 0 products
[SCRAPE].. ◆ Some images failed to load within timeout 
[SCRAPE].. ◆ Some images failed to load within timeout 
[FETCH]... ↓ https://plugforinmates.com/                                        
| ✓ | ⏱: 17.27s 
[SCRAPE].. ◆ https://plugforinmates.com/                                        
| ✓ | ⏱: 1.13s 
[COMPLETE] ● https://plugforinmates.com/                                        
| ✓ | ⏱: 18.78s 
  [plugforinmates] https://plugforinmates.com/ → 9 products
[FETCH]... ↓ https://skyesthelimitcatalog.com/                                  
| ✓ | ⏱: 37.03s 
[SCRAPE].. ◆ https://skyesthelimitcatalog.com/                                  
| ✓ | ⏱: 2.24s 
[COMPLETE] ● https://skyesthelimitcatalog.com/                                  
| ✓ | ⏱: 39.40s 
  [skyesthelimit] https://skyesthelimitcatalog.com/ → 2 products
[ANTIBOT]. ℹ https://nysapprovedvendor.com/                     | Error: Proxy 
direct failed: Failed on navigating ACS-GOTO:
Page.goto: Timeout 30000ms exceeded.
Call log:
  - navigating to "https://nysapprovedvendor.com/", waiting until 
"domcontentloaded"
 
[ERROR]... × https://nysapprovedvendor.com/                     | Error: 
Unexpected error in _crawl_web at line 778 in _crawl_web 
(Library/Python/3.14/lib/python/site-packages/crawl4ai/async_crawler_strategy.py
):
Error: Failed on navigating ACS-GOTO:
Page.goto: Timeout 30000ms exceeded.
Call log:
  - navigating to "https://nysapprovedvendor.com/", waiting until 
"domcontentloaded"


Code context:
 773                                   tag="GOTO",
 774                                   params={"url": url},
 775                               )
 776                               response = None
 777                           else:
 778 →                             raise RuntimeError(f"Failed on navigating 
ACS-GOTO:\n{str(e)}")
 779   
 780                       # 
──────────────────────────────────────────────────────────────
 781                       # Walk the redirect chain.  Playwright returns only 
the last
 782                       # hop, so we trace the `request.redirected_from` 
links until the
 783                       # first response that differs from the final one and 
surface its 
  [nysapprovedvendor] FAIL https://nysapprovedvendor.com/: Unexpected error in _crawl_web at line 778 in _crawl_web (Library/Python/3.14/lib/python/site-packages/crawl4ai/async_crawler_strategy.py):
Error: Failed on navigating ACS-GOTO:
Page.goto: Timeout 30000ms exceeded.
Call log:
  - navigating to "https://nysapprovedvendor.com/", waiting until "domcontentloaded"


Code context:
 773                                   tag="GOTO",
 774                                   params={"url": url},
 775                               )
 776                               response = None
 777                           else:
 778 →                             raise RuntimeError(f"Failed on navigating ACS-GOTO:\n{str(e)}")
 779   
 780                       # ──────────────────────────────────────────────────────────────
 781                       # Walk the redirect chain.  Playwright returns only the last
 782                       # hop, so we trace the `request.redirected_from` links until the
 783                       # first response that differs from the final one and surface its
[FETCH]... ↓ https://cigessentials.com/                                         
| ✓ | ⏱: 51.85s 
[SCRAPE].. ◆ https://cigessentials.com/                                         
| ✓ | ⏱: 4.59s 
[COMPLETE] ● https://cigessentials.com/                                         
| ✓ | ⏱: 56.52s 
  [cigessentials] https://cigessentials.com/ → 16 products
[SCRAPE].. ◆ Some images failed to load within timeout 
[FETCH]... ↓ https://emmaspremiumservices.com/collections/all                   
| ✓ | ⏱: 67.19s 
[SCRAPE].. ◆ https://emmaspremiumservices.com/collections/all                   
| ✓ | ⏱: 4.18s 
[COMPLETE] ● https://emmaspremiumservices.com/collections/all                   
| ✓ | ⏱: 71.45s 
  [emmaspremiumservices] https://emmaspremiumservices.com/collections/all → 2 products
[ANTIBOT]. ℹ https://skyesthelimitcatalog.com/shop/             | Error: Proxy 
direct failed: Failed on navigating ACS-GOTO:
Page.goto: Timeout 30000ms exceeded.
Call log:
  - navigating to "https://skyesthelimitcatalog.com/shop/", waiting until 
"domcontentloaded"
 
[ERROR]... × https://skyesthelimitcatalog.com/shop/             | Error: 
Unexpected error in _crawl_web at line 778 in _crawl_web 
(Library/Python/3.14/lib/python/site-packages/crawl4ai/async_crawler_strategy.py
):
Error: Failed on navigating ACS-GOTO:
Page.goto: Timeout 30000ms exceeded.
Call log:
  - navigating to "https://skyesthelimitcatalog.com/shop/", waiting until 
"domcontentloaded"


Code context:
 773                                   tag="GOTO",
 774                                   params={"url": url},
 775                               )
 776                               response = None
 777                           else:
 778 →                             raise RuntimeError(f"Failed on navigating 
ACS-GOTO:\n{str(e)}")
 779   
 780                       # 
──────────────────────────────────────────────────────────────
 781                       # Walk the redirect chain.  Playwright returns only 
the last
 782                       # hop, so we trace the `request.redirected_from` 
links until the
 783                       # first response that differs from the final one and 
surface its 
  [skyesthelimit] FAIL https://skyesthelimitcatalog.com/shop/: Unexpected error in _crawl_web at line 778 in _crawl_web (Library/Python/3.14/lib/python/site-packages/crawl4ai/async_crawler_strategy.py):
Error: Failed on navigating ACS-GOTO:
Page.goto: Timeout 30000ms exceeded.
Call log:
  - navigating to "https://skyesthelimitcatalog.com/shop/", waiting until "domcontentloaded"


Code context:
 773                                   tag="GOTO",
 774                                   params={"url": url},
 775                               )
 776                               response = None
 777                           else:
 778 →                             raise RuntimeError(f"Failed on navigating ACS-GOTO:\n{str(e)}")
 779   
 780                       # ──────────────────────────────────────────────────────────────
 781                       # Walk the redirect chain.  Playwright returns only the last
 782                       # hop, so we trace the `request.redirected_from` links until the
 783                       # first response that differs from the final one and surface its
[SCRAPE].. ◆ Some images failed to load within timeout 
[FETCH]... ↓ https://cigessentials.com/collections/all                          
| ✓ | ⏱: 17.07s 
[SCRAPE].. ◆ https://cigessentials.com/collections/all                          
| ✓ | ⏱: 1.55s 
[COMPLETE] ● https://cigessentials.com/collections/all                          
| ✓ | ⏱: 18.93s 
  [cigessentials] https://cigessentials.com/collections/all → 1 products
[FETCH]... ↓ https://nysapprovedvendor.com/shop/                                
| ✓ | ⏱: 42.35s 
[SCRAPE].. ◆ https://nysapprovedvendor.com/shop/                                
| ✓ | ⏱: 3.80s 
[COMPLETE] ● https://nysapprovedvendor.com/shop/                                
| ✓ | ⏱: 46.26s 
  [nysapprovedvendor] https://nysapprovedvendor.com/shop/ → 79 products
[FETCH]... ↓ https://emmaspremiumservices.com/collections/food-snacks           
| ✓ | ⏱: 21.32s 
[SCRAPE].. ◆ https://emmaspremiumservices.com/collections/food-snacks           
| ✓ | ⏱: 1.09s 
[COMPLETE] ● https://emmaspremiumservices.com/collections/food-snacks           
| ✓ | ⏱: 22.50s 
  [emmaspremiumservices] https://emmaspremiumservices.com/collections/food-snacks → 0 products
[SCRAPE].. ◆ Some images failed to load within timeout 
[FETCH]... ↓ https://emmaspremiumservices.com/collections/hygiene               
| ✓ | ⏱: 13.18s 
[SCRAPE].. ◆ https://emmaspremiumservices.com/collections/hygiene               
| ✓ | ⏱: 0.48s 
[COMPLETE] ● https://emmaspremiumservices.com/collections/hygiene               
| ✓ | ⏱: 13.71s 
  [emmaspremiumservices] https://emmaspremiumservices.com/collections/hygiene → 0 products
[FETCH]... ↓ https://emmaspremiumservices.com/collections/clothing              
| ✓ | ⏱: 23.71s 
[SCRAPE].. ◆ https://emmaspremiumservices.com/collections/clothing              
| ✓ | ⏱: 1.26s 
[COMPLETE] ● https://emmaspremiumservices.com/collections/clothing              
| ✓ | ⏱: 25.06s 
  [emmaspremiumservices] https://emmaspremiumservices.com/collections/clothing → 2 products
[FETCH]... ↓ https://emmaspremiumservices.com/collections/electronics           
| ✓ | ⏱: 18.93s 
[SCRAPE].. ◆ https://emmaspremiumservices.com/collections/electronics           
| ✓ | ⏱: 0.80s 
[COMPLETE] ● https://emmaspremiumservices.com/collections/electronics           
| ✓ | ⏱: 20.10s 
  [emmaspremiumservices] https://emmaspremiumservices.com/collections/electronics → 2 products

Compliance check: ['No changes on DOCCS mail/packages page', 'Disapproved vendor list — no changes detected']
New compliant products found: 0

Report saved to: /Users/markususche/Desktop/Vender Resale/research/2026-08-26-daily-report.md
Latest report: /Users/markususche/Desktop/Vender Resale/research/latest-report.md

Done.

============================================================
Vender Resale — Nightly Research — 2026-08-27 02:00
============================================================


[2026-08-27 02:00] Scraping 5 competitor sites...
[FETCH]... ↓ https://plugforinmates.com/collections/all                         
| ✓ | ⏱: 14.07s 
[SCRAPE].. ◆ https://plugforinmates.com/collections/all                         
| ✓ | ⏱: 0.46s 
[COMPLETE] ● https://plugforinmates.com/collections/all                         
| ✓ | ⏱: 14.78s 
  [plugforinmates] https://plugforinmates.com/collections/all → 0 products
[SCRAPE].. ◆ Some images failed to load within timeout 
[SCRAPE].. ◆ Some images failed to load within timeout 
[FETCH]... ↓ https://skyesthelimitcatalog.com/                                  
| ✓ | ⏱: 26.67s 
[SCRAPE].. ◆ https://skyesthelimitcatalog.com/                                  
| ✓ | ⏱: 1.46s 
[COMPLETE] ● https://skyesthelimitcatalog.com/                                  
| ✓ | ⏱: 28.37s 
  [skyesthelimit] https://skyesthelimitcatalog.com/ → 2 products
[FETCH]... ↓ https://plugforinmates.com/                                        
| ✓ | ⏱: 15.84s 
[SCRAPE].. ◆ https://plugforinmates.com/                                        
| ✓ | ⏱: 0.35s 
[COMPLETE] ● https://plugforinmates.com/                                        
| ✓ | ⏱: 16.28s 
  [plugforinmates] https://plugforinmates.com/ → 9 products
[FETCH]... ↓ https://cigessentials.com/                                         
| ✓ | ⏱: 37.03s 
[SCRAPE].. ◆ https://cigessentials.com/                                         
| ✓ | ⏱: 2.04s 
[COMPLETE] ● https://cigessentials.com/                                         
| ✓ | ⏱: 39.37s 
  [cigessentials] https://cigessentials.com/ → 16 products
[SCRAPE].. ◆ Some images failed to load within timeout 
[SCRAPE].. ◆ Some images failed to load within timeout 
[FETCH]... ↓ https://emmaspremiumservices.com/collections/all                   
| ✓ | ⏱: 48.26s 
[SCRAPE].. ◆ https://emmaspremiumservices.com/collections/all                   
| ✓ | ⏱: 1.32s 
[COMPLETE] ● https://emmaspremiumservices.com/collections/all                   
| ✓ | ⏱: 49.65s 
  [emmaspremiumservices] https://emmaspremiumservices.com/collections/all → 2 products
[FETCH]... ↓ https://cigessentials.com/collections/all                          
| ✓ | ⏱: 10.23s 
[SCRAPE].. ◆ https://cigessentials.com/collections/all                          
| ✓ | ⏱: 0.64s 
[COMPLETE] ● https://cigessentials.com/collections/all                          
| ✓ | ⏱: 11.03s 
  [cigessentials] https://cigessentials.com/collections/all → 1 products
[FETCH]... ↓ https://nysapprovedvendor.com/                                     
| ✓ | ⏱: 52.20s 
[SCRAPE].. ◆ https://nysapprovedvendor.com/                                     
| ✓ | ⏱: 1.60s 
[COMPLETE] ● https://nysapprovedvendor.com/                                     
| ✓ | ⏱: 53.92s 
  [nysapprovedvendor] https://nysapprovedvendor.com/ → 79 products
[ANTIBOT]. ℹ https://skyesthelimitcatalog.com/shop/             | Error: Proxy 
direct failed: Failed on navigating ACS-GOTO:
Page.goto: Timeout 30000ms exceeded.
Call log:
  - navigating to "https://skyesthelimitcatalog.com/shop/", waiting until 
"domcontentloaded"
 
[ERROR]... × https://skyesthelimitcatalog.com/shop/             | Error: 
Unexpected error in _crawl_web at line 778 in _crawl_web 
(Library/Python/3.14/lib/python/site-packages/crawl4ai/async_crawler_strategy.py
):
Error: Failed on navigating ACS-GOTO:
Page.goto: Timeout 30000ms exceeded.
Call log:
  - navigating to "https://skyesthelimitcatalog.com/shop/", waiting until 
"domcontentloaded"


Code context:
 773                                   tag="GOTO",
 774                                   params={"url": url},
 775                               )
 776                               response = None
 777                           else:
 778 →                             raise RuntimeError(f"Failed on navigating 
ACS-GOTO:\n{str(e)}")
 779   
 780                       # 
──────────────────────────────────────────────────────────────
 781                       # Walk the redirect chain.  Playwright returns only 
the last
 782                       # hop, so we trace the `request.redirected_from` 
links until the
 783                       # first response that differs from the final one and 
surface its 
  [skyesthelimit] FAIL https://skyesthelimitcatalog.com/shop/: Unexpected error in _crawl_web at line 778 in _crawl_web (Library/Python/3.14/lib/python/site-packages/crawl4ai/async_crawler_strategy.py):
Error: Failed on navigating ACS-GOTO:
Page.goto: Timeout 30000ms exceeded.
Call log:
  - navigating to "https://skyesthelimitcatalog.com/shop/", waiting until "domcontentloaded"


Code context:
 773                                   tag="GOTO",
 774                                   params={"url": url},
 775                               )
 776                               response = None
 777                           else:
 778 →                             raise RuntimeError(f"Failed on navigating ACS-GOTO:\n{str(e)}")
 779   
 780                       # ──────────────────────────────────────────────────────────────
 781                       # Walk the redirect chain.  Playwright returns only the last
 782                       # hop, so we trace the `request.redirected_from` links until the
 783                       # first response that differs from the final one and surface its
[FETCH]... ↓ https://emmaspremiumservices.com/collections/food-snacks           
| ✓ | ⏱: 10.90s 
[SCRAPE].. ◆ https://emmaspremiumservices.com/collections/food-snacks           
| ✓ | ⏱: 0.32s 
[COMPLETE] ● https://emmaspremiumservices.com/collections/food-snacks           
| ✓ | ⏱: 11.36s 
  [emmaspremiumservices] https://emmaspremiumservices.com/collections/food-snacks → 0 products
[SCRAPE].. ◆ Some images failed to load within timeout 
[FETCH]... ↓ https://emmaspremiumservices.com/collections/hygiene               
| ✓ | ⏱: 14.21s 
[SCRAPE].. ◆ https://emmaspremiumservices.com/collections/hygiene               
| ✓ | ⏱: 1.18s 
[COMPLETE] ● https://emmaspremiumservices.com/collections/hygiene               
| ✓ | ⏱: 15.60s 
  [emmaspremiumservices] https://emmaspremiumservices.com/collections/hygiene → 0 products
[FETCH]... ↓ https://nysapprovedvendor.com/shop/                                
| ✓ | ⏱: 27.69s 
[SCRAPE].. ◆ https://nysapprovedvendor.com/shop/                                
| ✓ | ⏱: 3.97s 
[COMPLETE] ● https://nysapprovedvendor.com/shop/                                
| ✓ | ⏱: 31.78s 
  [nysapprovedvendor] https://nysapprovedvendor.com/shop/ → 79 products
[SCRAPE].. ◆ Some images failed to load within timeout 
[FETCH]... ↓ https://emmaspremiumservices.com/collections/clothing              
| ✓ | ⏱: 24.14s 
[SCRAPE].. ◆ https://emmaspremiumservices.com/collections/clothing              
| ✓ | ⏱: 2.07s 
[COMPLETE] ● https://emmaspremiumservices.com/collections/clothing              
| ✓ | ⏱: 26.29s 
  [emmaspremiumservices] https://emmaspremiumservices.com/collections/clothing → 2 products
[FETCH]... ↓ https://emmaspremiumservices.com/collections/electronics           
| ✓ | ⏱: 15.85s 
[SCRAPE].. ◆ https://emmaspremiumservices.com/collections/electronics           
| ✓ | ⏱: 1.38s 
[COMPLETE] ● https://emmaspremiumservices.com/collections/electronics           
| ✓ | ⏱: 17.31s 
  [emmaspremiumservices] https://emmaspremiumservices.com/collections/electronics → 2 products

Compliance check: ['No changes on DOCCS mail/packages page', 'Disapproved vendor list — no changes detected']
New compliant products found: 0

Report saved to: /Users/markususche/Desktop/Vender Resale/research/2026-08-27-daily-report.md
Latest report: /Users/markususche/Desktop/Vender Resale/research/latest-report.md

Done.

============================================================
Vender Resale — Nightly Research — 2026-08-28 02:00
============================================================


[2026-08-28 02:00] Scraping 5 competitor sites...
[FETCH]... ↓ https://plugforinmates.com/collections/all                         
| ✓ | ⏱: 7.91s 
[SCRAPE].. ◆ https://plugforinmates.com/collections/all                         
| ✓ | ⏱: 0.01s 
[COMPLETE] ● https://plugforinmates.com/collections/all                         
| ✓ | ⏱: 7.99s 
  [plugforinmates] https://plugforinmates.com/collections/all → 0 products
[SCRAPE].. ◆ Some images failed to load within timeout 
[SCRAPE].. ◆ Some images failed to load within timeout 
[FETCH]... ↓ https://skyesthelimitcatalog.com/                                  
| ✓ | ⏱: 17.11s 
[SCRAPE].. ◆ https://skyesthelimitcatalog.com/                                  
| ✓ | ⏱: 0.41s 
[COMPLETE] ● https://skyesthelimitcatalog.com/                                  
| ✓ | ⏱: 17.70s 
  [skyesthelimit] https://skyesthelimitcatalog.com/ → 2 products
[FETCH]... ↓ https://plugforinmates.com/                                        
| ✓ | ⏱: 10.63s 
[SCRAPE].. ◆ https://plugforinmates.com/                                        
| ✓ | ⏱: 0.29s 
[COMPLETE] ● https://plugforinmates.com/                                        
| ✓ | ⏱: 10.99s 
  [plugforinmates] https://plugforinmates.com/ → 9 products
[FETCH]... ↓ https://cigessentials.com/                                         
| ✓ | ⏱: 20.09s 
[SCRAPE].. ◆ https://cigessentials.com/                                         
| ✓ | ⏱: 0.78s 
[COMPLETE] ● https://cigessentials.com/                                         
| ✓ | ⏱: 20.92s 
  [cigessentials] https://cigessentials.com/ → 16 products
[SCRAPE].. ◆ Some images failed to load within timeout 
[FETCH]... ↓ https://skyesthelimitcatalog.com/shop/                             
| ✓ | ⏱: 8.25s 
[SCRAPE].. ◆ https://skyesthelimitcatalog.com/shop/                             
| ✓ | ⏱: 0.01s 
[COMPLETE] ● https://skyesthelimitcatalog.com/shop/                             
| ✓ | ⏱: 8.30s 
  [skyesthelimit] https://skyesthelimitcatalog.com/shop/ → 0 products
[FETCH]... ↓ https://cigessentials.com/collections/all                          
| ✓ | ⏱: 5.61s 
[SCRAPE].. ◆ https://cigessentials.com/collections/all                          
| ✓ | ⏱: 0.20s 
[COMPLETE] ● https://cigessentials.com/collections/all                          
| ✓ | ⏱: 5.85s 
  [cigessentials] https://cigessentials.com/collections/all → 1 products
[FETCH]... ↓ https://emmaspremiumservices.com/collections/all                   
| ✓ | ⏱: 27.53s 
[SCRAPE].. ◆ https://emmaspremiumservices.com/collections/all                   
| ✓ | ⏱: 0.60s 
[COMPLETE] ● https://emmaspremiumservices.com/collections/all                   
| ✓ | ⏱: 28.17s 
  [emmaspremiumservices] https://emmaspremiumservices.com/collections/all → 2 products
[FETCH]... ↓ https://nysapprovedvendor.com/                                     
| ✓ | ⏱: 29.30s 
[SCRAPE].. ◆ https://nysapprovedvendor.com/                                     
| ✓ | ⏱: 0.58s 
[COMPLETE] ● https://nysapprovedvendor.com/                                     
| ✓ | ⏱: 29.92s 
  [nysapprovedvendor] https://nysapprovedvendor.com/ → 79 products
[SCRAPE].. ◆ Some images failed to load within timeout 
[FETCH]... ↓ https://emmaspremiumservices.com/collections/food-snacks           
| ✓ | ⏱: 6.63s 
[SCRAPE].. ◆ https://emmaspremiumservices.com/collections/food-snacks           
| ✓ | ⏱: 0.31s 
[COMPLETE] ● https://emmaspremiumservices.com/collections/food-snacks           
| ✓ | ⏱: 6.99s 
  [emmaspremiumservices] https://emmaspremiumservices.com/collections/food-snacks → 0 products
[SCRAPE].. ◆ Some images failed to load within timeout 
[SCRAPE].. ◆ Some images failed to load within timeout 
[FETCH]... ↓ https://nysapprovedvendor.com/shop/                                
| ✓ | ⏱: 11.88s 
[SCRAPE].. ◆ https://nysapprovedvendor.com/shop/                                
| ✓ | ⏱: 0.63s 
[COMPLETE] ● https://nysapprovedvendor.com/shop/                                
| ✓ | ⏱: 12.56s 
  [nysapprovedvendor] https://nysapprovedvendor.com/shop/ → 79 products
[FETCH]... ↓ https://emmaspremiumservices.com/collections/hygiene               
| ✓ | ⏱: 8.12s 
[SCRAPE].. ◆ https://emmaspremiumservices.com/collections/hygiene               
| ✓ | ⏱: 0.21s 
[COMPLETE] ● https://emmaspremiumservices.com/collections/hygiene               
| ✓ | ⏱: 8.37s 
  [emmaspremiumservices] https://emmaspremiumservices.com/collections/hygiene → 0 products
[SCRAPE].. ◆ Some images failed to load within timeout 
[FETCH]... ↓ https://emmaspremiumservices.com/collections/clothing              
| ✓ | ⏱: 10.56s 
[SCRAPE].. ◆ https://emmaspremiumservices.com/collections/clothing              
| ✓ | ⏱: 0.48s 
[COMPLETE] ● https://emmaspremiumservices.com/collections/clothing              
| ✓ | ⏱: 11.08s 
  [emmaspremiumservices] https://emmaspremiumservices.com/collections/clothing → 2 products
[SCRAPE].. ◆ Some images failed to load within timeout 
[FETCH]... ↓ https://emmaspremiumservices.com/collections/electronics           
| ✓ | ⏱: 10.44s 
[SCRAPE].. ◆ https://emmaspremiumservices.com/collections/electronics           
| ✓ | ⏱: 0.45s 
[COMPLETE] ● https://emmaspremiumservices.com/collections/electronics           
| ✓ | ⏱: 10.93s 
  [emmaspremiumservices] https://emmaspremiumservices.com/collections/electronics → 2 products

Compliance check: ['No changes on DOCCS mail/packages page', 'Disapproved vendor list — no changes detected']
New compliant products found: 0

Report saved to: /Users/markususche/Desktop/Vender Resale/research/2026-08-28-daily-report.md
Latest report: /Users/markususche/Desktop/Vender Resale/research/latest-report.md

Done.

============================================================
Vender Resale — Nightly Research — 2026-08-29 02:00
============================================================


[2026-08-29 02:00] Scraping 5 competitor sites...
[FETCH]... ↓ https://plugforinmates.com/collections/all                         
| ✓ | ⏱: 8.73s 
[SCRAPE].. ◆ https://plugforinmates.com/collections/all                         
| ✓ | ⏱: 0.02s 
[COMPLETE] ● https://plugforinmates.com/collections/all                         
| ✓ | ⏱: 9.04s 
  [plugforinmates] https://plugforinmates.com/collections/all → 0 products
[SCRAPE].. ◆ Some images failed to load within timeout 
[FETCH]... ↓ https://skyesthelimitcatalog.com/                                  
| ✓ | ⏱: 17.64s 
[SCRAPE].. ◆ https://skyesthelimitcatalog.com/                                  
| ✓ | ⏱: 0.54s 
[COMPLETE] ● https://skyesthelimitcatalog.com/                                  
| ✓ | ⏱: 18.25s 
  [skyesthelimit] https://skyesthelimitcatalog.com/ → 2 products
[FETCH]... ↓ https://plugforinmates.com/                                        
| ✓ | ⏱: 10.66s 
[SCRAPE].. ◆ https://plugforinmates.com/                                        
| ✓ | ⏱: 0.17s 
[COMPLETE] ● https://plugforinmates.com/                                        
| ✓ | ⏱: 10.86s 
  [plugforinmates] https://plugforinmates.com/ → 9 products
[FETCH]... ↓ https://cigessentials.com/                                         
| ✓ | ⏱: 20.19s 
[SCRAPE].. ◆ https://cigessentials.com/                                         
| ✓ | ⏱: 0.77s 
[COMPLETE] ● https://cigessentials.com/                                         
| ✓ | ⏱: 21.05s 
  [cigessentials] https://cigessentials.com/ → 16 products
[SCRAPE].. ◆ Some images failed to load within timeout 
[FETCH]... ↓ https://skyesthelimitcatalog.com/shop/                             
| ✓ | ⏱: 7.15s 
[SCRAPE].. ◆ https://skyesthelimitcatalog.com/shop/                             
| ✓ | ⏱: 0.00s 
[COMPLETE] ● https://skyesthelimitcatalog.com/shop/                             
| ✓ | ⏱: 7.22s 
  [skyesthelimit] https://skyesthelimitcatalog.com/shop/ → 0 products
[FETCH]... ↓ https://cigessentials.com/collections/all                          
| ✓ | ⏱: 5.04s 
[SCRAPE].. ◆ https://cigessentials.com/collections/all                          
| ✓ | ⏱: 0.26s 
[COMPLETE] ● https://cigessentials.com/collections/all                          
| ✓ | ⏱: 5.34s 
  [cigessentials] https://cigessentials.com/collections/all → 1 products
[FETCH]... ↓ https://emmaspremiumservices.com/collections/all                   
| ✓ | ⏱: 26.92s 
[SCRAPE].. ◆ https://emmaspremiumservices.com/collections/all                   
| ✓ | ⏱: 0.61s 
[COMPLETE] ● https://emmaspremiumservices.com/collections/all                   
| ✓ | ⏱: 27.58s 
  [emmaspremiumservices] https://emmaspremiumservices.com/collections/all → 2 products
[FETCH]... ↓ https://nysapprovedvendor.com/                                     
| ✓ | ⏱: 29.17s 
[SCRAPE].. ◆ https://nysapprovedvendor.com/                                     
| ✓ | ⏱: 0.48s 
[COMPLETE] ● https://nysapprovedvendor.com/                                     
| ✓ | ⏱: 29.69s 
  [nysapprovedvendor] https://nysapprovedvendor.com/ → 79 products
[SCRAPE].. ◆ Some images failed to load within timeout 
[FETCH]... ↓ https://emmaspremiumservices.com/collections/food-snacks           
| ✓ | ⏱: 6.49s 
[SCRAPE].. ◆ https://emmaspremiumservices.com/collections/food-snacks           
| ✓ | ⏱: 0.30s 
[COMPLETE] ● https://emmaspremiumservices.com/collections/food-snacks           
| ✓ | ⏱: 6.83s 
  [emmaspremiumservices] https://emmaspremiumservices.com/collections/food-snacks → 0 products
[SCRAPE].. ◆ Some images failed to load within timeout 
[SCRAPE].. ◆ Some images failed to load within timeout 
[FETCH]... ↓ https://nysapprovedvendor.com/shop/                                
| ✓ | ⏱: 11.38s 
[SCRAPE].. ◆ https://nysapprovedvendor.com/shop/                                
| ✓ | ⏱: 0.79s 
[COMPLETE] ● https://nysapprovedvendor.com/shop/                                
| ✓ | ⏱: 12.21s 
  [nysapprovedvendor] https://nysapprovedvendor.com/shop/ → 79 products
[FETCH]... ↓ https://emmaspremiumservices.com/collections/hygiene               
| ✓ | ⏱: 7.70s 
[SCRAPE].. ◆ https://emmaspremiumservices.com/collections/hygiene               
| ✓ | ⏱: 0.18s 
[COMPLETE] ● https://emmaspremiumservices.com/collections/hygiene               
| ✓ | ⏱: 7.91s 
  [emmaspremiumservices] https://emmaspremiumservices.com/collections/hygiene → 0 products
[FETCH]... ↓ https://emmaspremiumservices.com/collections/clothing              
| ✓ | ⏱: 9.56s 
[SCRAPE].. ◆ https://emmaspremiumservices.com/collections/clothing              
| ✓ | ⏱: 0.48s 
[COMPLETE] ● https://emmaspremiumservices.com/collections/clothing              
| ✓ | ⏱: 10.09s 
  [emmaspremiumservices] https://emmaspremiumservices.com/collections/clothing → 2 products
[SCRAPE].. ◆ Some images failed to load within timeout 
[FETCH]... ↓ https://emmaspremiumservices.com/collections/electronics           
| ✓ | ⏱: 10.14s 
[SCRAPE].. ◆ https://emmaspremiumservices.com/collections/electronics           
| ✓ | ⏱: 0.73s 
[COMPLETE] ● https://emmaspremiumservices.com/collections/electronics           
| ✓ | ⏱: 10.93s 
  [emmaspremiumservices] https://emmaspremiumservices.com/collections/electronics → 2 products

Compliance check: ['No changes on DOCCS mail/packages page', 'Disapproved vendor list — no changes detected']
New compliant products found: 0

Report saved to: /Users/markususche/Desktop/Vender Resale/research/2026-08-29-daily-report.md
Latest report: /Users/markususche/Desktop/Vender Resale/research/latest-report.md

Done.

============================================================
Vender Resale — Nightly Research — 2026-08-30 02:00
============================================================


[2026-08-30 02:00] Scraping 5 competitor sites...
[FETCH]... ↓ https://plugforinmates.com/collections/all                         
| ✓ | ⏱: 13.38s 
[SCRAPE].. ◆ https://plugforinmates.com/collections/all                         
| ✓ | ⏱: 0.25s 
[COMPLETE] ● https://plugforinmates.com/collections/all                         
| ✓ | ⏱: 14.73s 
  [plugforinmates] https://plugforinmates.com/collections/all → 0 products
[SCRAPE].. ◆ Some images failed to load within timeout 
[SCRAPE].. ◆ Some images failed to load within timeout 
[FETCH]... ↓ https://skyesthelimitcatalog.com/                                  
| ✓ | ⏱: 25.73s 
[SCRAPE].. ◆ https://skyesthelimitcatalog.com/                                  
| ✓ | ⏱: 2.08s 
[COMPLETE] ● https://skyesthelimitcatalog.com/                                  
| ✓ | ⏱: 28.17s 
  [skyesthelimit] https://skyesthelimitcatalog.com/ → 2 products
[FETCH]... ↓ https://plugforinmates.com/                                        
| ✓ | ⏱: 15.21s 
[SCRAPE].. ◆ https://plugforinmates.com/                                        
| ✓ | ⏱: 0.65s 
[COMPLETE] ● https://plugforinmates.com/                                        
| ✓ | ⏱: 16.01s 
  [plugforinmates] https://plugforinmates.com/ → 9 products
[FETCH]... ↓ https://cigessentials.com/                                         
| ✓ | ⏱: 37.98s 
[SCRAPE].. ◆ https://cigessentials.com/                                         
| ✓ | ⏱: 3.56s 
[COMPLETE] ● https://cigessentials.com/                                         
| ✓ | ⏱: 41.94s 
  [cigessentials] https://cigessentials.com/ → 16 products
[SCRAPE].. ◆ Some images failed to load within timeout 
[FETCH]... ↓ https://emmaspremiumservices.com/collections/all                   
| ✓ | ⏱: 50.76s 
[SCRAPE].. ◆ https://emmaspremiumservices.com/collections/all                   
| ✓ | ⏱: 3.10s 
[COMPLETE] ● https://emmaspremiumservices.com/collections/all                   
| ✓ | ⏱: 54.04s 
  [emmaspremiumservices] https://emmaspremiumservices.com/collections/all → 2 products
[FETCH]... ↓ https://cigessentials.com/collections/all                          
| ✓ | ⏱: 16.09s 
[SCRAPE].. ◆ https://cigessentials.com/collections/all                          
| ✓ | ⏱: 1.20s 
[COMPLETE] ● https://cigessentials.com/collections/all                          
| ✓ | ⏱: 17.41s 
  [cigessentials] https://cigessentials.com/collections/all → 1 products
[ANTIBOT]. ℹ https://skyesthelimitcatalog.com/shop/             | Error: Proxy 
direct failed: Failed on navigating ACS-GOTO:
Page.goto: Timeout 30000ms exceeded.
Call log:
  - navigating to "https://skyesthelimitcatalog.com/shop/", waiting until 
"domcontentloaded"
 
[ERROR]... × https://skyesthelimitcatalog.com/shop/             | Error: 
Unexpected error in _crawl_web at line 778 in _crawl_web 
(Library/Python/3.14/lib/python/site-packages/crawl4ai/async_crawler_strategy.py
):
Error: Failed on navigating ACS-GOTO:
Page.goto: Timeout 30000ms exceeded.
Call log:
  - navigating to "https://skyesthelimitcatalog.com/shop/", waiting until 
"domcontentloaded"


Code context:
 773                                   tag="GOTO",
 774                                   params={"url": url},
 775                               )
 776                               response = None
 777                           else:
 778 →                             raise RuntimeError(f"Failed on navigating 
ACS-GOTO:\n{str(e)}")
 779   
 780                       # 
──────────────────────────────────────────────────────────────
 781                       # Walk the redirect chain.  Playwright returns only 
the last
 782                       # hop, so we trace the `request.redirected_from` 
links until the
 783                       # first response that differs from the final one and 
surface its 
  [skyesthelimit] FAIL https://skyesthelimitcatalog.com/shop/: Unexpected error in _crawl_web at line 778 in _crawl_web (Library/Python/3.14/lib/python/site-packages/crawl4ai/async_crawler_strategy.py):
Error: Failed on navigating ACS-GOTO:
Page.goto: Timeout 30000ms exceeded.
Call log:
  - navigating to "https://skyesthelimitcatalog.com/shop/", waiting until "domcontentloaded"


Code context:
 773                                   tag="GOTO",
 774                                   params={"url": url},
 775                               )
 776                               response = None
 777                           else:
 778 →                             raise RuntimeError(f"Failed on navigating ACS-GOTO:\n{str(e)}")
 779   
 780                       # ──────────────────────────────────────────────────────────────
 781                       # Walk the redirect chain.  Playwright returns only the last
 782                       # hop, so we trace the `request.redirected_from` links until the
 783                       # first response that differs from the final one and surface its
[FETCH]... ↓ https://nysapprovedvendor.com/                                     
| ✓ | ⏱: 61.05s 
[SCRAPE].. ◆ https://nysapprovedvendor.com/                                     
| ✓ | ⏱: 2.40s 
[COMPLETE] ● https://nysapprovedvendor.com/                                     
| ✓ | ⏱: 63.70s 
  [nysapprovedvendor] https://nysapprovedvendor.com/ → 79 products
[FETCH]... ↓ https://emmaspremiumservices.com/collections/food-snacks           
| ✓ | ⏱: 17.63s 
[SCRAPE].. ◆ https://emmaspremiumservices.com/collections/food-snacks           
| ✓ | ⏱: 1.26s 
[COMPLETE] ● https://emmaspremiumservices.com/collections/food-snacks           
| ✓ | ⏱: 19.14s 
  [emmaspremiumservices] https://emmaspremiumservices.com/collections/food-snacks → 0 products
[SCRAPE].. ◆ Some images failed to load within timeout 
[FETCH]... ↓ https://emmaspremiumservices.com/collections/hygiene               
| ✓ | ⏱: 17.88s 
[SCRAPE].. ◆ https://emmaspremiumservices.com/collections/hygiene               
| ✓ | ⏱: 1.50s 
[COMPLETE] ● https://emmaspremiumservices.com/collections/hygiene               
| ✓ | ⏱: 19.55s 
  [emmaspremiumservices] https://emmaspremiumservices.com/collections/hygiene → 0 products
[FETCH]... ↓ https://nysapprovedvendor.com/shop/                                
| ✓ | ⏱: 31.75s 
[SCRAPE].. ◆ https://nysapprovedvendor.com/shop/                                
| ✓ | ⏱: 2.76s 
[COMPLETE] ● https://nysapprovedvendor.com/shop/                                
| ✓ | ⏱: 34.72s 
  [nysapprovedvendor] https://nysapprovedvendor.com/shop/ → 79 products
[SCRAPE].. ◆ Some images failed to load within timeout 
[FETCH]... ↓ https://emmaspremiumservices.com/collections/clothing              
| ✓ | ⏱: 22.41s 
[SCRAPE].. ◆ https://emmaspremiumservices.com/collections/clothing              
| ✓ | ⏱: 2.18s 
[COMPLETE] ● https://emmaspremiumservices.com/collections/clothing              
| ✓ | ⏱: 24.74s 
  [emmaspremiumservices] https://emmaspremiumservices.com/collections/clothing → 2 products
[FETCH]... ↓ https://emmaspremiumservices.com/collections/electronics           
| ✓ | ⏱: 16.31s 
[SCRAPE].. ◆ https://emmaspremiumservices.com/collections/electronics           
| ✓ | ⏱: 1.51s 
[COMPLETE] ● https://emmaspremiumservices.com/collections/electronics           
| ✓ | ⏱: 17.91s 
  [emmaspremiumservices] https://emmaspremiumservices.com/collections/electronics → 2 products

Compliance check: ['No changes on DOCCS mail/packages page', 'Disapproved vendor list — no changes detected']
New compliant products found: 0

Report saved to: /Users/markususche/Desktop/Vender Resale/research/2026-08-30-daily-report.md
Latest report: /Users/markususche/Desktop/Vender Resale/research/latest-report.md

Done.

============================================================
Vender Resale — Nightly Research — 2026-08-31 02:00
============================================================


[2026-08-31 02:00] Scraping 5 competitor sites...
[FETCH]... ↓ https://plugforinmates.com/collections/all                         
| ✓ | ⏱: 24.73s 
[SCRAPE].. ◆ https://plugforinmates.com/collections/all                         
| ✓ | ⏱: 0.58s 
[COMPLETE] ● https://plugforinmates.com/collections/all                         
| ✓ | ⏱: 25.92s 
  [plugforinmates] https://plugforinmates.com/collections/all → 0 products
[SCRAPE].. ◆ Some images failed to load within timeout 
[SCRAPE].. ◆ Some images failed to load within timeout 
[ANTIBOT]. ℹ https://nysapprovedvendor.com/                     | Error: Proxy 
direct failed: Failed on navigating ACS-GOTO:
Page.goto: Timeout 30000ms exceeded.
Call log:
  - navigating to "https://nysapprovedvendor.com/", waiting until 
"domcontentloaded"
 
[ERROR]... × https://nysapprovedvendor.com/                     | Error: 
Unexpected error in _crawl_web at line 778 in _crawl_web 
(Library/Python/3.14/lib/python/site-packages/crawl4ai/async_crawler_strategy.py
):
Error: Failed on navigating ACS-GOTO:
Page.goto: Timeout 30000ms exceeded.
Call log:
  - navigating to "https://nysapprovedvendor.com/", waiting until 
"domcontentloaded"


Code context:
 773                                   tag="GOTO",
 774                                   params={"url": url},
 775                               )
 776                               response = None
 777                           else:
 778 →                             raise RuntimeError(f"Failed on navigating 
ACS-GOTO:\n{str(e)}")
 779   
 780                       # 
──────────────────────────────────────────────────────────────
 781                       # Walk the redirect chain.  Playwright returns only 
the last
 782                       # hop, so we trace the `request.redirected_from` 
links until the
 783                       # first response that differs from the final one and 
surface its 
  [nysapprovedvendor] FAIL https://nysapprovedvendor.com/: Unexpected error in _crawl_web at line 778 in _crawl_web (Library/Python/3.14/lib/python/site-packages/crawl4ai/async_crawler_strategy.py):
Error: Failed on navigating ACS-GOTO:
Page.goto: Timeout 30000ms exceeded.
Call log:
  - navigating to "https://nysapprovedvendor.com/", waiting until "domcontentloaded"


Code context:
 773                                   tag="GOTO",
 774                                   params={"url": url},
 775                               )
 776                               response = None
 777                           else:
 778 →                             raise RuntimeError(f"Failed on navigating ACS-GOTO:\n{str(e)}")
 779   
 780                       # ──────────────────────────────────────────────────────────────
 781                       # Walk the redirect chain.  Playwright returns only the last
 782                       # hop, so we trace the `request.redirected_from` links until the
 783                       # first response that differs from the final one and surface its
[ANTIBOT]. ℹ https://emmaspremiumservices.com/collections/all   | Error: Proxy 
direct failed: Failed on navigating ACS-GOTO:
Page.goto: Timeout 30000ms exceeded.
Call log:
  - navigating to "https://emmaspremiumservices.com/collections/all", waiting 
until "domcontentloaded"
 
[ERROR]... × https://emmaspremiumservices.com/collections/all   | Error: 
Unexpected error in _crawl_web at line 778 in _crawl_web 
(Library/Python/3.14/lib/python/site-packages/crawl4ai/async_crawler_strategy.py
):
Error: Failed on navigating ACS-GOTO:
Page.goto: Timeout 30000ms exceeded.
Call log:
  - navigating to "https://emmaspremiumservices.com/collections/all", waiting 
until "domcontentloaded"


Code context:
 773                                   tag="GOTO",
 774                                   params={"url": url},
 775                               )
 776                               response = None
 777                           else:
 778 →                             raise RuntimeError(f"Failed on navigating 
ACS-GOTO:\n{str(e)}")
 779   
 780                       # 
──────────────────────────────────────────────────────────────
 781                       # Walk the redirect chain.  Playwright returns only 
the last
 782                       # hop, so we trace the `request.redirected_from` 
links until the
 783                       # first response that differs from the final one and 
surface its 
  [emmaspremiumservices] FAIL https://emmaspremiumservices.com/collections/all: Unexpected error in _crawl_web at line 778 in _crawl_web (Library/Python/3.14/lib/python/site-packages/crawl4ai/async_crawler_strategy.py):
Error: Failed on navigating ACS-GOTO:
Page.goto: Timeout 30000ms exceeded.
Call log:
  - navigating to "https://emmaspremiumservices.com/collections/all", waiting until "domcontentloaded"


Code context:
 773                                   tag="GOTO",
 774                                   params={"url": url},
 775                               )
 776                               response = None
 777                           else:
 778 →                             raise RuntimeError(f"Failed on navigating ACS-GOTO:\n{str(e)}")
 779   
 780                       # ──────────────────────────────────────────────────────────────
 781                       # Walk the redirect chain.  Playwright returns only the last
 782                       # hop, so we trace the `request.redirected_from` links until the
 783                       # first response that differs from the final one and surface its
[FETCH]... ↓ https://skyesthelimitcatalog.com/                                  
| ✓ | ⏱: 59.08s 
[SCRAPE].. ◆ https://skyesthelimitcatalog.com/                                  
| ✓ | ⏱: 5.93s 
[COMPLETE] ● https://skyesthelimitcatalog.com/                                  
| ✓ | ⏱: 66.85s 
  [skyesthelimit] https://skyesthelimitcatalog.com/ → 2 products
[FETCH]... ↓ https://plugforinmates.com/                                        
| ✓ | ⏱: 41.09s 
[SCRAPE].. ◆ https://plugforinmates.com/                                        
| ✓ | ⏱: 1.26s 
[COMPLETE] ● https://plugforinmates.com/                                        
| ✓ | ⏱: 43.33s 
  [plugforinmates] https://plugforinmates.com/ → 9 products
[ANTIBOT]. ℹ https://nysapprovedvendor.com/shop/                | Error: Proxy 
direct failed: Failed on navigating ACS-GOTO:
Page.goto: Timeout 30000ms exceeded.
Call log:
  - navigating to "https://nysapprovedvendor.com/shop/", waiting until 
"domcontentloaded"
 
[ERROR]... × https://nysapprovedvendor.com/shop/                | Error: 
Unexpected error in _crawl_web at line 778 in _crawl_web 
(Library/Python/3.14/lib/python/site-packages/crawl4ai/async_crawler_strategy.py
):
Error: Failed on navigating ACS-GOTO:
Page.goto: Timeout 30000ms exceeded.
Call log:
  - navigating to "https://nysapprovedvendor.com/shop/", waiting until 
"domcontentloaded"


Code context:
 773                                   tag="GOTO",
 774                                   params={"url": url},
 775                               )
 776                               response = None
 777                           else:
 778 →                             raise RuntimeError(f"Failed on navigating 
ACS-GOTO:\n{str(e)}")
 779   
 780                       # 
──────────────────────────────────────────────────────────────
 781                       # Walk the redirect chain.  Playwright returns only 
the last
 782                       # hop, so we trace the `request.redirected_from` 
links until the
 783                       # first response that differs from the final one and 
surface its 
  [nysapprovedvendor] FAIL https://nysapprovedvendor.com/shop/: Unexpected error in _crawl_web at line 778 in _crawl_web (Library/Python/3.14/lib/python/site-packages/crawl4ai/async_crawler_strategy.py):
Error: Failed on navigating ACS-GOTO:
Page.goto: Timeout 30000ms exceeded.
Call log:
  - navigating to "https://nysapprovedvendor.com/shop/", waiting until "domcontentloaded"


Code context:
 773                                   tag="GOTO",
 774                                   params={"url": url},
 775                               )
 776                               response = None
 777                           else:
 778 →                             raise RuntimeError(f"Failed on navigating ACS-GOTO:\n{str(e)}")
 779   
 780                       # ──────────────────────────────────────────────────────────────
 781                       # Walk the redirect chain.  Playwright returns only the last
 782                       # hop, so we trace the `request.redirected_from` links until the
 783                       # first response that differs from the final one and surface its
[FETCH]... ↓ https://cigessentials.com/                                         
| ✓ | ⏱: 82.20s 
[SCRAPE].. ◆ https://cigessentials.com/                                         
| ✓ | ⏱: 2.36s 
[COMPLETE] ● https://cigessentials.com/                                         
| ✓ | ⏱: 84.83s 
  [cigessentials] https://cigessentials.com/ → 16 products
[SCRAPE].. ◆ Some images failed to load within timeout 
[FETCH]... ↓ https://emmaspremiumservices.com/collections/food-snacks           
| ✓ | ⏱: 43.05s 
[SCRAPE].. ◆ https://emmaspremiumservices.com/collections/food-snacks           
| ✓ | ⏱: 1.34s 
[COMPLETE] ● https://emmaspremiumservices.com/collections/food-snacks           
| ✓ | ⏱: 44.96s 
  [emmaspremiumservices] https://emmaspremiumservices.com/collections/food-snacks → 0 products
[FETCH]... ↓ https://cigessentials.com/collections/all                          
| ✓ | ⏱: 11.41s 
[SCRAPE].. ◆ https://cigessentials.com/collections/all                          
| ✓ | ⏱: 1.40s 
[COMPLETE] ● https://cigessentials.com/collections/all                          
| ✓ | ⏱: 13.32s 
  [cigessentials] https://cigessentials.com/collections/all → 1 products
[ANTIBOT]. ℹ https://skyesthelimitcatalog.com/shop/             | Error: Proxy 
direct failed: Failed on navigating ACS-GOTO:
Page.goto: Timeout 30000ms exceeded.
Call log:
  - navigating to "https://skyesthelimitcatalog.com/shop/", waiting until 
"domcontentloaded"
 
[ERROR]... × https://skyesthelimitcatalog.com/shop/             | Error: 
Unexpected error in _crawl_web at line 778 in _crawl_web 
(Library/Python/3.14/lib/python/site-packages/crawl4ai/async_crawler_strategy.py
):
Error: Failed on navigating ACS-GOTO:
Page.goto: Timeout 30000ms exceeded.
Call log:
  - navigating to "https://skyesthelimitcatalog.com/shop/", waiting until 
"domcontentloaded"


Code context:
 773                                   tag="GOTO",
 774                                   params={"url": url},
 775                               )
 776                               response = None
 777                           else:
 778 →                             raise RuntimeError(f"Failed on navigating 
ACS-GOTO:\n{str(e)}")
 779   
 780                       # 
──────────────────────────────────────────────────────────────
 781                       # Walk the redirect chain.  Playwright returns only 
the last
 782                       # hop, so we trace the `request.redirected_from` 
links until the
 783                       # first response that differs from the final one and 
surface its 
  [skyesthelimit] FAIL https://skyesthelimitcatalog.com/shop/: Unexpected error in _crawl_web at line 778 in _crawl_web (Library/Python/3.14/lib/python/site-packages/crawl4ai/async_crawler_strategy.py):
Error: Failed on navigating ACS-GOTO:
Page.goto: Timeout 30000ms exceeded.
Call log:
  - navigating to "https://skyesthelimitcatalog.com/shop/", waiting until "domcontentloaded"


Code context:
 773                                   tag="GOTO",
 774                                   params={"url": url},
 775                               )
 776                               response = None
 777                           else:
 778 →                             raise RuntimeError(f"Failed on navigating ACS-GOTO:\n{str(e)}")
 779   
 780                       # ──────────────────────────────────────────────────────────────
 781                       # Walk the redirect chain.  Playwright returns only the last
 782                       # hop, so we trace the `request.redirected_from` links until the
 783                       # first response that differs from the final one and surface its
[SCRAPE].. ◆ Some images failed to load within timeout 
[FETCH]... ↓ https://emmaspremiumservices.com/collections/hygiene               
| ✓ | ⏱: 16.87s 
[SCRAPE].. ◆ https://emmaspremiumservices.com/collections/hygiene               
| ✓ | ⏱: 0.28s 
[COMPLETE] ● https://emmaspremiumservices.com/collections/hygiene               
| ✓ | ⏱: 17.32s 
  [emmaspremiumservices] https://emmaspremiumservices.com/collections/hygiene → 0 products
[SCRAPE].. ◆ Some images failed to load within timeout 
[FETCH]... ↓ https://emmaspremiumservices.com/collections/clothing              
| ✓ | ⏱: 16.06s 
[SCRAPE].. ◆ https://emmaspremiumservices.com/collections/clothing              
| ✓ | ⏱: 1.12s 
[COMPLETE] ● https://emmaspremiumservices.com/collections/clothing              
| ✓ | ⏱: 17.24s 
  [emmaspremiumservices] https://emmaspremiumservices.com/collections/clothing → 2 products
[FETCH]... ↓ https://emmaspremiumservices.com/collections/electronics           
| ✓ | ⏱: 35.23s 
[SCRAPE].. ◆ https://emmaspremiumservices.com/collections/electronics           
| ✓ | ⏱: 3.10s 
[COMPLETE] ● https://emmaspremiumservices.com/collections/electronics           
| ✓ | ⏱: 38.50s 
  [emmaspremiumservices] https://emmaspremiumservices.com/collections/electronics → 2 products

Compliance check: ['No changes on DOCCS mail/packages page', 'Disapproved vendor list — no changes detected']
New compliant products found: 0

Report saved to: /Users/markususche/Desktop/Vender Resale/research/2026-08-31-daily-report.md
Latest report: /Users/markususche/Desktop/Vender Resale/research/latest-report.md

Done.

============================================================
Vender Resale — Nightly Research — 2026-09-01 02:00
============================================================


[2026-09-01 02:00] Scraping 5 competitor sites...
[FETCH]... ↓ https://plugforinmates.com/collections/all                         
| ✓ | ⏱: 6.83s 
[SCRAPE].. ◆ https://plugforinmates.com/collections/all                         
| ✓ | ⏱: 0.03s 
[COMPLETE] ● https://plugforinmates.com/collections/all                         
| ✓ | ⏱: 6.96s 
  [plugforinmates] https://plugforinmates.com/collections/all → 0 products
[SCRAPE].. ◆ Some images failed to load within timeout 
[FETCH]... ↓ https://skyesthelimitcatalog.com/                                  
| ✓ | ⏱: 12.35s 
[SCRAPE].. ◆ https://skyesthelimitcatalog.com/                                  
| ✓ | ⏱: 0.10s 
[COMPLETE] ● https://skyesthelimitcatalog.com/                                  
| ✓ | ⏱: 12.52s 
  [skyesthelimit] https://skyesthelimitcatalog.com/ → 2 products
[SCRAPE].. ◆ Some images failed to load within timeout 
[SCRAPE].. ◆ Some images failed to load within timeout 
[FETCH]... ↓ https://cigessentials.com/                                         
| ✓ | ⏱: 15.71s 
[SCRAPE].. ◆ https://cigessentials.com/                                         
| ✓ | ⏱: 0.40s 
[COMPLETE] ● https://cigessentials.com/                                         
| ✓ | ⏱: 16.14s 
  [cigessentials] https://cigessentials.com/ → 16 products
[FETCH]... ↓ https://skyesthelimitcatalog.com/shop/                             
| ✓ | ⏱: 3.86s 
[SCRAPE].. ◆ https://skyesthelimitcatalog.com/shop/                             
| ✓ | ⏱: 0.01s 
[COMPLETE] ● https://skyesthelimitcatalog.com/shop/                             
| ✓ | ⏱: 3.89s 
  [skyesthelimit] https://skyesthelimitcatalog.com/shop/ → 0 products
[FETCH]... ↓ https://plugforinmates.com/                                        
| ✓ | ⏱: 9.57s 
[SCRAPE].. ◆ https://plugforinmates.com/                                        
| ✓ | ⏱: 0.10s 
[COMPLETE] ● https://plugforinmates.com/                                        
| ✓ | ⏱: 9.74s 
  [plugforinmates] https://plugforinmates.com/ → 9 products
[FETCH]... ↓ https://emmaspremiumservices.com/collections/all                   
| ✓ | ⏱: 20.66s 
[SCRAPE].. ◆ https://emmaspremiumservices.com/collections/all                   
| ✓ | ⏱: 0.40s 
[COMPLETE] ● https://emmaspremiumservices.com/collections/all                   
| ✓ | ⏱: 21.09s 
  [emmaspremiumservices] https://emmaspremiumservices.com/collections/all → 2 products
[FETCH]... ↓ https://cigessentials.com/collections/all                          
| ✓ | ⏱: 5.33s 
[SCRAPE].. ◆ https://cigessentials.com/collections/all                          
| ✓ | ⏱: 0.12s 
[COMPLETE] ● https://cigessentials.com/collections/all                          
| ✓ | ⏱: 5.48s 
  [cigessentials] https://cigessentials.com/collections/all → 1 products
[FETCH]... ↓ https://nysapprovedvendor.com/                                     
| ✓ | ⏱: 21.89s 
[SCRAPE].. ◆ https://nysapprovedvendor.com/                                     
| ✓ | ⏱: 0.67s 
[COMPLETE] ● https://nysapprovedvendor.com/                                     
| ✓ | ⏱: 22.60s 
  [nysapprovedvendor] https://nysapprovedvendor.com/ → 79 products
[SCRAPE].. ◆ Some images failed to load within timeout 
[SCRAPE].. ◆ Some images failed to load within timeout 
[FETCH]... ↓ https://emmaspremiumservices.com/collections/food-snacks           
| ✓ | ⏱: 6.01s 
[SCRAPE].. ◆ https://emmaspremiumservices.com/collections/food-snacks           
| ✓ | ⏱: 0.16s 
[COMPLETE] ● https://emmaspremiumservices.com/collections/food-snacks           
| ✓ | ⏱: 6.19s 
  [emmaspremiumservices] https://emmaspremiumservices.com/collections/food-snacks → 0 products
[SCRAPE].. ◆ Some images failed to load within timeout 
[FETCH]... ↓ https://nysapprovedvendor.com/shop/                                
| ✓ | ⏱: 9.99s 
[SCRAPE].. ◆ https://nysapprovedvendor.com/shop/                                
| ✓ | ⏱: 0.40s 
[COMPLETE] ● https://nysapprovedvendor.com/shop/                                
| ✓ | ⏱: 10.42s 
  [nysapprovedvendor] https://nysapprovedvendor.com/shop/ → 79 products
[FETCH]... ↓ https://emmaspremiumservices.com/collections/hygiene               
| ✓ | ⏱: 5.89s 
[SCRAPE].. ◆ https://emmaspremiumservices.com/collections/hygiene               
| ✓ | ⏱: 0.15s 
[COMPLETE] ● https://emmaspremiumservices.com/collections/hygiene               
| ✓ | ⏱: 6.06s 
  [emmaspremiumservices] https://emmaspremiumservices.com/collections/hygiene → 0 products
[SCRAPE].. ◆ Some images failed to load within timeout 
[FETCH]... ↓ https://emmaspremiumservices.com/collections/clothing              
| ✓ | ⏱: 9.87s 
[SCRAPE].. ◆ https://emmaspremiumservices.com/collections/clothing              
| ✓ | ⏱: 0.47s 
[COMPLETE] ● https://emmaspremiumservices.com/collections/clothing              
| ✓ | ⏱: 10.39s 
  [emmaspremiumservices] https://emmaspremiumservices.com/collections/clothing → 2 products
[SCRAPE].. ◆ Some images failed to load within timeout 
[FETCH]... ↓ https://emmaspremiumservices.com/collections/electronics           
| ✓ | ⏱: 9.21s 
[SCRAPE].. ◆ https://emmaspremiumservices.com/collections/electronics           
| ✓ | ⏱: 0.35s 
[COMPLETE] ● https://emmaspremiumservices.com/collections/electronics           
| ✓ | ⏱: 9.59s 
  [emmaspremiumservices] https://emmaspremiumservices.com/collections/electronics → 2 products

Compliance check: ['No changes on DOCCS mail/packages page', 'Disapproved vendor list — no changes detected']
New compliant products found: 0

Report saved to: /Users/markususche/Desktop/Vender Resale/research/2026-09-01-daily-report.md
Latest report: /Users/markususche/Desktop/Vender Resale/research/latest-report.md

Done.

============================================================
Vender Resale — Nightly Research — 2026-09-02 02:00
============================================================


[2026-09-02 02:00] Scraping 5 competitor sites...
[FETCH]... ↓ https://plugforinmates.com/collections/all                         
| ✓ | ⏱: 7.93s 
[SCRAPE].. ◆ https://plugforinmates.com/collections/all                         
| ✓ | ⏱: 0.01s 
[COMPLETE] ● https://plugforinmates.com/collections/all                         
| ✓ | ⏱: 8.11s 
  [plugforinmates] https://plugforinmates.com/collections/all → 0 products
[SCRAPE].. ◆ Some images failed to load within timeout 
[FETCH]... ↓ https://skyesthelimitcatalog.com/                                  
| ✓ | ⏱: 17.28s 
[SCRAPE].. ◆ https://skyesthelimitcatalog.com/                                  
| ✓ | ⏱: 0.43s 
[COMPLETE] ● https://skyesthelimitcatalog.com/                                  
| ✓ | ⏱: 17.74s 
  [skyesthelimit] https://skyesthelimitcatalog.com/ → 2 products
[FETCH]... ↓ https://plugforinmates.com/                                        
| ✓ | ⏱: 10.48s 
[SCRAPE].. ◆ https://plugforinmates.com/                                        
| ✓ | ⏱: 0.08s 
[COMPLETE] ● https://plugforinmates.com/                                        
| ✓ | ⏱: 10.66s 
  [plugforinmates] https://plugforinmates.com/ → 9 products
[FETCH]... ↓ https://cigessentials.com/                                         
| ✓ | ⏱: 20.11s 
[SCRAPE].. ◆ https://cigessentials.com/                                         
| ✓ | ⏱: 0.43s 
[COMPLETE] ● https://cigessentials.com/                                         
| ✓ | ⏱: 20.58s 
  [cigessentials] https://cigessentials.com/ → 16 products
[SCRAPE].. ◆ Some images failed to load within timeout 
[SCRAPE].. ◆ Some images failed to load within timeout 
[FETCH]... ↓ https://skyesthelimitcatalog.com/shop/                             
| ✓ | ⏱: 6.85s 
[SCRAPE].. ◆ https://skyesthelimitcatalog.com/shop/                             
| ✓ | ⏱: 0.00s 
[COMPLETE] ● https://skyesthelimitcatalog.com/shop/                             
| ✓ | ⏱: 6.88s 
  [skyesthelimit] https://skyesthelimitcatalog.com/shop/ → 0 products
[FETCH]... ↓ https://cigessentials.com/collections/all                          
| ✓ | ⏱: 5.02s 
[SCRAPE].. ◆ https://cigessentials.com/collections/all                          
| ✓ | ⏱: 0.16s 
[COMPLETE] ● https://cigessentials.com/collections/all                          
| ✓ | ⏱: 5.21s 
  [cigessentials] https://cigessentials.com/collections/all → 1 products
[FETCH]... ↓ https://nysapprovedvendor.com/                                     
| ✓ | ⏱: 27.36s 
[SCRAPE].. ◆ https://nysapprovedvendor.com/                                     
| ✓ | ⏱: 0.42s 
[COMPLETE] ● https://nysapprovedvendor.com/                                     
| ✓ | ⏱: 27.82s 
  [nysapprovedvendor] https://nysapprovedvendor.com/ → 79 products
[FETCH]... ↓ https://emmaspremiumservices.com/collections/all                   
| ✓ | ⏱: 28.16s 
[SCRAPE].. ◆ https://emmaspremiumservices.com/collections/all                   
| ✓ | ⏱: 0.38s 
[COMPLETE] ● https://emmaspremiumservices.com/collections/all                   
| ✓ | ⏱: 28.58s 
  [emmaspremiumservices] https://emmaspremiumservices.com/collections/all → 2 products
[SCRAPE].. ◆ Some images failed to load within timeout 
[SCRAPE].. ◆ Some images failed to load within timeout 
[FETCH]... ↓ https://emmaspremiumservices.com/collections/food-snacks           
| ✓ | ⏱: 6.86s 
[SCRAPE].. ◆ https://emmaspremiumservices.com/collections/food-snacks           
| ✓ | ⏱: 0.17s 
[COMPLETE] ● https://emmaspremiumservices.com/collections/food-snacks           
| ✓ | ⏱: 7.06s 
  [emmaspremiumservices] https://emmaspremiumservices.com/collections/food-snacks → 0 products
[SCRAPE].. ◆ Some images failed to load within timeout 
[FETCH]... ↓ https://nysapprovedvendor.com/shop/                                
| ✓ | ⏱: 11.44s 
[SCRAPE].. ◆ https://nysapprovedvendor.com/shop/                                
| ✓ | ⏱: 0.59s 
[COMPLETE] ● https://nysapprovedvendor.com/shop/                                
| ✓ | ⏱: 12.07s 
  [nysapprovedvendor] https://nysapprovedvendor.com/shop/ → 79 products
[FETCH]... ↓ https://emmaspremiumservices.com/collections/hygiene               
| ✓ | ⏱: 6.56s 
[SCRAPE].. ◆ https://emmaspremiumservices.com/collections/hygiene               
| ✓ | ⏱: 0.16s 
[COMPLETE] ● https://emmaspremiumservices.com/collections/hygiene               
| ✓ | ⏱: 6.74s 
  [emmaspremiumservices] https://emmaspremiumservices.com/collections/hygiene → 0 products
[FETCH]... ↓ https://emmaspremiumservices.com/collections/clothing              
| ✓ | ⏱: 9.09s 
[SCRAPE].. ◆ https://emmaspremiumservices.com/collections/clothing              
| ✓ | ⏱: 0.37s 
[COMPLETE] ● https://emmaspremiumservices.com/collections/clothing              
| ✓ | ⏱: 9.50s 
  [emmaspremiumservices] https://emmaspremiumservices.com/collections/clothing → 2 products
[FETCH]... ↓ https://emmaspremiumservices.com/collections/electronics           
| ✓ | ⏱: 8.98s 
[SCRAPE].. ◆ https://emmaspremiumservices.com/collections/electronics           
| ✓ | ⏱: 0.37s 
[COMPLETE] ● https://emmaspremiumservices.com/collections/electronics           
| ✓ | ⏱: 9.38s 
  [emmaspremiumservices] https://emmaspremiumservices.com/collections/electronics → 2 products

Compliance check: ['No changes on DOCCS mail/packages page', 'Disapproved vendor list — no changes detected']
New compliant products found: 0

Report saved to: /Users/markususche/Desktop/Vender Resale/research/2026-09-02-daily-report.md
Latest report: /Users/markususche/Desktop/Vender Resale/research/latest-report.md

Done.

============================================================
Vender Resale — Nightly Research — 2026-09-03 02:00
============================================================


[2026-09-03 02:00] Scraping 5 competitor sites...
[FETCH]... ↓ https://plugforinmates.com/collections/all                         
| ✓ | ⏱: 6.97s 
[SCRAPE].. ◆ https://plugforinmates.com/collections/all                         
| ✓ | ⏱: 0.05s 
[COMPLETE] ● https://plugforinmates.com/collections/all                         
| ✓ | ⏱: 7.16s 
  [plugforinmates] https://plugforinmates.com/collections/all → 0 products
[SCRAPE].. ◆ Some images failed to load within timeout 
[SCRAPE].. ◆ Some images failed to load within timeout 
[FETCH]... ↓ https://skyesthelimitcatalog.com/                                  
| ✓ | ⏱: 21.17s 
[SCRAPE].. ◆ https://skyesthelimitcatalog.com/                                  
| ✓ | ⏱: 0.37s 
[COMPLETE] ● https://skyesthelimitcatalog.com/                                  
| ✓ | ⏱: 21.59s 
  [skyesthelimit] https://skyesthelimitcatalog.com/ → 2 products
[FETCH]... ↓ https://cigessentials.com/                                         
| ✓ | ⏱: 22.70s 
[SCRAPE].. ◆ https://cigessentials.com/                                         
| ✓ | ⏱: 0.54s 
[COMPLETE] ● https://cigessentials.com/                                         
| ✓ | ⏱: 23.29s 
  [cigessentials] https://cigessentials.com/ → 16 products
[SCRAPE].. ◆ Some images failed to load within timeout 
[FETCH]... ↓ https://plugforinmates.com/                                        
| ✓ | ⏱: 17.13s 
[SCRAPE].. ◆ https://plugforinmates.com/                                        
| ✓ | ⏱: 0.12s 
[COMPLETE] ● https://plugforinmates.com/                                        
| ✓ | ⏱: 17.27s 
  [plugforinmates] https://plugforinmates.com/ → 9 products
[FETCH]... ↓ https://skyesthelimitcatalog.com/shop/                             
| ✓ | ⏱: 5.73s 
[SCRAPE].. ◆ https://skyesthelimitcatalog.com/shop/                             
| ✓ | ⏱: 0.00s 
[COMPLETE] ● https://skyesthelimitcatalog.com/shop/                             
| ✓ | ⏱: 5.80s 
  [skyesthelimit] https://skyesthelimitcatalog.com/shop/ → 0 products
[FETCH]... ↓ https://emmaspremiumservices.com/collections/all                   
| ✓ | ⏱: 29.22s 
[SCRAPE].. ◆ https://emmaspremiumservices.com/collections/all                   
| ✓ | ⏱: 0.89s 
[COMPLETE] ● https://emmaspremiumservices.com/collections/all                   
| ✓ | ⏱: 30.16s 
  [emmaspremiumservices] https://emmaspremiumservices.com/collections/all → 2 products
[FETCH]... ↓ https://cigessentials.com/collections/all                          
| ✓ | ⏱: 7.58s 
[SCRAPE].. ◆ https://cigessentials.com/collections/all                          
| ✓ | ⏱: 0.35s 
[COMPLETE] ● https://cigessentials.com/collections/all                          
| ✓ | ⏱: 8.04s 
  [cigessentials] https://cigessentials.com/collections/all → 1 products
[FETCH]... ↓ https://nysapprovedvendor.com/                                     
| ✓ | ⏱: 32.34s 
[SCRAPE].. ◆ https://nysapprovedvendor.com/                                     
| ✓ | ⏱: 1.20s 
[COMPLETE] ● https://nysapprovedvendor.com/                                     
| ✓ | ⏱: 33.61s 
  [nysapprovedvendor] https://nysapprovedvendor.com/ → 79 products
[FETCH]... ↓ https://emmaspremiumservices.com/collections/food-snacks           
| ✓ | ⏱: 9.05s 
[SCRAPE].. ◆ https://emmaspremiumservices.com/collections/food-snacks           
| ✓ | ⏱: 0.26s 
[COMPLETE] ● https://emmaspremiumservices.com/collections/food-snacks           
| ✓ | ⏱: 9.54s 
  [emmaspremiumservices] https://emmaspremiumservices.com/collections/food-snacks → 0 products
[SCRAPE].. ◆ Some images failed to load within timeout 
[FETCH]... ↓ https://nysapprovedvendor.com/shop/                                
| ✓ | ⏱: 13.63s 
[SCRAPE].. ◆ https://nysapprovedvendor.com/shop/                                
| ✓ | ⏱: 1.05s 
[COMPLETE] ● https://nysapprovedvendor.com/shop/                                
| ✓ | ⏱: 14.72s 
  [nysapprovedvendor] https://nysapprovedvendor.com/shop/ → 79 products
[FETCH]... ↓ https://emmaspremiumservices.com/collections/hygiene               
| ✓ | ⏱: 9.34s 
[SCRAPE].. ◆ https://emmaspremiumservices.com/collections/hygiene               
| ✓ | ⏱: 0.27s 
[COMPLETE] ● https://emmaspremiumservices.com/collections/hygiene               
| ✓ | ⏱: 9.69s 
  [emmaspremiumservices] https://emmaspremiumservices.com/collections/hygiene → 0 products
[SCRAPE].. ◆ Some images failed to load within timeout 
[FETCH]... ↓ https://emmaspremiumservices.com/collections/clothing              
| ✓ | ⏱: 10.37s 
[SCRAPE].. ◆ https://emmaspremiumservices.com/collections/clothing              
| ✓ | ⏱: 0.40s 
[COMPLETE] ● https://emmaspremiumservices.com/collections/clothing              
| ✓ | ⏱: 10.80s 
  [emmaspremiumservices] https://emmaspremiumservices.com/collections/clothing → 2 products
[SCRAPE].. ◆ Some images failed to load within timeout 
[FETCH]... ↓ https://emmaspremiumservices.com/collections/electronics           
| ✓ | ⏱: 10.76s 
[SCRAPE].. ◆ https://emmaspremiumservices.com/collections/electronics           
| ✓ | ⏱: 0.41s 
[COMPLETE] ● https://emmaspremiumservices.com/collections/electronics           
| ✓ | ⏱: 11.21s 
  [emmaspremiumservices] https://emmaspremiumservices.com/collections/electronics → 2 products

Compliance check: ['No changes on DOCCS mail/packages page', 'Disapproved vendor list — no changes detected']
New compliant products found: 0

Report saved to: /Users/markususche/Desktop/Vender Resale/research/2026-09-03-daily-report.md
Latest report: /Users/markususche/Desktop/Vender Resale/research/latest-report.md

Done.

============================================================
Vender Resale — Nightly Research — 2026-09-04 02:00
============================================================


[2026-09-04 02:00] Scraping 5 competitor sites...
[FETCH]... ↓ https://plugforinmates.com/collections/all                         
| ✓ | ⏱: 11.50s 
[SCRAPE].. ◆ https://plugforinmates.com/collections/all                         
| ✓ | ⏱: 0.03s 
[COMPLETE] ● https://plugforinmates.com/collections/all                         
| ✓ | ⏱: 11.71s 
  [plugforinmates] https://plugforinmates.com/collections/all → 0 products
[SCRAPE].. ◆ Some images failed to load within timeout 
[SCRAPE].. ◆ Some images failed to load within timeout 
[FETCH]... ↓ https://skyesthelimitcatalog.com/                                  
| ✓ | ⏱: 19.64s 
[SCRAPE].. ◆ https://skyesthelimitcatalog.com/                                  
| ✓ | ⏱: 1.04s 
[COMPLETE] ● https://skyesthelimitcatalog.com/                                  
| ✓ | ⏱: 20.98s 
  [skyesthelimit] https://skyesthelimitcatalog.com/ → 2 products
[FETCH]... ↓ https://plugforinmates.com/                                        
| ✓ | ⏱: 12.53s 
[SCRAPE].. ◆ https://plugforinmates.com/                                        
| ✓ | ⏱: 0.48s 
[COMPLETE] ● https://plugforinmates.com/                                        
| ✓ | ⏱: 13.20s 
  [plugforinmates] https://plugforinmates.com/ → 9 products
[FETCH]... ↓ https://cigessentials.com/                                         
| ✓ | ⏱: 31.47s 
[SCRAPE].. ◆ https://cigessentials.com/                                         
| ✓ | ⏱: 4.93s 
[COMPLETE] ● https://cigessentials.com/                                         
| ✓ | ⏱: 36.80s 
  [cigessentials] https://cigessentials.com/ → 16 products
[SCRAPE].. ◆ Some images failed to load within timeout 
[SCRAPE].. ◆ Some images failed to load within timeout 
[FETCH]... ↓ https://emmaspremiumservices.com/collections/all                   
| ✓ | ⏱: 46.99s 
[SCRAPE].. ◆ https://emmaspremiumservices.com/collections/all                   
| ✓ | ⏱: 1.29s 
[COMPLETE] ● https://emmaspremiumservices.com/collections/all                   
| ✓ | ⏱: 48.36s 
  [emmaspremiumservices] https://emmaspremiumservices.com/collections/all → 2 products
[FETCH]... ↓ https://nysapprovedvendor.com/                                     
| ✓ | ⏱: 49.45s 
[SCRAPE].. ◆ https://nysapprovedvendor.com/                                     
| ✓ | ⏱: 2.30s 
[COMPLETE] ● https://nysapprovedvendor.com/                                     
| ✓ | ⏱: 51.81s 
  [nysapprovedvendor] https://nysapprovedvendor.com/ → 79 products
[ANTIBOT]. ℹ https://skyesthelimitcatalog.com/shop/             | Error: Proxy 
direct failed: Failed on navigating ACS-GOTO:
Page.goto: Timeout 30000ms exceeded.
Call log:
  - navigating to "https://skyesthelimitcatalog.com/shop/", waiting until 
"domcontentloaded"
 
[ERROR]... × https://skyesthelimitcatalog.com/shop/             | Error: 
Unexpected error in _crawl_web at line 778 in _crawl_web 
(Library/Python/3.14/lib/python/site-packages/crawl4ai/async_crawler_strategy.py
):
Error: Failed on navigating ACS-GOTO:
Page.goto: Timeout 30000ms exceeded.
Call log:
  - navigating to "https://skyesthelimitcatalog.com/shop/", waiting until 
"domcontentloaded"


Code context:
 773                                   tag="GOTO",
 774                                   params={"url": url},
 775                               )
 776                               response = None
 777                           else:
 778 →                             raise RuntimeError(f"Failed on navigating 
ACS-GOTO:\n{str(e)}")
 779   
 780                       # 
──────────────────────────────────────────────────────────────
 781                       # Walk the redirect chain.  Playwright returns only 
the last
 782                       # hop, so we trace the `request.redirected_from` 
links until the
 783                       # first response that differs from the final one and 
surface its 
  [skyesthelimit] FAIL https://skyesthelimitcatalog.com/shop/: Unexpected error in _crawl_web at line 778 in _crawl_web (Library/Python/3.14/lib/python/site-packages/crawl4ai/async_crawler_strategy.py):
Error: Failed on navigating ACS-GOTO:
Page.goto: Timeout 30000ms exceeded.
Call log:
  - navigating to "https://skyesthelimitcatalog.com/shop/", waiting until "domcontentloaded"


Code context:
 773                                   tag="GOTO",
 774                                   params={"url": url},
 775                               )
 776                               response = None
 777                           else:
 778 →                             raise RuntimeError(f"Failed on navigating ACS-GOTO:\n{str(e)}")
 779   
 780                       # ──────────────────────────────────────────────────────────────
 781                       # Walk the redirect chain.  Playwright returns only the last
 782                       # hop, so we trace the `request.redirected_from` links until the
 783                       # first response that differs from the final one and surface its
[FETCH]... ↓ https://cigessentials.com/collections/all                          
| ✓ | ⏱: 16.32s 
[SCRAPE].. ◆ https://cigessentials.com/collections/all                          
| ✓ | ⏱: 0.92s 
[COMPLETE] ● https://cigessentials.com/collections/all                          
| ✓ | ⏱: 17.28s 
  [cigessentials] https://cigessentials.com/collections/all → 1 products
[SCRAPE].. ◆ Some images failed to load within timeout 
[FETCH]... ↓ https://emmaspremiumservices.com/collections/food-snacks           
| ✓ | ⏱: 15.02s 
[SCRAPE].. ◆ https://emmaspremiumservices.com/collections/food-snacks           
| ✓ | ⏱: 0.57s 
[COMPLETE] ● https://emmaspremiumservices.com/collections/food-snacks           
| ✓ | ⏱: 15.64s 
  [emmaspremiumservices] https://emmaspremiumservices.com/collections/food-snacks → 0 products
[SCRAPE].. ◆ Some images failed to load within timeout 
[FETCH]... ↓ https://nysapprovedvendor.com/shop/                                
| ✓ | ⏱: 19.56s 
[SCRAPE].. ◆ https://nysapprovedvendor.com/shop/                                
| ✓ | ⏱: 0.60s 
[COMPLETE] ● https://nysapprovedvendor.com/shop/                                
| ✓ | ⏱: 20.23s 
  [nysapprovedvendor] https://nysapprovedvendor.com/shop/ → 79 products
[FETCH]... ↓ https://emmaspremiumservices.com/collections/hygiene               
| ✓ | ⏱: 9.44s 
[SCRAPE].. ◆ https://emmaspremiumservices.com/collections/hygiene               
| ✓ | ⏱: 0.42s 
[COMPLETE] ● https://emmaspremiumservices.com/collections/hygiene               
| ✓ | ⏱: 9.90s 
  [emmaspremiumservices] https://emmaspremiumservices.com/collections/hygiene → 0 products
[FETCH]... ↓ https://emmaspremiumservices.com/collections/clothing              
| ✓ | ⏱: 12.17s 
[SCRAPE].. ◆ https://emmaspremiumservices.com/collections/clothing              
| ✓ | ⏱: 0.73s 
[COMPLETE] ● https://emmaspremiumservices.com/collections/clothing              
| ✓ | ⏱: 13.03s 
  [emmaspremiumservices] https://emmaspremiumservices.com/collections/clothing → 2 products
[FETCH]... ↓ https://emmaspremiumservices.com/collections/electronics           
| ✓ | ⏱: 12.43s 
[SCRAPE].. ◆ https://emmaspremiumservices.com/collections/electronics           
| ✓ | ⏱: 1.11s 
[COMPLETE] ● https://emmaspremiumservices.com/collections/electronics           
| ✓ | ⏱: 13.96s 
  [emmaspremiumservices] https://emmaspremiumservices.com/collections/electronics → 2 products

Compliance check: ['DOCCS mail/packages page content changed — review immediately', 'Disapproved vendor list — no changes detected']
New compliant products found: 0

Report saved to: /Users/markususche/Desktop/Vender Resale/research/2026-09-04-daily-report.md
Latest report: /Users/markususche/Desktop/Vender Resale/research/latest-report.md

*** COMPLIANCE CHANGES DETECTED — CHECK IMMEDIATELY ***

============================================================
Vender Resale — Nightly Research — 2026-09-05 02:00
============================================================


[2026-09-05 02:00] Scraping 5 competitor sites...
[FETCH]... ↓ https://plugforinmates.com/collections/all                         
| ✓ | ⏱: 5.20s 
[SCRAPE].. ◆ https://plugforinmates.com/collections/all                         
| ✓ | ⏱: 0.00s 
[COMPLETE] ● https://plugforinmates.com/collections/all                         
| ✓ | ⏱: 5.23s 
  [plugforinmates] https://plugforinmates.com/collections/all → 0 products
[SCRAPE].. ◆ Some images failed to load within timeout 
[SCRAPE].. ◆ Some images failed to load within timeout 
[FETCH]... ↓ https://skyesthelimitcatalog.com/                                  
| ✓ | ⏱: 11.09s 
[SCRAPE].. ◆ https://skyesthelimitcatalog.com/                                  
| ✓ | ⏱: 0.16s 
[COMPLETE] ● https://skyesthelimitcatalog.com/                                  
| ✓ | ⏱: 11.29s 
  [skyesthelimit] https://skyesthelimitcatalog.com/ → 2 products
[SCRAPE].. ◆ Some images failed to load within timeout 
[FETCH]... ↓ https://cigessentials.com/                                         
| ✓ | ⏱: 13.37s 
[SCRAPE].. ◆ https://cigessentials.com/                                         
| ✓ | ⏱: 0.46s 
[COMPLETE] ● https://cigessentials.com/                                         
| ✓ | ⏱: 13.86s 
  [cigessentials] https://cigessentials.com/ → 16 products
[FETCH]... ↓ https://skyesthelimitcatalog.com/shop/                             
| ✓ | ⏱: 3.11s 
[SCRAPE].. ◆ https://skyesthelimitcatalog.com/shop/                             
| ✓ | ⏱: 0.00s 
[COMPLETE] ● https://skyesthelimitcatalog.com/shop/                             
| ✓ | ⏱: 3.13s 
  [skyesthelimit] https://skyesthelimitcatalog.com/shop/ → 0 products
[FETCH]... ↓ https://plugforinmates.com/                                        
| ✓ | ⏱: 9.23s 
[SCRAPE].. ◆ https://plugforinmates.com/                                        
| ✓ | ⏱: 0.08s 
[COMPLETE] ● https://plugforinmates.com/                                        
| ✓ | ⏱: 9.34s 
  [plugforinmates] https://plugforinmates.com/ → 9 products
[FETCH]... ↓ https://emmaspremiumservices.com/collections/all                   
| ✓ | ⏱: 17.15s 
[SCRAPE].. ◆ https://emmaspremiumservices.com/collections/all                   
| ✓ | ⏱: 0.44s 
[COMPLETE] ● https://emmaspremiumservices.com/collections/all                   
| ✓ | ⏱: 17.63s 
  [emmaspremiumservices] https://emmaspremiumservices.com/collections/all → 2 products
[FETCH]... ↓ https://cigessentials.com/collections/all                          
| ✓ | ⏱: 5.84s 
[SCRAPE].. ◆ https://cigessentials.com/collections/all                          
| ✓ | ⏱: 0.17s 
[COMPLETE] ● https://cigessentials.com/collections/all                          
| ✓ | ⏱: 6.04s 
  [cigessentials] https://cigessentials.com/collections/all → 1 products
[FETCH]... ↓ https://nysapprovedvendor.com/                                     
| ✓ | ⏱: 19.91s 
[SCRAPE].. ◆ https://nysapprovedvendor.com/                                     
| ✓ | ⏱: 0.45s 
[COMPLETE] ● https://nysapprovedvendor.com/                                     
| ✓ | ⏱: 20.40s 
  [nysapprovedvendor] https://nysapprovedvendor.com/ → 79 products
[SCRAPE].. ◆ Some images failed to load within timeout 
[FETCH]... ↓ https://emmaspremiumservices.com/collections/food-snacks           
| ✓ | ⏱: 5.89s 
[SCRAPE].. ◆ https://emmaspremiumservices.com/collections/food-snacks           
| ✓ | ⏱: 0.16s 
[COMPLETE] ● https://emmaspremiumservices.com/collections/food-snacks           
| ✓ | ⏱: 6.08s 
  [emmaspremiumservices] https://emmaspremiumservices.com/collections/food-snacks → 0 products
[SCRAPE].. ◆ Some images failed to load within timeout 
[SCRAPE].. ◆ Some images failed to load within timeout 
[FETCH]... ↓ https://emmaspremiumservices.com/collections/hygiene               
| ✓ | ⏱: 5.78s 
[SCRAPE].. ◆ https://emmaspremiumservices.com/collections/hygiene               
| ✓ | ⏱: 0.14s 
[COMPLETE] ● https://emmaspremiumservices.com/collections/hygiene               
| ✓ | ⏱: 5.95s 
  [emmaspremiumservices] https://emmaspremiumservices.com/collections/hygiene → 0 products
[FETCH]... ↓ https://nysapprovedvendor.com/shop/                                
| ✓ | ⏱: 10.99s 
[SCRAPE].. ◆ https://nysapprovedvendor.com/shop/                                
| ✓ | ⏱: 0.42s 
[COMPLETE] ● https://nysapprovedvendor.com/shop/                                
| ✓ | ⏱: 11.46s 
  [nysapprovedvendor] https://nysapprovedvendor.com/shop/ → 79 products
[SCRAPE].. ◆ Some images failed to load within timeout 
[FETCH]... ↓ https://emmaspremiumservices.com/collections/clothing              
| ✓ | ⏱: 9.77s 
[SCRAPE].. ◆ https://emmaspremiumservices.com/collections/clothing              
| ✓ | ⏱: 0.39s 
[COMPLETE] ● https://emmaspremiumservices.com/collections/clothing              
| ✓ | ⏱: 10.19s 
  [emmaspremiumservices] https://emmaspremiumservices.com/collections/clothing → 2 products
[SCRAPE].. ◆ Some images failed to load within timeout 
[FETCH]... ↓ https://emmaspremiumservices.com/collections/electronics           
| ✓ | ⏱: 9.12s 
[SCRAPE].. ◆ https://emmaspremiumservices.com/collections/electronics           
| ✓ | ⏱: 0.30s 
[COMPLETE] ● https://emmaspremiumservices.com/collections/electronics           
| ✓ | ⏱: 9.46s 
  [emmaspremiumservices] https://emmaspremiumservices.com/collections/electronics → 2 products

Compliance check: ['No changes on DOCCS mail/packages page', 'Disapproved vendor list — no changes detected']
New compliant products found: 0

Report saved to: /Users/markususche/Desktop/Vender Resale/research/2026-09-05-daily-report.md
Latest report: /Users/markususche/Desktop/Vender Resale/research/latest-report.md

Done.
